rule,side,exit,n_is,n_oos,pf_is,pf_oos
mom_21_sft <= 6.417|force_34_sft >= 5934.621094,LONG,Ret_96,359,207,1.3657,1.6428
force_34_sft >= Close_sft|mom_21_sft <= 6.417,LONG,Ret_96,359,207,1.3675,1.6397
mom_34_sft >= 6.41|mom_89_sft <= Close_sft|roc_120_sft >= -1.008683,LONG,Ret_96,303,212,1.3083,1.4949
force_34_sft >= 5934.621094|roc_21_sft <= 0.462011,LONG,Ret_96,361,221,1.3015,1.6345
roc_89_sft <= 2.150699|cmo_24_sft >= 5.71,LONG,Ret_96,343,213,1.325,1.7014
roc_21_sft <= 0.462011|rsi_8_sft >= 61.997915,LONG,Ret_96,336,213,1.3653,1.5302
force_34_sft >= 7.18|mom_21_sft <= 6.417,LONG,Ret_96,359,207,1.3685,1.6397
roc_89_sft <= 2.150699|force_34_sft >= -7.22|mfi_21_sft >= 40.662081,LONG,Ret_96,359,223,1.3203,1.5706
force_34_sft >= 860495.4375|roc_89_sft >= -4.47|mom_55_sft <= 9.28,LONG,Ret_72,288,180,1.429,1.7471
mom_120_sft <= 17.629001|cmo_89_sft >= -1.35|force_120_sft >= Close_sft,LONG,Ret_96,267,124,1.4812,2.0441
rsi_8_sft >= 29.771312|roc_8_sft >= 0.251397|force_34_sft >= Close_sft,LONG,Ret_96,349,227,1.3384,1.5917
cmo_21_sft >= -3.32|force_24_sft >= -2.56|rsi_13_sft <= 59.544155,LONG,Ret_96,367,230,1.297,1.4427
force_8_sft >= Close_sft|roc_8_sft <= 0.007914|roc_5_sft >= -0.395822,LONG,Ret_96,369,229,1.2888,1.5346
force_34_sft >= Close_sft|mfi_89_sft >= 41.208059,LONG,Ret_96,369,236,1.2517,1.4265
force_34_sft >= Close_sft|force_34_sft >= -2342065.75|roc_21_sft <= 0.462011,LONG,Ret_96,361,221,1.2986,1.6316
force_34_sft >= -2342065.75|force_34_sft >= 8.11|roc_8_sft >= 0.251397,LONG,Ret_96,349,227,1.339,1.5917
roc_21_sft <= 0.462011|force_34_sft >= Close_sft|roc_34_sft <= 1.253321,LONG,Ret_96,357,215,1.28,1.6672
roc_21_sft <= 0.462011|force_34_sft >= 5.63,LONG,Ret_96,361,221,1.2994,1.6191
rsi_5_sft >= 50.52813|force_5_sft >= 18865.238281|roc_89_sft >= 0.092346,LONG,Ret_96,314,210,1.2725,1.6383
rsi_21_sft >= 9.98|rsi_8_sft >= 61.997915|mfi_120_sft <= 55.01005,LONG,Ret_96,313,186,1.3379,1.5421
mfi_120_sft <= 55.01005|force_5_sft >= 1261102.5|roc_34_sft <= Close_sft,LONG,Ret_96,334,212,1.2755,1.629
force_48_sft >= Close_sft|mfi_89_sft >= 41.208059|roc_120_sft <= 2.482338,LONG,Ret_96,343,204,1.3018,1.5478
force_34_sft >= -3.47|mom_48_sft <= 22.0144|mfi_120_sft >= 42.367754,LONG,Ret_96,359,217,1.2585,1.4836
mom_89_sft <= 29.907|mfi_5_sft >= 30.978184|force_48_sft >= Close_sft,LONG,Ret_96,348,194,1.3122,1.5852
cmo_48_sft >= 0.78158|roc_21_sft <= 0.462011|roc_144_sft <= 2.706932,LONG,Ret_96,297,190,1.3658,1.4998
force_24_sft <= 945736.46875|force_48_sft >= Close_sft,LONG,Ret_96,334,199,1.2878,1.4979
force_34_sft >= 7.4|roc_89_sft <= 2.150699,LONG,Ret_96,362,223,1.2806,1.5813
cmo_8_sft >= 23.995831|mom_200_sft <= Close_sft|cmo_144_sft >= -4.860069,LONG,Ret_96,328,228,1.3117,1.4547
roc_89_sft <= 2.150699|force_34_sft >= -3.33,LONG,Ret_96,362,223,1.2806,1.5813
mom_21_sft <= 6.14|force_34_sft >= -5.8,LONG,Ret_96,357,206,1.3866,1.6531
roc_5_sft <= 8.58|cmo_8_sft >= 23.995831|rsi_144_sft >= 47.569965,LONG,Ret_96,328,228,1.3117,1.4547
cmo_5_sft >= 1.056262|mom_89_sft >= 1.27,LONG,Ret_96,313,214,1.2662,1.5014
force_34_sft >= 6.17|mfi_120_sft <= 50.774323,LONG,Ret_96,244,150,1.3746,1.8349
roc_89_sft <= 2.150699|force_34_sft >= 5934.621094,LONG,Ret_96,362,223,1.2797,1.5804
force_34_sft >= 5934.621094|force_24_sft <= 945736.46875,LONG,Ret_96,357,207,1.2794,1.8505
force_34_sft >= -2.21|force_24_sft <= 945736.46875,LONG,Ret_96,357,207,1.2762,1.8508
force_34_sft >= Close_sft|mfi_120_sft <= 50.774323,LONG,Ret_96,244,150,1.3742,1.8349
force_34_sft >= 5934.621094|cmo_200_sft <= 10.086807,LONG,Ret_96,354,210,1.2757,1.4455
force_34_sft >= 0.54|force_24_sft <= 945736.46875,LONG,Ret_96,357,207,1.2762,1.8508
force_55_sft >= 3.5|mom_144_sft >= -1.8|mfi_8_sft >= 66.559189,LONG,Ret_72,331,215,1.3229,1.6252
mfi_21_sft >= 31.999155|force_34_sft >= -2.75|mom_8_sft >= 3.486,LONG,Ret_96,347,232,1.317,1.4859
mom_34_sft >= -2.83|force_34_sft >= Close_sft|mfi_144_sft >= 6.12,LONG,Ret_96,365,233,1.2865,1.5388
force_34_sft >= -5.96|force_24_sft <= 945736.46875,LONG,Ret_96,357,207,1.2762,1.8508
roc_89_sft >= 0.092346|force_8_sft >= 13648.508789,LONG,Ret_96,314,210,1.2646,1.5597
mfi_120_sft <= 55.01005|mom_21_sft >= 0.9,LONG,Ret_96,344,209,1.3114,1.4964
force_34_sft >= Close_sft|mom_89_sft >= 5.42|mfi_34_sft >= 7.63,LONG,Ret_72,361,238,1.2857,1.571
mfi_21_sft >= -0.81|cmo_200_sft <= 10.086807|force_34_sft >= Close_sft,LONG,Ret_96,355,210,1.2644,1.4497
force_48_sft >= Close_sft|mom_48_sft <= -3.63,LONG,Ret_96,212,145,1.5776,1.659
cmo_8_sft >= 23.995831|mom_21_sft <= 7.28,LONG,Ret_96,342,194,1.2959,1.6412
rsi_24_sft <= 57.337118|force_21_sft >= -8.04|roc_21_sft <= 0.954321,LONG,Ret_96,370,229,1.2911,1.4494
force_34_sft >= Close_sft|roc_89_sft <= 2.150699|mfi_13_sft >= 27.640554,LONG,Ret_96,362,223,1.2835,1.5719
force_34_sft >= Close_sft|mfi_21_sft >= 50.517838,LONG,Ret_96,356,232,1.3126,1.5634
rsi_200_sft <= 55.043404|force_34_sft >= Close_sft|roc_200_sft >= -8.46,LONG,Ret_96,355,209,1.2644,1.4556
force_24_sft >= -3.57|mom_13_sft <= 3.15|roc_200_sft <= Close_sft,LONG,Ret_96,366,221,1.2538,1.4864
roc_48_sft <= 1.544718|mom_34_sft >= 6.31,LONG,Ret_96,320,221,1.2598,1.554
cmo_200_sft <= 10.086807|force_34_sft >= Close_sft,LONG,Ret_96,355,210,1.2644,1.4497
cmo_24_sft >= -2.46|mom_200_sft <= 43.857599|roc_89_sft >= 0.092346,LONG,Ret_96,288,148,1.3064,1.6427
mom_89_sft >= 1.65|cmo_8_sft >= 0.67,LONG,Ret_96,309,213,1.2638,1.5707
force_21_sft >= Close_sft|mom_5_sft >= -5.55|mom_89_sft >= 1.27,LONG,Ret_96,304,204,1.3,1.5388
roc_120_sft <= 2.482338|force_48_sft >= 4972.991211,LONG,Ret_96,344,204,1.2875,1.5554
mom_89_sft >= 1.27|rsi_55_sft <= 55.05838|roc_120_sft <= 1.28032,LONG,Ret_96,279,168,1.329,1.6191
force_120_sft >= -3.57|roc_55_sft >= -6.1|mom_120_sft <= 17.629001,LONG,Ret_96,284,136,1.4079,1.8299
mfi_21_sft >= 50.517838|force_34_sft >= -3.55,LONG,Ret_96,356,232,1.3119,1.5641
mom_24_sft <= 6.988|rsi_8_sft >= 61.997915|rsi_21_sft <= Close_sft,LONG,Ret_96,339,200,1.2624,1.5028
force_48_sft >= 4972.991211|cmo_8_sft >= -21.287083|mom_21_sft <= 6.417,LONG,Ret_96,344,199,1.3128,1.4052
cmo_24_sft >= 6.98|mom_5_sft >= -2.4205,LONG,Ret_96,347,219,1.2807,1.48
roc_89_sft >= 0.092346|force_13_sft >= 5.05,LONG,Ret_96,314,208,1.2525,1.5102
mom_120_sft <= 17.629001|force_120_sft >= Close_sft,LONG,Ret_96,284,136,1.407,1.8195
mfi_21_sft >= 60.614326|cmo_48_sft <= 20.35201|roc_120_sft >= 0.166461,LONG,Ret_72,297,191,1.3991,1.577
rsi_120_sft >= 47.303051|cmo_24_sft >= 9.95,LONG,Ret_96,315,210,1.3204,1.5338
mfi_200_sft <= 54.207512|force_8_sft >= Close_sft,LONG,Ret_96,346,217,1.2683,1.4055
mom_89_sft >= 1.4|force_89_sft >= -1.47,LONG,Ret_96,290,197,1.3236,1.7395
mfi_120_sft <= 50.774323|cmo_120_sft >= -0.89,LONG,Ret_96,208,136,1.4625,1.8706
mfi_144_sft >= -7.04|force_13_sft >= -3.96|roc_89_sft >= 0.092346,LONG,Ret_96,314,208,1.2525,1.5102
rsi_34_sft <= Close_sft|roc_89_sft >= 0.092346|force_13_sft >= 2.7,LONG,Ret_96,314,208,1.2525,1.5102
force_21_sft >= 9212.429688|roc_89_sft >= 0.092346,LONG,Ret_96,305,202,1.2812,1.5723
cmo_200_sft >= -8.760222|force_34_sft >= 5934.621094,LONG,Ret_96,366,239,1.2533,1.4492
roc_89_sft <= 2.150699|force_24_sft >= -4.29|cmo_200_sft >= -8.760222,LONG,Ret_96,358,228,1.3173,1.4326
mfi_5_sft >= 50.859138|force_8_sft >= 3517347.45,LONG,Ret_96,292,216,1.269,1.4382
force_21_sft <= 980778.65625|force_34_sft >= Close_sft,LONG,Ret_96,354,210,1.2827,1.5149
force_34_sft >= Close_sft|rsi_34_sft >= 39.610432|force_21_sft <= 980778.65625,LONG,Ret_96,354,210,1.2827,1.5149
cmo_24_sft >= 6.94,LONG,Ret_96,348,220,1.2779,1.4666
force_5_sft >= -3968618.75|force_13_sft <= 1072989.0|force_34_sft >= Close_sft,LONG,Ret_96,348,202,1.2852,1.5829
cmo_120_sft <= 7.034594|force_48_sft >= -798731.84375|force_8_sft <= 1168048.875,LONG,Ret_96,340,189,1.2755,1.6049
cmo_21_sft >= 9.39|rsi_34_sft >= 44.767157,LONG,Ret_96,344,219,1.2987,1.4551
cmo_200_sft >= -8.760222|force_34_sft >= -7.48,LONG,Ret_96,366,239,1.2525,1.4497
mom_34_sft <= 9.7|force_34_sft >= Close_sft,LONG,Ret_96,361,212,1.2502,1.6532
roc_48_sft >= -0.651132|roc_48_sft >= -1.387169|mom_34_sft >= 6.43,LONG,Ret_96,322,226,1.3246,1.4148
roc_89_sft >= 0.092346|force_21_sft >= Close_sft,LONG,Ret_96,305,202,1.2797,1.5723
rsi_200_sft >= 45.619888|force_34_sft >= 5.16,LONG,Ret_96,366,239,1.2525,1.4497
cmo_21_sft >= 9.38,LONG,Ret_96,344,219,1.2987,1.4551
cmo_21_sft >= 9.4,LONG,Ret_96,344,219,1.2987,1.4551
force_24_sft >= 2.53|mom_89_sft >= 1.27,LONG,Ret_96,303,202,1.271,1.6888
force_34_sft >= -2.68|roc_89_sft >= 0.092346|force_55_sft >= -765378.0,LONG,Ret_96,301,200,1.2814,1.6318
rsi_200_sft >= 45.619888|force_34_sft >= 6.51,LONG,Ret_96,366,239,1.2525,1.4497
cmo_144_sft >= -4.860069|mfi_21_sft >= 60.614326|mfi_89_sft <= 59.931632,LONG,Ret_72,355,239,1.3348,1.473
force_48_sft >= 4.84|roc_21_sft <= 0.954321,LONG,Ret_96,361,229,1.2542,1.6482
cmo_34_sft >= -10.465685|mfi_120_sft <= 50.774323,LONG,Ret_96,279,177,1.349,1.5212
roc_89_sft >= 0.092346|force_24_sft >= Close_sft|mfi_34_sft <= Close_sft,LONG,Ret_96,302,202,1.2737,1.5932
mfi_120_sft <= 55.01005|mfi_13_sft >= 63.271347,LONG,Ret_96,309,184,1.288,1.8834
roc_24_sft >= -0.949891|force_55_sft >= Close_sft|roc_89_sft >= 0.092346,LONG,Ret_96,296,199,1.3026,1.6196
rsi_5_sft >= 36.209591|rsi_48_sft >= 55.387239|roc_48_sft <= 0.772961,LONG,Ret_72,210,141,1.5349,1.8416
roc_89_sft >= 0.092346|force_48_sft >= 2.19,LONG,Ret_96,296,199,1.2909,1.7075
force_21_sft >= Close_sft|force_120_sft >= -1535445.75|rsi_48_sft >= 41.254455,LONG,Ret_96,380,241,1.2636,1.4739
roc_8_sft <= 0.007914|force_8_sft >= 9.63,LONG,Ret_96,369,229,1.2722,1.4653
mfi_120_sft <= 55.01005|roc_89_sft >= 0.092346|cmo_24_sft >= -12.308913,LONG,Ret_96,277,174,1.2924,1.5913
force_55_sft >= -765378.0|rsi_8_sft >= 61.997915,LONG,Ret_96,354,231,1.2963,1.4027
force_48_sft >= 4972.991211|roc_89_sft >= 0.092346,LONG,Ret_96,296,199,1.2909,1.7075
mom_21_sft <= 6.417|force_48_sft >= Close_sft,LONG,Ret_96,344,199,1.3071,1.4002
mom_34_sft >= 5.57|mfi_144_sft <= 54.681004,LONG,Ret_96,284,185,1.3368,1.487
rsi_34_sft >= 44.767157|mfi_120_sft <= 50.774323|rsi_200_sft <= 55.043404,LONG,Ret_96,278,173,1.3582,1.5149
force_34_sft >= 1.92|mom_89_sft >= 1.27,LONG,Ret_96,301,201,1.2746,1.6908
mfi_89_sft <= 59.931632|roc_34_sft >= -1.148594|rsi_5_sft >= 77.301424,LONG,Ret_96,316,198,1.2905,1.7056
mom_55_sft <= Close_sft|mom_89_sft >= 1.27|force_34_sft >= -3.85,LONG,Ret_96,301,201,1.2746,1.6908
force_34_sft >= Close_sft|mom_89_sft >= 1.27,LONG,Ret_96,301,201,1.2739,1.6908
mom_89_sft >= 1.27|force_21_sft >= 9212.429688,LONG,Ret_96,305,204,1.2714,1.5841
mfi_89_sft <= 59.931632|rsi_89_sft >= 43.480112|force_24_sft >= Close_sft,LONG,Ret_96,370,235,1.2819,1.4066
force_55_sft >= -765378.0|cmo_8_sft >= 23.995831,LONG,Ret_96,354,231,1.2963,1.4027
mom_89_sft >= 1.27|roc_8_sft >= -9.37|force_21_sft >= 9212.429688,LONG,Ret_96,305,204,1.2714,1.5841
mom_89_sft >= 1.27|mfi_120_sft <= 50.774323,LONG,Ret_72,239,153,1.3814,1.7706
force_34_sft >= 4.24|mom_89_sft >= 1.27,LONG,Ret_96,301,201,1.2746,1.6908
force_55_sft >= -765378.0|cmo_5_sft <= -6.56|cmo_21_sft <= Close_sft,LONG,Ret_96,368,221,1.2815,1.4784
mfi_8_sft >= 66.559189|force_8_sft >= 3517347.45|cmo_8_sft >= 5.6,LONG,Ret_96,265,199,1.3015,1.4429
cmo_48_sft >= -6.02|mom_120_sft <= 17.629001,LONG,Ret_96,339,186,1.2593,1.4279
rsi_120_sft >= 47.303051|rsi_5_sft >= 77.301424,LONG,Ret_96,304,206,1.3036,1.5696
roc_89_sft >= 0.092346|roc_8_sft <= 0.251397|force_55_sft >= -765378.0,LONG,Ret_96,310,193,1.2636,1.4666
cmo_120_sft >= -5.393899|rsi_5_sft >= 77.301424,LONG,Ret_96,304,206,1.3036,1.5696
mom_34_sft >= 0.497|force_8_sft >= 3517347.45,LONG,Ret_96,260,201,1.3134,1.4998
roc_89_sft <= 2.13|force_89_sft >= -3.49,LONG,Ret_96,326,198,1.3173,1.7462
roc_13_sft >= -0.675512|force_48_sft >= 4972.991211|mom_89_sft >= 1.27,LONG,Ret_96,296,201,1.2861,1.6647
rsi_120_sft >= 8.18|force_48_sft >= Close_sft|mom_89_sft <= 29.907,LONG,Ret_96,352,199,1.3004,1.4991
mom_89_sft >= 5.03|force_34_sft >= 7.67,LONG,Ret_72,364,239,1.2586,1.5813
mom_89_sft >= 1.27|force_24_sft >= Close_sft,LONG,Ret_96,302,202,1.264,1.6883
roc_89_sft >= 0.092346|mfi_120_sft <= 55.01005|rsi_5_sft >= 24.164919,LONG,Ret_96,286,178,1.2964,1.468
mom_89_sft >= 1.27|force_24_sft >= Close_sft|roc_120_sft <= 2.482338,LONG,Ret_96,283,178,1.3509,2.0324
force_55_sft >= Close_sft|roc_89_sft >= 0.092346,LONG,Ret_96,296,200,1.2986,1.6108
mfi_89_sft >= 45.558933|force_8_sft >= Close_sft|roc_5_sft <= 0.409222,LONG,Ret_96,371,236,1.2635,1.5116
force_89_sft >= 7990.140625|roc_48_sft <= 1.544718,LONG,Ret_96,327,203,1.2809,1.6078
mfi_144_sft <= 50.847649|roc_120_sft >= -0.52,LONG,Ret_96,236,137,1.3478,1.9831
mfi_89_sft <= 55.650263|force_8_sft >= 3517347.45|mfi_21_sft <= 60.614326,LONG,Ret_96,214,155,1.3182,1.5153
mom_89_sft <= 29.907|force_48_sft >= 4972.991211,LONG,Ret_96,352,199,1.2982,1.4958
mfi_89_sft <= 59.931632|force_34_sft >= -2.74,LONG,Ret_96,370,232,1.2527,1.4856
force_34_sft >= -882131.46875|roc_89_sft >= 0.092346,LONG,Ret_96,323,207,1.2504,1.6902
force_34_sft >= -5.54|mfi_200_sft <= 54.207512,LONG,Ret_96,317,196,1.2703,1.606
mom_34_sft >= 4.79|mom_55_sft >= -9.552,LONG,Ret_96,341,225,1.2932,1.4147
roc_89_sft >= -2.5|force_24_sft >= 5.1,LONG,Ret_96,380,244,1.2706,1.4972
rsi_48_sft <= 60.176003|mom_55_sft >= 5.42|roc_24_sft <= 0.029852,LONG,Ret_96,255,187,1.4037,1.4458
cmo_24_sft >= 4.51|roc_13_sft <= 0.339135,LONG,Ret_96,334,211,1.2549,1.4077
force_89_sft >= 7.41|roc_89_sft <= 2.150699,LONG,Ret_96,326,198,1.312,1.7523
force_34_sft >= -7.54|mfi_200_sft <= 54.207512,LONG,Ret_96,317,196,1.2703,1.606
mfi_120_sft <= 55.01005|mom_89_sft >= 1.27,LONG,Ret_96,290,182,1.2833,1.4518
force_34_sft >= 5.31|mfi_55_sft <= 56.83432,LONG,Ret_96,355,220,1.2529,1.584
force_89_sft >= -0.04|roc_8_sft <= 7.76|roc_89_sft <= 2.150699,LONG,Ret_96,326,198,1.312,1.7523
mfi_120_sft <= 50.774323|mfi_55_sft >= 44.411974,LONG,Ret_96,284,175,1.4147,1.5214
force_34_sft >= -1.52|mfi_55_sft <= 56.83432,LONG,Ret_96,355,220,1.2529,1.584
roc_89_sft >= 0.092346|force_89_sft >= 7990.140625,LONG,Ret_96,289,197,1.3015,1.7173
force_55_sft >= 2.88|mom_89_sft >= 1.27,LONG,Ret_96,296,201,1.2917,1.6453
rsi_5_sft >= 77.301424|mfi_120_sft >= 42.367754,LONG,Ret_96,325,212,1.3423,1.5685
roc_21_sft <= 0.954321|force_5_sft >= Close_sft|roc_89_sft >= 0.092346,LONG,Ret_96,311,204,1.2501,1.5504
mfi_55_sft <= 56.83432|force_34_sft >= 3.25,LONG,Ret_96,355,220,1.2529,1.584
force_48_sft >= 9.81|mom_21_sft <= 6.59|mfi_5_sft >= 30.978184,LONG,Ret_96,339,197,1.329,1.3675
cmo_5_sft >= 54.602844|mfi_120_sft >= 42.367754,LONG,Ret_96,325,212,1.3423,1.5685
force_89_sft >= 8.28|mom_8_sft <= Close_sft|roc_144_sft <= 2.706932,LONG,Ret_96,322,187,1.3395,1.6586
force_55_sft >= 7923.229004|mom_89_sft >= 1.27,LONG,Ret_96,296,200,1.2934,1.666
force_34_sft >= Close_sft|cmo_13_sft >= 0.899098|roc_89_sft >= 0.092346,LONG,Ret_96,297,200,1.2833,1.6855
roc_89_sft >= 0.092346|force_55_sft >= 7923.229004|mom_5_sft >= -5.55,LONG,Ret_96,296,198,1.2946,1.5609
force_24_sft <= 945736.46875|cmo_24_sft >= -12.308913|force_48_sft >= Close_sft,LONG,Ret_96,334,197,1.2567,1.4991
cmo_21_sft >= 9.29,LONG,Ret_96,345,220,1.299,1.4144
mom_89_sft >= -8.58|roc_144_sft <= 1.420344,LONG,Ret_96,333,183,1.2943,1.6479
mfi_89_sft >= 50.597168|rsi_55_sft <= 55.05838|rsi_5_sft >= -9.57,LONG,Ret_96,295,192,1.2968,1.5179
roc_144_sft >= -2.339845|force_5_sft <= Close_sft|mfi_55_sft >= 56.83432,LONG,Ret_96,219,160,1.4273,1.8242
roc_5_sft <= 0.409222|cmo_8_sft >= 43.989711,LONG,Ret_96,248,158,1.5249,1.5991
cmo_21_sft >= 9.05,LONG,Ret_96,346,223,1.2914,1.3993
cmo_21_sft >= 9.34,LONG,Ret_96,345,220,1.2935,1.4115
mfi_144_sft <= 54.681004|roc_13_sft >= -4.66|force_48_sft >= Close_sft,LONG,Ret_96,316,185,1.2669,1.6875
force_34_sft >= -6.34|roc_34_sft <= 0.035466|roc_13_sft >= 0.015546,LONG,Ret_96,282,168,1.2875,1.5605
cmo_120_sft >= 0.942767|roc_144_sft <= 2.706932,LONG,Ret_96,294,190,1.3106,1.5992
cmo_144_sft <= 9.7|force_34_sft >= Close_sft,LONG,Ret_96,346,205,1.2904,1.3885
mom_55_sft <= 11.248|roc_48_sft >= -0.651132|mom_89_sft >= 1.27,LONG,Ret_96,299,177,1.2665,1.6006
force_55_sft >= -765378.0|mom_34_sft >= 5.79,LONG,Ret_96,326,225,1.3077,1.3954
mfi_120_sft <= 50.774323|mom_200_sft >= -17.6405,LONG,Ret_96,262,148,1.2825,2.012
rsi_34_sft >= 50.357002|mfi_144_sft <= 54.681004|force_200_sft <= 461822.953125,LONG,Ret_96,273,164,1.284,1.4706
roc_13_sft >= 0.339135|mfi_13_sft >= -3.59|mom_89_sft >= 5.89,LONG,Ret_72,314,235,1.2617,1.5432
cmo_21_sft >= 9.55,LONG,Ret_96,344,219,1.2765,1.4594
roc_55_sft <= 0.047226|cmo_34_sft >= 2.43,LONG,Ret_96,256,162,1.3199,1.5027
rsi_200_sft <= Close_sft|mfi_55_sft >= 56.83432|force_5_sft <= 6.65,LONG,Ret_96,223,165,1.3932,1.8175
mom_89_sft >= 6.46|roc_13_sft >= 0.339135,LONG,Ret_72,311,234,1.2619,1.5432
roc_144_sft <= 1.420344|roc_89_sft >= 0.092346,LONG,Ret_96,276,164,1.3129,1.8698
force_34_sft >= Close_sft|cmo_144_sft <= Close_sft|mom_144_sft >= 0.94,LONG,Ret_96,289,188,1.2601,1.7185
force_34_sft >= -0.77|roc_8_sft >= 0.251397|mfi_48_sft <= 63.139385,LONG,Ret_96,340,222,1.2842,1.633
cmo_21_sft >= 9.11|mfi_13_sft <= Close_sft,LONG,Ret_96,345,223,1.3033,1.3807
rsi_55_sft >= 50.420631|rsi_13_sft >= 59.544155,LONG,Ret_96,305,206,1.3062,1.6186
mom_144_sft <= Close_sft|mom_34_sft >= 6.57,LONG,Ret_96,325,232,1.3086,1.3607
mfi_24_sft >= 50.55991|rsi_24_sft >= 50.393036,LONG,Ret_96,360,233,1.2657,1.4828
mom_34_sft >= 6.14|cmo_48_sft >= -17.491088|mom_5_sft >= -2.4205,LONG,Ret_96,325,229,1.2679,1.3798
rsi_21_sft >= 50.411991|roc_13_sft <= -0.05,LONG,Ret_72,347,234,1.2585,1.4333
mom_34_sft >= 6.25|mom_34_sft >= -15.832,LONG,Ret_96,327,233,1.3225,1.3539
force_89_sft >= 7990.140625|force_120_sft <= 1342171.725|mom_5_sft >= -2.4205,LONG,Ret_96,320,195,1.2714,1.6044
force_24_sft >= -2.77|cmo_200_sft >= -8.760222,LONG,Ret_96,373,243,1.2669,1.3566
force_24_sft >= 6.84|rsi_200_sft >= 45.619888,LONG,Ret_96,373,243,1.2669,1.3566
mom_5_sft >= 0.071|mfi_24_sft <= 68.029807|force_8_sft >= 3517347.45,LONG,Ret_96,285,207,1.2554,1.4317
mom_34_sft >= 6.41|rsi_21_sft <= Close_sft,LONG,Ret_96,326,232,1.3355,1.3429
cmo_24_sft >= 7.87|rsi_200_sft >= 45.619888,LONG,Ret_96,341,218,1.2841,1.4589
mfi_120_sft <= 55.01005|roc_24_sft >= 0.029852,LONG,Ret_96,340,209,1.2646,1.4603
mom_34_sft >= 6.48,LONG,Ret_96,326,232,1.3226,1.345
cmo_5_sft >= 54.602844|rsi_200_sft >= 47.95405,LONG,Ret_96,297,203,1.3207,1.5574
mom_120_sft <= Close_sft|roc_8_sft <= 6.37|mom_34_sft >= 6.45,LONG,Ret_96,326,232,1.3159,1.345
mom_120_sft <= 34.8406|rsi_34_sft >= 50.357002|roc_13_sft <= 0.339135,LONG,Ret_96,320,174,1.421,1.4059
mom_34_sft >= 6.54,LONG,Ret_96,325,232,1.3145,1.3483
mom_34_sft >= 6.36,LONG,Ret_96,327,233,1.3317,1.3442
roc_120_sft <= 1.28032|force_120_sft >= Close_sft,LONG,Ret_96,280,156,1.3416,1.7162
force_21_sft >= -9.69|cmo_89_sft >= -13.039774|roc_144_sft <= 2.706932,LONG,Ret_96,361,223,1.2545,1.4457
cmo_89_sft <= 15.10026|mfi_89_sft <= 50.597168|mom_48_sft >= 5.26,LONG,Ret_96,213,151,1.3333,1.5962
mom_34_sft >= 6.55,LONG,Ret_96,325,232,1.3081,1.3483
roc_8_sft <= Close_sft|mom_34_sft >= 6.28,LONG,Ret_96,327,233,1.3287,1.3439
mom_34_sft >= 6.28,LONG,Ret_96,327,233,1.3287,1.3439
rsi_200_sft >= 47.95405|mfi_144_sft <= Close_sft|cmo_5_sft >= 54.602844,LONG,Ret_96,297,203,1.3207,1.5574
roc_5_sft <= 0.189689|force_34_sft >= 5934.621094,LONG,Ret_96,360,225,1.26,1.5674
mom_34_sft >= 6.4,LONG,Ret_96,327,233,1.3246,1.3443
rsi_13_sft >= 7.32|mom_34_sft >= 6.27,LONG,Ret_96,327,233,1.327,1.3439
roc_21_sft <= 0.462011|force_24_sft >= 945736.46875,LONG,Ret_96,262,193,1.3012,1.4396
force_13_sft >= Close_sft|rsi_34_sft >= 50.357002|force_5_sft <= Close_sft,LONG,Ret_72,343,225,1.2743,1.5578
force_55_sft >= Close_sft|force_8_sft <= 1168048.875,LONG,Ret_96,330,204,1.3123,1.5003
mfi_13_sft >= 27.640554|mom_24_sft >= 0.409|mfi_120_sft <= 55.01005,LONG,Ret_96,338,210,1.2821,1.4256
force_55_sft >= -1.43|force_8_sft <= 1168048.875,LONG,Ret_96,330,204,1.3137,1.4998
cmo_24_sft >= 7.08|mom_24_sft >= -6.38,LONG,Ret_96,348,220,1.2554,1.4693
force_24_sft >= 945736.46875|mom_13_sft <= 6.74,LONG,Ret_96,302,191,1.2979,1.5737
cmo_21_sft >= 8.96,LONG,Ret_96,346,224,1.2803,1.3686
mom_120_sft <= 17.629001|force_48_sft >= Close_sft,LONG,Ret_96,308,154,1.2816,1.6063
cmo_21_sft >= 9.23,LONG,Ret_96,345,222,1.2969,1.3813
force_89_sft >= Close_sft|mfi_21_sft <= Close_sft|roc_144_sft <= 2.706932,LONG,Ret_96,322,187,1.3277,1.6586
mom_34_sft >= 6.46|force_144_sft >= -555866.96875,LONG,Ret_96,299,208,1.2515,1.4741
cmo_21_sft >= 9.14,LONG,Ret_96,345,223,1.2965,1.3798
cmo_21_sft >= 8.93|rsi_200_sft >= -5.18,LONG,Ret_96,346,224,1.2795,1.3686
force_48_sft >= Close_sft|mom_144_sft >= 0.16|force_55_sft >= -765378.0,LONG,Ret_72,370,233,1.257,1.5005
mom_24_sft >= 1.73|mfi_120_sft >= 42.367754|force_89_sft >= 2.23,LONG,Ret_96,312,208,1.2987,1.5128
cmo_21_sft >= 9.15,LONG,Ret_96,345,223,1.2965,1.3798
cmo_24_sft >= 7.71|cmo_55_sft >= 0.841261,LONG,Ret_96,320,213,1.2802,1.5476
cmo_21_sft >= 8.9,LONG,Ret_96,346,224,1.2804,1.3671
mom_34_sft >= 6.65,LONG,Ret_96,323,232,1.3047,1.3601
cmo_5_sft >= 54.602844|cmo_55_sft >= -8.88,LONG,Ret_96,324,213,1.3092,1.5051
rsi_8_sft <= Close_sft|cmo_21_sft >= 8.89,LONG,Ret_96,346,224,1.2815,1.3671
force_200_sft >= Close_sft|cmo_48_sft <= 10.774477|mom_21_sft <= 6.417,LONG,Ret_96,257,147,1.3399,1.4903
cmo_21_sft >= 8.89,LONG,Ret_96,346,224,1.2815,1.3671
mom_24_sft >= 1.9|mfi_5_sft >= 86.041183,LONG,Ret_96,296,203,1.3017,1.5249
cmo_200_sft >= -8.760222|force_21_sft >= 980778.65625|mom_89_sft >= -8.42,LONG,Ret_96,299,196,1.2508,1.6021
force_48_sft <= 2052419.025|rsi_5_sft >= 77.301424|mom_24_sft <= 6.988,LONG,Ret_96,267,132,1.3778,1.551
mom_34_sft >= 6.7,LONG,Ret_96,323,232,1.3066,1.3584
cmo_200_sft <= Close_sft|force_5_sft <= -6.62|force_48_sft >= Close_sft,LONG,Ret_96,316,201,1.3482,1.573
roc_5_sft >= 0.409222|mom_34_sft >= 0.497,LONG,Ret_96,285,206,1.2966,1.5186
mom_34_sft >= 5.36|roc_89_sft <= 2.150699,LONG,Ret_96,329,225,1.2897,1.3856
force_48_sft >= 4972.991211|mom_89_sft <= 29.907|mom_55_sft >= -9.552,LONG,Ret_96,349,191,1.2543,1.5928
mfi_120_sft <= 55.01005|mom_89_sft >= -25.543999|cmo_5_sft >= 30.548246,LONG,Ret_96,318,181,1.2796,1.6795
mom_89_sft >= 1.27|force_89_sft >= -647329.84375|roc_13_sft <= 0.339135,LONG,Ret_96,304,194,1.2921,1.3865
roc_5_sft <= 0.189689|force_34_sft >= Close_sft,LONG,Ret_96,361,225,1.2533,1.5945
force_34_sft >= -5.09|roc_5_sft <= 0.189689,LONG,Ret_96,361,225,1.2533,1.5816
force_5_sft <= -8.53|force_48_sft >= Close_sft,LONG,Ret_96,316,201,1.3482,1.573
mfi_34_sft >= 50.579842|rsi_5_sft >= 77.301424,LONG,Ret_96,293,197,1.3118,1.6142
roc_8_sft <= Close_sft|mfi_120_sft <= 50.774323|cmo_200_sft >= -4.0919,LONG,Ret_96,258,174,1.2991,1.4501
force_34_sft >= 4.44|roc_5_sft <= 0.189689,LONG,Ret_96,361,225,1.2533,1.5816
roc_5_sft <= 0.189689|rsi_5_sft <= 65.274124|force_48_sft >= 0.9,LONG,Ret_96,339,213,1.289,1.6074
force_48_sft <= 774649.90625|cmo_5_sft >= 54.602844,LONG,Ret_96,250,145,1.453,1.6913
cmo_5_sft >= 54.602844|rsi_21_sft >= 1.05|force_48_sft <= 774649.90625,LONG,Ret_96,250,145,1.453,1.6913
force_5_sft <= 6.3|force_48_sft >= -4.19,LONG,Ret_96,316,201,1.3498,1.573
force_21_sft <= 980778.65625|mom_34_sft >= 0.3|force_55_sft >= -9.31,LONG,Ret_96,309,185,1.2862,1.6125
cmo_5_sft >= 54.602844|force_200_sft <= 461822.953125,LONG,Ret_96,257,152,1.3794,1.6579
force_48_sft <= 774649.90625|rsi_5_sft >= 77.301424,LONG,Ret_96,250,145,1.453,1.6913
force_5_sft <= Close_sft|force_48_sft >= -0.58,LONG,Ret_96,316,201,1.3481,1.5739
force_48_sft >= 4972.991211|mfi_144_sft <= 54.681004,LONG,Ret_96,315,185,1.2552,1.6834
force_5_sft <= Close_sft|force_48_sft >= 9.32,LONG,Ret_96,316,201,1.3481,1.5739
force_89_sft >= Close_sft|force_21_sft <= 980778.65625|force_8_sft <= 1168048.875,LONG,Ret_96,286,182,1.3338,1.5718
force_48_sft >= Close_sft|force_5_sft <= Close_sft|mom_34_sft <= Close_sft,LONG,Ret_96,316,201,1.3465,1.5739
mfi_5_sft >= 86.041183|mom_21_sft >= 0.33,LONG,Ret_96,319,207,1.3214,1.5819
rsi_200_sft <= 55.043404|force_55_sft >= 7923.229004|mom_5_sft <= 4.7,LONG,Ret_96,331,187,1.2623,1.5434
cmo_200_sft >= -4.0919|rsi_8_sft >= 61.997915,LONG,Ret_96,323,227,1.2565,1.424
cmo_21_sft >= 9.45|rsi_48_sft >= 45.592133,LONG,Ret_96,344,219,1.2671,1.4551
cmo_5_sft >= 54.602844|cmo_8_sft <= 43.989711|cmo_200_sft <= 10.086807,LONG,Ret_96,238,144,1.3897,1.5566
force_120_sft >= -1535445.75|mfi_120_sft <= 50.774323,LONG,Ret_96,297,172,1.2851,1.6564
mfi_5_sft >= 86.041183|mfi_24_sft >= 50.55991|force_24_sft >= -965932.75,LONG,Ret_72,391,259,1.2572,1.5105
rsi_89_sft >= 43.480112|roc_24_sft >= -0.448428|force_21_sft >= Close_sft,LONG,Ret_96,379,246,1.3105,1.3805
cmo_8_sft >= 23.995831|cmo_200_sft >= -4.0919|cmo_89_sft <= Close_sft,LONG,Ret_96,323,227,1.2565,1.424
rsi_24_sft <= Close_sft|roc_48_sft >= 0.772961|mom_13_sft <= 4.707,LONG,Ret_72,288,207,1.2687,1.4565
mfi_89_sft <= 55.650263|force_24_sft >= 8057.183594,LONG,Ret_96,341,208,1.2626,1.5736
rsi_120_sft <= Close_sft|cmo_5_sft <= 30.548246|force_21_sft >= 980778.65625,LONG,Ret_96,272,202,1.2918,1.4528
roc_120_sft >= -1.008683|mfi_89_sft <= 50.597168,LONG,Ret_96,290,173,1.2531,1.5791
mfi_21_sft <= 60.614326|rsi_48_sft >= 45.592133|mfi_120_sft <= 50.774323,LONG,Ret_96,267,172,1.3278,1.4704
mom_34_sft >= 6.82,LONG,Ret_96,322,231,1.2726,1.3814
mom_34_sft >= 6.82|mfi_89_sft <= Close_sft,LONG,Ret_96,322,231,1.2726,1.3814
mom_144_sft >= -5.3|rsi_55_sft >= 9.69|mfi_21_sft >= 60.614326,LONG,Ret_72,348,225,1.2613,1.3832
cmo_120_sft >= -5.45|mom_48_sft <= -8.8005,LONG,Ret_96,204,168,1.3191,1.5206
force_8_sft >= 3517347.45|mfi_24_sft >= 50.55991,LONG,Ret_96,267,202,1.2868,1.3989
roc_144_sft >= 0.189912|cmo_5_sft >= 54.602844,LONG,Ret_72,287,199,1.2872,1.4428
force_48_sft >= 6.15|mom_120_sft <= 17.629001,LONG,Ret_96,308,156,1.2812,1.4832
rsi_5_sft <= 65.274124|roc_55_sft <= Close_sft|force_21_sft >= 980778.65625,LONG,Ret_96,272,202,1.2918,1.4528
mfi_120_sft <= 50.774323|cmo_24_sft >= -12.308913,LONG,Ret_96,286,177,1.2851,1.5747
mfi_120_sft <= 55.01005|force_21_sft >= 9212.429688,LONG,Ret_96,341,201,1.2653,1.4261
force_8_sft >= 3517347.45|force_144_sft >= -555866.96875|mfi_13_sft >= 38.218019,LONG,Ret_96,266,190,1.2601,1.5503
mom_24_sft >= 0.409|cmo_48_sft <= 10.774477|cmo_5_sft >= 54.602844,LONG,Ret_96,232,139,1.4196,1.6781
cmo_120_sft <= 7.0|force_89_sft >= Close_sft,LONG,Ret_96,288,156,1.3145,1.5626
mom_34_sft >= 6.85|mom_34_sft <= Close_sft,LONG,Ret_96,322,231,1.2723,1.3814
mom_34_sft >= 6.87,LONG,Ret_96,321,231,1.2709,1.3814
roc_120_sft <= 2.482338|force_48_sft >= 8.61,LONG,Ret_96,344,207,1.287,1.3909
mom_48_sft <= Close_sft|mom_34_sft >= 6.88,LONG,Ret_96,321,231,1.2709,1.3814
force_89_sft >= 7990.140625|roc_34_sft <= 1.253321,LONG,Ret_96,327,205,1.2501,1.4558
mom_34_sft >= 6.88,LONG,Ret_96,321,231,1.2709,1.3814
mom_200_sft >= -1.29|mfi_120_sft <= 50.774323,LONG,Ret_96,210,127,1.3507,2.0322
cmo_120_sft <= 7.034594|force_89_sft >= -3.51,LONG,Ret_96,288,157,1.33,1.5234
mom_89_sft >= 1.27|mom_120_sft <= 17.629001,LONG,Ret_96,292,158,1.2806,1.8442
roc_21_sft <= Close_sft|mom_34_sft >= 6.07,LONG,Ret_96,329,233,1.2701,1.3526
mom_34_sft >= 6.04,LONG,Ret_96,329,233,1.272,1.3498
rsi_5_sft >= 77.301424|cmo_55_sft >= -8.218787,LONG,Ret_96,323,213,1.2996,1.5065
mfi_5_sft >= 86.041183|mom_24_sft >= -1.88,LONG,Ret_96,325,208,1.3014,1.4883
cmo_144_sft >= -1.6|cmo_8_sft >= 23.995831,LONG,Ret_96,302,214,1.252,1.4116
mom_34_sft >= 6.98,LONG,Ret_96,320,231,1.2503,1.3814
force_8_sft >= 3517347.45|mom_48_sft >= -5.41,LONG,Ret_96,273,205,1.2869,1.4049
rsi_34_sft <= 61.891071|mfi_5_sft >= 86.041183|force_89_sft >= Close_sft,LONG,Ret_72,302,201,1.3974,1.4604
mfi_120_sft <= 50.774323|cmo_5_sft >= -6.08,LONG,Ret_96,281,184,1.2974,1.5821
mfi_55_sft <= 50.516251|force_34_sft >= 0.24,LONG,Ret_96,287,173,1.2761,1.5267
cmo_89_sft <= Close_sft|mom_34_sft >= 6.92,LONG,Ret_96,321,231,1.2625,1.3814
mom_34_sft >= 6.92|roc_144_sft <= Close_sft,LONG,Ret_96,321,231,1.2625,1.3814
roc_13_sft >= 0.015546|mom_5_sft <= -2.4205|cmo_24_sft >= -9.88,LONG,Ret_96,292,220,1.2568,1.4721
mom_24_sft >= 0.409|cmo_5_sft <= -5.46,LONG,Ret_96,354,232,1.2603,1.432
cmo_24_sft >= 7.34|rsi_200_sft >= 45.619888|cmo_48_sft >= -17.491088,LONG,Ret_96,343,220,1.2511,1.4339
force_34_sft >= Close_sft|mfi_55_sft <= 50.516251,LONG,Ret_96,287,173,1.2766,1.5267
rsi_5_sft >= 77.301424|mom_144_sft >= -4.3|roc_48_sft <= 1.544718,LONG,Ret_96,249,153,1.3411,1.464
mom_144_sft >= -4.05|mfi_21_sft >= 60.614326,LONG,Ret_72,345,224,1.2839,1.3597
mfi_89_sft <= 59.931632|cmo_5_sft >= 54.602844,LONG,Ret_96,319,201,1.2634,1.7289
force_34_sft >= 5934.621094|mfi_89_sft <= 50.597168,LONG,Ret_96,273,166,1.2505,1.6484
roc_34_sft <= 0.035466|mfi_200_sft <= 54.207512|mfi_55_sft >= 50.516251,LONG,Ret_96,235,149,1.3649,1.608
mfi_55_sft <= 50.516251|force_34_sft >= 5934.621094,LONG,Ret_96,287,173,1.2748,1.5321
force_48_sft >= 4972.991211|mom_144_sft <= 36.734401,LONG,Ret_96,342,180,1.2641,1.4352
roc_48_sft <= 0.040634|rsi_5_sft >= 77.301424,LONG,Ret_96,217,132,1.391,1.5756
roc_13_sft <= 0.719682|force_89_sft >= 7990.140625,LONG,Ret_96,322,204,1.2597,1.5585
cmo_5_sft >= 54.602844|rsi_89_sft >= 46.818644,LONG,Ret_96,313,209,1.2918,1.5414
rsi_144_sft >= 47.569965|force_21_sft >= 9212.429688|roc_89_sft <= 2.150699,LONG,Ret_96,334,219,1.2504,1.5851
mfi_89_sft <= 59.931632|rsi_5_sft >= 77.301424,LONG,Ret_96,319,201,1.2634,1.7289
force_48_sft >= 4972.991211|roc_48_sft <= -0.12|cmo_5_sft >= 1.056262,LONG,Ret_96,231,141,1.3609,1.6643
cmo_5_sft >= 54.602844|cmo_89_sft >= -6.362713,LONG,Ret_96,313,209,1.2918,1.5414
rsi_5_sft >= 77.301424|rsi_89_sft >= 46.818644,LONG,Ret_96,313,209,1.2918,1.5414
cmo_5_sft >= 54.602844|rsi_55_sft >= 50.420631|cmo_48_sft >= -0.93,LONG,Ret_96,289,197,1.2754,1.4693
roc_89_sft >= -0.891893|roc_144_sft >= 0.189912|force_55_sft >= 7923.229004,LONG,Ret_96,273,176,1.2535,1.6708
mom_5_sft <= Close_sft|force_48_sft >= 3.99|mom_89_sft <= 29.907,LONG,Ret_96,352,201,1.3,1.3951
mom_34_sft >= 6.77,LONG,Ret_96,322,232,1.2746,1.3606
roc_21_sft <= 1.02|mom_55_sft >= 11.248|roc_120_sft <= 2.482338,LONG,Ret_72,263,220,1.3674,1.5084
mom_200_sft >= -2.65|mfi_120_sft <= 50.774323|mfi_144_sft <= 57.973013,LONG,Ret_96,213,129,1.3575,2.0341
cmo_8_sft <= 6.4|force_24_sft >= 8057.183594,LONG,Ret_96,329,205,1.2781,1.4665
mfi_21_sft >= 50.517838|force_8_sft >= 3517347.45,LONG,Ret_96,274,207,1.3145,1.369
mom_8_sft <= -3.16|rsi_34_sft >= 44.767157|mfi_144_sft <= 50.847649,LONG,Ret_72,254,166,1.3754,1.5233
roc_89_sft >= 0.092346|rsi_89_sft <= Close_sft|mom_120_sft <= 17.629001,LONG,Ret_96,292,155,1.2664,1.9333
mom_120_sft <= 17.629001|roc_89_sft >= 0.092346,LONG,Ret_96,292,155,1.2664,1.9333
mfi_89_sft >= 45.558933|mfi_120_sft <= 50.774323|mfi_89_sft <= Close_sft,LONG,Ret_96,281,180,1.2755,1.9536
roc_89_sft <= 2.150699|force_8_sft >= 3517347.45|mfi_200_sft <= 56.934808,LONG,Ret_96,268,187,1.2591,1.4718
force_55_sft >= Close_sft|mom_89_sft >= 2.22,LONG,Ret_96,293,199,1.2619,1.6856
rsi_21_sft >= 36.889128|roc_13_sft >= 0.339135|mfi_120_sft <= 55.01005,LONG,Ret_96,311,201,1.2649,1.4842
mom_120_sft <= 17.629001|force_144_sft >= 7.65,LONG,Ret_96,274,129,1.3466,1.7357
mom_8_sft >= 0.109|cmo_21_sft >= 9.12|roc_8_sft >= -0.230232,LONG,Ret_96,341,221,1.2526,1.5521
roc_13_sft <= 0.015546|mfi_120_sft <= 50.774323,LONG,Ret_96,304,185,1.2589,1.5488
mfi_5_sft <= Close_sft|mfi_120_sft <= 50.774323|roc_13_sft <= 0.015546,LONG,Ret_96,304,185,1.2589,1.5488
force_55_sft >= Close_sft|force_21_sft <= 980778.65625|rsi_13_sft <= Close_sft,LONG,Ret_96,322,196,1.252,1.5346
force_48_sft >= 5.5|mom_144_sft <= 36.734401|rsi_55_sft >= 41.795971,LONG,Ret_96,342,181,1.2677,1.4125
force_89_sft >= Close_sft|cmo_120_sft <= 7.034594,LONG,Ret_96,288,157,1.3162,1.5212
cmo_48_sft >= 0.78158|roc_21_sft <= 0.954321|mom_8_sft <= 0.109,LONG,Ret_96,285,192,1.286,1.7319
cmo_21_sft >= 8.65,LONG,Ret_96,348,224,1.2692,1.3966
force_55_sft >= 7923.229004|force_21_sft <= 980778.65625,LONG,Ret_96,322,195,1.2512,1.5383
rsi_8_sft >= 61.997915|force_48_sft <= 774649.90625,LONG,Ret_96,304,191,1.2599,1.3974
mom_34_sft >= 6.72,LONG,Ret_96,322,232,1.2701,1.356
mom_34_sft >= 5.44|mfi_120_sft <= 58.642133,LONG,Ret_96,325,219,1.2797,1.3431
mom_120_sft <= 17.629001|force_144_sft >= 0.76,LONG,Ret_96,274,129,1.3466,1.7357
roc_55_sft <= 0.822681|rsi_48_sft >= 55.387239,LONG,Ret_72,232,138,1.4141,1.7395
roc_55_sft <= 0.822681|cmo_48_sft >= 10.774477,LONG,Ret_72,232,138,1.4141,1.7395
roc_55_sft <= 0.822681|cmo_48_sft >= 10.774477|roc_5_sft >= -8.77,LONG,Ret_72,232,138,1.4141,1.7395
cmo_5_sft >= -5.58|mfi_120_sft <= 50.774323,LONG,Ret_96,281,183,1.2903,1.5844
roc_144_sft <= 2.706932|force_48_sft >= -2.43,LONG,Ret_96,349,204,1.3255,1.4227
rsi_48_sft <= Close_sft|mfi_13_sft >= 73.754567|rsi_5_sft >= 77.301424,LONG,Ret_96,245,178,1.4358,1.4872
roc_5_sft >= -0.174879|roc_21_sft >= -0.877718|cmo_21_sft >= 8.96,LONG,Ret_96,345,224,1.2635,1.3712
rsi_5_sft >= 77.301424|rsi_8_sft <= 71.994859,LONG,Ret_96,259,165,1.314,1.5718
force_13_sft <= -1063440.875|mom_55_sft >= 0.65|force_55_sft <= -3.21,LONG,Ret_96,219,156,1.3365,1.7184
cmo_21_sft >= 8.64,LONG,Ret_96,348,224,1.2681,1.3923
mfi_89_sft >= 50.597168|force_24_sft >= -2626432.5|mom_120_sft <= 17.629001,LONG,Ret_96,276,136,1.3233,1.7604
force_5_sft >= 3922685.65|mom_120_sft <= 34.8406,LONG,Ret_96,305,182,1.2517,1.415
force_34_sft >= -882131.46875|rsi_8_sft >= 61.997915,LONG,Ret_96,364,238,1.2823,1.3549
mom_55_sft <= 8.77|force_34_sft >= 860495.4375,LONG,Ret_96,234,154,1.3353,1.568
mfi_200_sft <= Close_sft|mfi_24_sft >= 59.951464|force_55_sft <= 739821.46875,LONG,Ret_96,273,165,1.3477,1.4016
force_48_sft <= 2052419.025|rsi_5_sft >= 77.301424,LONG,Ret_96,306,180,1.2957,1.5488
cmo_5_sft >= 54.602844|force_48_sft <= 2052419.025,LONG,Ret_96,306,180,1.2957,1.5488
cmo_5_sft >= -27.580817|mfi_120_sft <= 50.774323|force_200_sft <= 461822.953125,LONG,Ret_96,287,177,1.2829,1.5595
force_120_sft >= -4.52|mom_8_sft <= 8.66,LONG,Ret_96,318,191,1.252,1.4213
rsi_120_sft <= 53.517298|mfi_13_sft <= 63.271347|force_200_sft >= -1.43,LONG,Ret_96,248,129,1.2982,1.5873
force_13_sft <= -3159099.6|cmo_120_sft >= -9.73,LONG,Ret_96,229,185,1.2793,1.542
force_21_sft >= -8.73|mfi_120_sft <= 55.01005|mfi_5_sft >= -0.65,LONG,Ret_96,341,203,1.2669,1.3902
force_21_sft >= Close_sft|mfi_120_sft <= 55.01005,LONG,Ret_96,341,203,1.2672,1.3872
mfi_55_sft >= 38.973816|mfi_120_sft <= 50.774323,LONG,Ret_96,304,191,1.2641,1.463
roc_120_sft <= 2.482338|mfi_13_sft >= 27.640554|force_120_sft >= Close_sft,LONG,Ret_96,305,184,1.2902,1.593
force_8_sft >= 3517347.45|mfi_200_sft <= 54.207512,LONG,Ret_96,237,173,1.2594,1.4356
force_55_sft <= 739821.46875|rsi_200_sft >= 47.95405|mfi_120_sft <= 50.774323,LONG,Ret_96,238,157,1.2842,1.6072
roc_34_sft <= 0.626954|mom_55_sft >= 0.65|mom_34_sft >= -0.39,LONG,Ret_96,319,207,1.2536,1.5378
cmo_24_sft >= 0.786075|force_89_sft >= 7990.140625|mom_89_sft >= 1.27,LONG,Ret_96,279,195,1.2852,1.6992
roc_55_sft <= 1.667344|force_89_sft >= 9.06,LONG,Ret_96,331,204,1.2523,1.5038
mom_34_sft <= 1.79|mfi_120_sft <= 50.774323,LONG,Ret_96,288,176,1.2885,1.5898
roc_55_sft <= 1.667344|force_89_sft >= -0.39,LONG,Ret_96,331,204,1.2523,1.5038
force_89_sft >= 7990.140625|roc_144_sft <= 2.3|mfi_24_sft <= Close_sft,LONG,Ret_96,308,182,1.2915,1.5338
force_55_sft <= 1932598.225|cmo_13_sft >= 19.088308|mom_8_sft <= 3.486,LONG,Ret_96,259,117,1.3344,1.8431
mom_5_sft >= 8.87|rsi_24_sft >= 37.70602|rsi_200_sft <= Close_sft,LONG,Ret_72,292,282,1.2689,1.4361
roc_24_sft >= -0.448428|mfi_120_sft <= 50.774323,LONG,Ret_96,288,177,1.2826,1.5137
cmo_21_sft >= 0.823984|mfi_21_sft >= 60.614326,LONG,Ret_72,399,277,1.2873,1.3723
mom_89_sft <= 29.907|force_120_sft >= 18121.945312|roc_13_sft >= -0.675512,LONG,Ret_96,306,170,1.2581,1.4974
force_8_sft >= 1168048.875|mfi_24_sft >= 50.55991,LONG,Ret_96,341,226,1.2754,1.3483
cmo_5_sft >= 54.602844|mom_55_sft <= 4.4,LONG,Ret_96,246,139,1.3039,1.8351
rsi_21_sft >= 50.411991|mfi_21_sft >= 60.614326,LONG,Ret_72,399,277,1.2873,1.3723
mom_48_sft >= -8.8005|mom_48_sft <= -6.48,LONG,Ret_96,270,159,1.3122,1.6427
mfi_48_sft >= 38.163783|force_5_sft >= 1261102.5|cmo_48_sft <= 10.774477,LONG,Ret_96,326,208,1.283,1.2941
mfi_120_sft <= 55.01005|force_21_sft >= Close_sft|mfi_8_sft >= 22.081969,LONG,Ret_96,341,203,1.2646,1.3852
mom_120_sft <= 34.8406|force_34_sft >= Close_sft,LONG,Ret_96,358,189,1.2548,1.4472
mom_5_sft >= 8.99,LONG,Ret_72,288,282,1.2509,1.4456
mom_5_sft >= 9.0|cmo_21_sft >= -26.221742,LONG,Ret_72,286,281,1.2606,1.4529
mfi_89_sft <= 55.650263|force_8_sft >= 3517347.45,LONG,Ret_96,247,179,1.3283,1.3663
mfi_13_sft <= 63.271347|force_21_sft >= 980778.65625,LONG,Ret_96,295,204,1.2564,1.3546
force_200_sft <= 1039801.5625|force_89_sft >= 7990.140625,LONG,Ret_96,320,192,1.27,1.4205
mom_89_sft >= -2.52|force_89_sft >= Close_sft,LONG,Ret_96,309,200,1.277,1.7715
mom_21_sft >= 6.417|mfi_5_sft >= 86.041183,LONG,Ret_96,260,195,1.2848,1.4365
mom_24_sft <= 14.8274|force_24_sft >= 8057.183594|mom_144_sft <= 36.734401,LONG,Ret_96,363,186,1.2785,1.4657
force_13_sft <= -3159099.6|cmo_89_sft >= -13.039774,LONG,Ret_96,238,188,1.2774,1.4805
cmo_55_sft >= 1.36|force_13_sft >= 3116180.5,LONG,Ret_96,238,186,1.2779,1.6233
cmo_21_sft >= 8.9|roc_8_sft >= -0.230232,LONG,Ret_96,345,224,1.2521,1.3688
roc_55_sft <= 1.95|mom_5_sft <= 2.62|force_200_sft >= 23393.960938,LONG,Ret_96,273,173,1.2724,1.5079
cmo_5_sft <= Close_sft|mom_34_sft >= 4.79,LONG,Ret_96,348,237,1.252,1.3148
mfi_55_sft >= 56.83432|mfi_8_sft <= 50.787197,LONG,Ret_96,212,158,1.4118,1.6875
rsi_120_sft >= 47.303051|mfi_120_sft <= 50.774323,LONG,Ret_96,273,173,1.2733,1.5788
force_24_sft >= Close_sft|cmo_5_sft <= 1.056262|mfi_48_sft <= Close_sft,LONG,Ret_96,328,203,1.3127,1.4364
mfi_144_sft >= 50.847649|force_8_sft >= 3517347.45,LONG,Ret_96,204,157,1.3254,2.0055
mom_21_sft >= -2.93|mom_48_sft <= -3.34|force_48_sft >= 9.96,LONG,Ret_96,215,141,1.3685,1.6711
cmo_89_sft >= 0.960655|mom_120_sft <= 17.629001,LONG,Ret_96,273,146,1.2884,1.7522
mfi_144_sft <= 54.681004|mom_55_sft >= 3.99,LONG,Ret_96,280,180,1.2869,1.4951
mfi_55_sft >= 1.32|mfi_120_sft <= 50.774323|mfi_5_sft >= 50.859138,LONG,Ret_96,290,181,1.2898,1.5581
cmo_5_sft >= 54.602844|mom_144_sft >= -14.992|mom_89_sft >= -25.543999,LONG,Ret_96,291,184,1.2995,1.4739
mfi_21_sft >= 60.614326|cmo_55_sft >= -5.39,LONG,Ret_72,396,274,1.3362,1.294
force_48_sft >= -9.01|cmo_13_sft <= Close_sft|mom_144_sft <= 36.734401,LONG,Ret_96,342,181,1.2677,1.3878
roc_13_sft <= 0.719682|roc_89_sft >= 1.086906,LONG,Ret_96,211,159,1.3118,1.5633
cmo_5_sft <= 1.056262|roc_120_sft <= 2.482338|force_24_sft >= 1.95,LONG,Ret_96,311,184,1.3033,1.6888
mom_144_sft <= 36.734401|force_48_sft >= 9.22,LONG,Ret_96,342,181,1.2677,1.3878
mom_5_sft >= 8.83|roc_55_sft >= 0.047226,LONG,Ret_72,235,231,1.325,1.5318
force_89_sft >= -9.5|force_5_sft >= Close_sft|mom_5_sft >= -2.4205,LONG,Ret_96,328,210,1.2726,1.4997
force_13_sft >= 1072989.0|mfi_21_sft >= 60.614326|mom_120_sft >= 6.34,LONG,Ret_72,256,192,1.2556,1.5945
mom_55_sft >= 4.89|force_24_sft <= 945736.46875|roc_120_sft <= 2.482338,LONG,Ret_96,288,187,1.2533,1.741
mom_89_sft >= 0.98|mom_144_sft <= 8.95,LONG,Ret_72,279,141,1.2914,1.5207
cmo_21_sft >= 8.53,LONG,Ret_96,349,224,1.2503,1.3792
force_200_sft <= 461822.953125|roc_34_sft >= 0.48,LONG,Ret_96,247,158,1.3856,1.4095
mom_55_sft <= 7.98|rsi_8_sft >= 61.997915|mom_144_sft >= 0.08,LONG,Ret_96,210,121,1.3096,1.6985
cmo_200_sft >= -8.760222|rsi_5_sft >= 77.301424,LONG,Ret_96,323,215,1.282,1.5111
roc_120_sft <= 1.28032|force_89_sft >= 7990.140625|force_34_sft >= -882131.46875,LONG,Ret_96,278,165,1.278,1.6801
force_5_sft <= 6.29|force_34_sft >= -7.88,LONG,Ret_96,327,209,1.2797,1.5628
mom_48_sft >= 9.7|mom_144_sft <= 19.870001,LONG,Ret_72,258,170,1.2746,1.4571
cmo_5_sft >= 54.602844|mom_8_sft <= Close_sft|rsi_200_sft >= 45.619888,LONG,Ret_96,323,215,1.282,1.5111
mfi_120_sft <= 50.774323|cmo_5_sft >= 2.11|roc_48_sft <= Close_sft,LONG,Ret_96,276,176,1.2663,1.6333
force_55_sft >= Close_sft|roc_55_sft <= 0.047226,LONG,Ret_96,260,149,1.3636,1.5153
force_34_sft >= 4.78|mfi_144_sft <= 50.847649,LONG,Ret_96,232,141,1.3297,1.4916
mfi_55_sft >= 50.516251|rsi_120_sft <= 56.506306|mfi_144_sft <= 54.681004,LONG,Ret_96,292,181,1.2646,1.6058
mfi_34_sft >= 58.335773|mom_89_sft >= 1.83,LONG,Ret_72,305,214,1.2814,1.3625
mfi_13_sft >= 73.754567|force_89_sft >= -647329.84375|rsi_5_sft >= 77.301424,LONG,Ret_96,241,167,1.309,1.5332
force_5_sft <= 3922685.65|force_48_sft >= Close_sft|roc_144_sft <= 2.706932,LONG,Ret_96,341,192,1.3273,1.4724
force_8_sft <= 1168048.875|force_34_sft >= Close_sft,LONG,Ret_96,352,218,1.2558,1.4239
mfi_144_sft <= 50.847649|force_34_sft >= -3.8,LONG,Ret_96,232,141,1.3297,1.4916
roc_55_sft >= -0.700301|cmo_5_sft >= 54.602844,LONG,Ret_96,316,204,1.2791,1.5093
force_21_sft >= 980778.65625|mfi_89_sft <= 55.650263|force_120_sft >= -593327.0,LONG,Ret_96,266,170,1.2738,1.7032
force_21_sft >= -9.33|mom_34_sft >= 3.42|mfi_120_sft <= 55.01005,LONG,Ret_96,293,182,1.2826,1.4774
rsi_200_sft <= Close_sft|mfi_144_sft <= 50.847649|force_34_sft >= Close_sft,LONG,Ret_96,232,141,1.3256,1.4916
mfi_21_sft >= 60.614326|cmo_24_sft >= -0.83,LONG,Ret_72,399,277,1.2628,1.3563
roc_55_sft <= 0.047226|force_34_sft >= 5934.621094,LONG,Ret_96,284,169,1.3132,1.4275
cmo_21_sft >= 8.7,LONG,Ret_96,348,224,1.2596,1.3809
rsi_24_sft >= 57.337118|mfi_120_sft <= 55.01005,LONG,Ret_96,247,157,1.2683,1.5146
cmo_5_sft <= Close_sft|mfi_120_sft <= 50.774323|cmo_120_sft >= -5.393899,LONG,Ret_96,273,173,1.2733,1.5788
rsi_5_sft >= 77.301424|roc_55_sft <= 0.822681|force_24_sft >= -0.61,LONG,Ret_96,288,166,1.2857,1.574
cmo_120_sft <= Close_sft|roc_34_sft >= 1.253321,LONG,Ret_48,241,221,1.2631,1.2579
roc_200_sft >= -2.845036|mfi_24_sft >= 68.029807,LONG,Ret_96,234,166,1.2521,1.4432
force_13_sft >= Close_sft|roc_5_sft <= -0.174879,LONG,Ret_72,305,211,1.318,1.0923
mfi_55_sft >= 56.83432|mfi_89_sft <= 59.931632,LONG,Ret_72,300,215,1.2925,1.3413
mfi_24_sft >= 68.029807|force_21_sft >= 5.76,LONG,Ret_96,243,171,1.2544,1.3366
cmo_55_sft >= -8.218787|mfi_48_sft >= 57.227482,LONG,Ret_72,323,232,1.2563,1.289
roc_5_sft <= -0.174879|force_55_sft >= 7923.229004,LONG,Ret_96,269,189,1.3004,1.4761
roc_55_sft >= 0.047226|force_8_sft <= 13648.508789|force_5_sft <= -1178842.5,LONG,Ret_96,287,195,1.2529,1.4315
mom_144_sft <= -3.89|mom_89_sft >= -4.64,LONG,Ret_72,225,126,1.3451,1.5003
mom_21_sft <= 6.417|force_34_sft >= Close_sft,LONG,Ret_96,359,207,1.3675,1.6397
mfi_24_sft >= 68.029807|mom_144_sft >= -14.992,LONG,Ret_72,261,175,1.2782,1.4227
force_89_sft >= -647329.84375|mfi_34_sft >= 50.579842|mfi_13_sft <= 38.218019,LONG,Ret_72,302,179,1.2685,1.2879
mfi_120_sft <= 50.774323|roc_200_sft >= -1.277307,LONG,Ret_96,265,160,1.272,1.7836
mom_200_sft <= 3.638|force_34_sft >= -8.29,LONG,Ret_96,223,129,1.494,1.3123
mfi_34_sft >= 65.187675|roc_55_sft <= 1.42,LONG,Ret_72,211,143,1.4966,1.2704
force_34_sft >= 5934.621094|mfi_120_sft <= 55.01005,LONG,Ret_96,331,194,1.3605,1.623
mom_8_sft >= 3.486|force_34_sft >= 3.61,LONG,Ret_96,348,232,1.3311,1.4886
force_24_sft >= -9.26|rsi_120_sft <= 53.517298,LONG,Ret_96,322,190,1.25,1.1897
rsi_120_sft <= 53.517298|force_34_sft >= -0.6|mom_21_sft <= 1.91,LONG,Ret_96,271,148,1.2797,1.351
force_21_sft <= 980778.65625|rsi_24_sft >= 0.07|force_55_sft >= 7923.229004,LONG,Ret_96,322,195,1.2512,1.5383
force_13_sft <= Close_sft|mfi_34_sft >= 58.335773|cmo_24_sft <= Close_sft,LONG,Ret_96,232,167,1.4031,1.3202
roc_8_sft <= -0.230232|mfi_34_sft >= 58.335773,LONG,Ret_72,224,175,1.4262,1.0793
rsi_120_sft >= 47.303051|force_24_sft >= 4.83|mom_89_sft >= 1.27,LONG,Ret_96,295,200,1.3,1.7053
cmo_8_sft >= 23.995831|roc_8_sft <= Close_sft|force_120_sft >= -593327.0,LONG,Ret_96,339,218,1.2599,1.3839
force_24_sft >= Close_sft|roc_55_sft <= 1.667344|cmo_48_sft >= -17.491088,LONG,Ret_96,378,237,1.2811,1.3468
mfi_89_sft <= 50.597168|force_8_sft <= -4.65|mfi_48_sft >= 50.552082,LONG,Ret_96,225,137,1.4656,1.1711
mfi_144_sft <= 50.847649|mfi_13_sft <= 73.754567|mfi_89_sft >= 50.597168,LONG,Ret_72,212,132,1.3581,1.8082
mom_8_sft <= 7.757|force_120_sft >= Close_sft|cmo_120_sft <= 7.034594,LONG,Ret_96,273,141,1.2954,1.5738
roc_24_sft <= 0.502807|mfi_48_sft >= 50.552082|force_48_sft >= -7.8,LONG,Ret_96,307,189,1.2739,1.4332
force_34_sft >= Close_sft|cmo_24_sft <= 0.786075,LONG,Ret_96,237,137,1.3394,1.4516
mfi_120_sft <= 50.774323|cmo_5_sft >= 1.99,LONG,Ret_96,276,176,1.2668,1.6333
roc_144_sft <= -0.11|mom_89_sft <= 2.31|rsi_120_sft >= 44.363361,LONG,Ret_96,253,145,1.2972,1.1787
rsi_5_sft <= 50.52813|force_34_sft >= -882131.46875|mfi_8_sft <= 22.081969,LONG,Ret_96,262,141,1.3115,1.4506
mfi_48_sft >= 57.227482|mfi_55_sft <= 56.83432|roc_34_sft <= Close_sft,LONG,Ret_96,234,159,1.3269,1.4358
rsi_21_sft >= 43.427792|mfi_13_sft >= 73.754567|mom_8_sft >= 4.31,LONG,Ret_96,258,195,1.2622,1.4985
mom_89_sft >= 1.27|force_89_sft >= 7990.140625,LONG,Ret_96,289,197,1.2947,1.743
force_5_sft >= 3922685.65|roc_55_sft <= 0.822681|mom_5_sft <= Close_sft,LONG,Ret_96,289,194,1.2715,1.1627
rsi_55_sft >= 1.05|mfi_48_sft >= 63.139385,LONG,Ret_48,229,173,1.4068,1.2537
force_48_sft >= Close_sft|roc_5_sft <= 0.005459|mom_8_sft >= -6.9,LONG,Ret_96,324,204,1.2504,1.5213
roc_55_sft <= 1.667344|mfi_34_sft >= 65.187675,LONG,Ret_72,223,154,1.3257,1.4019
mfi_21_sft >= 60.614326|force_5_sft >= 3922685.65,LONG,Ret_96,239,194,1.2983,1.3769
mfi_13_sft >= 73.754567|mom_89_sft <= 1.27,LONG,Ret_72,206,128,1.2711,0.9545
mfi_24_sft >= 68.029807|force_48_sft >= -798731.84375,LONG,Ret_72,282,194,1.2528,1.3889
mfi_200_sft >= 44.118454|mfi_24_sft >= 68.029807|force_5_sft <= 3922685.65,LONG,Ret_72,254,183,1.3939,1.0842
roc_55_sft <= 0.047226|force_55_sft >= -6.68,LONG,Ret_96,260,149,1.3626,1.5312
mfi_89_sft >= 50.597168|mfi_24_sft >= 68.029807,LONG,Ret_72,248,170,1.3809,1.2765
roc_34_sft >= 1.253321|roc_34_sft >= -0.541601,LONG,Ret_48,241,221,1.2631,1.2579
cmo_144_sft <= Close_sft|mfi_34_sft >= 58.335773|mom_144_sft <= 19.870001,LONG,Ret_72,304,155,1.2976,1.1381
force_5_sft >= 3922685.65|rsi_34_sft <= 56.319788|roc_200_sft <= 0.267701,LONG,Ret_48,222,175,1.2807,1.0992
force_34_sft >= Close_sft|force_120_sft <= 18121.945312,LONG,Ret_96,200,134,1.2617,1.4081
rsi_34_sft <= 44.767157|cmo_200_sft <= Close_sft|force_48_sft >= -2110439.75,LONG,Ret_96,266,118,1.2545,1.4164
cmo_21_sft >= 9.2,LONG,Ret_96,345,223,1.2969,1.3785
roc_48_sft <= 0.772961|rsi_13_sft >= 67.910724,LONG,Ret_72,207,138,1.2638,2.0363
force_24_sft >= 945736.46875|mfi_48_sft >= 57.227482|mom_55_sft >= 0.65,LONG,Ret_72,253,199,1.3458,1.2497
force_48_sft >= 8.12|roc_144_sft <= 2.706932,LONG,Ret_96,349,204,1.3255,1.4227
mom_200_sft <= 24.299999|cmo_48_sft >= -8.815736|cmo_8_sft >= 23.995831,LONG,Ret_96,287,152,1.3366,1.0973
mfi_24_sft >= 68.029807|rsi_48_sft >= 41.254455,LONG,Ret_96,244,173,1.2927,1.3375
mom_24_sft >= 8.36|force_89_sft <= 628137.0625|cmo_120_sft >= -5.393899,LONG,Ret_72,237,208,1.2659,1.2269
force_24_sft >= 945736.46875|roc_8_sft <= 0.007914|cmo_5_sft >= -51.670161,LONG,Ret_96,208,172,1.3471,1.6602
force_89_sft >= 7990.140625|roc_144_sft <= 4.09,LONG,Ret_96,327,201,1.2734,1.4901
rsi_13_sft >= 67.910724|mom_89_sft <= 15.168,LONG,Ret_96,209,107,1.2743,1.1503
force_48_sft <= -8.73|mom_24_sft >= -4.21|rsi_34_sft <= 44.767157,LONG,Ret_72,217,96,1.2514,1.2147
rsi_200_sft <= Close_sft|mfi_24_sft >= 68.029807,LONG,Ret_96,244,173,1.2927,1.3375
mom_48_sft >= -8.8005|cmo_5_sft >= 54.602844|roc_55_sft <= 0.822681,LONG,Ret_96,278,162,1.2842,1.7288
force_5_sft >= 3922685.65|mom_89_sft <= 15.168,LONG,Ret_48,401,253,1.2919,1.2371
mfi_200_sft >= 54.207512|roc_120_sft <= 4.3,LONG,Ret_72,214,159,1.2751,1.2204
mfi_144_sft <= 50.847649|cmo_144_sft >= -5.93,LONG,Ret_96,261,172,1.2504,1.6181
force_34_sft >= 6.95|mfi_21_sft <= Close_sft|mom_200_sft <= 43.857599,LONG,Ret_96,357,182,1.2521,1.3452
mfi_48_sft >= 63.139385|mfi_144_sft <= Close_sft|cmo_13_sft >= -8.38,LONG,Ret_48,226,173,1.3925,1.2489
mom_34_sft >= 6.1,LONG,Ret_96,329,233,1.2718,1.3509
force_144_sft >= Close_sft|mom_200_sft <= 6.64,LONG,Ret_72,213,110,1.3003,1.0238
cmo_5_sft >= 54.602844|rsi_21_sft >= 43.427792|mfi_24_sft >= 0.41,LONG,Ret_96,335,217,1.2613,1.4684
roc_34_sft >= 1.253321|roc_21_sft <= Close_sft,LONG,Ret_48,241,221,1.2631,1.2579
mfi_200_sft <= Close_sft|mom_34_sft >= 17.719999|roc_24_sft >= 0.029852,LONG,Ret_48,227,309,1.2772,1.2859
force_5_sft <= -5.83|mfi_55_sft >= 56.83432,LONG,Ret_96,223,165,1.3932,1.8175
mom_24_sft >= 6.988|cmo_144_sft <= 6.532958,LONG,Ret_96,246,177,1.3226,1.1151
mom_13_sft >= 0.217|mfi_24_sft >= 68.029807,LONG,Ret_96,237,170,1.3211,1.3027
cmo_24_sft >= 6.32|force_144_sft <= 1231428.475|cmo_21_sft <= Close_sft,LONG,Ret_96,333,200,1.2815,1.4534
rsi_200_sft <= 50.349957|cmo_144_sft >= -4.860069|mom_200_sft <= Close_sft,LONG,Ret_96,240,138,1.2536,0.9769
roc_144_sft <= 1.420344|mom_24_sft >= 6.988,LONG,Ret_96,260,178,1.3535,1.195
mom_55_sft <= 8.26|force_200_sft >= 6.27,LONG,Ret_96,254,134,1.2923,1.3149
roc_21_sft >= -8.68|roc_34_sft >= 1.253321,LONG,Ret_48,241,221,1.2631,1.2579
mfi_34_sft >= 65.187675|force_89_sft <= 1550081.0,LONG,Ret_72,203,135,1.38,1.7096
cmo_5_sft >= 54.602844|mfi_55_sft <= 50.516251,LONG,Ret_96,211,141,1.3475,1.5703
roc_13_sft >= -4.84|mfi_48_sft >= 63.139385,LONG,Ret_48,229,173,1.4068,1.2537
mom_200_sft <= 6.01|force_34_sft >= Close_sft,LONG,Ret_96,236,133,1.4545,1.3017
force_144_sft >= 7.04|mfi_89_sft <= 55.650263|rsi_5_sft >= 65.274124,LONG,Ret_96,247,148,1.3074,1.4864
mom_55_sft >= 9.22|mfi_34_sft <= 65.187675|mom_200_sft <= 24.299999,LONG,Ret_72,252,153,1.2588,1.3343
force_24_sft >= -7.53|mom_144_sft <= -0.96|rsi_13_sft <= Close_sft,LONG,Ret_96,225,129,1.2611,0.8672
mfi_24_sft >= 41.40654|mom_34_sft >= 17.719999,LONG,Ret_48,228,314,1.3196,1.2255
cmo_200_sft <= 6.74|rsi_5_sft >= 77.301424,LONG,Ret_96,268,160,1.3644,1.2944
force_120_sft >= -1535445.75|mfi_48_sft >= 63.139385,LONG,Ret_48,229,172,1.4068,1.3207
roc_34_sft >= 0.626954|mom_24_sft <= 14.8274,LONG,Ret_96,298,190,1.2527,1.3754
mom_24_sft >= 0.409|force_89_sft >= 628137.0625|mom_89_sft <= 15.168,LONG,Ret_48,224,120,1.2893,1.3914
cmo_5_sft >= 54.602844|force_144_sft <= 532244.5,LONG,Ret_96,257,149,1.3044,1.59
force_48_sft >= Close_sft|roc_200_sft <= 0.267701,LONG,Ret_96,215,125,1.5056,1.3411
force_5_sft >= 1261102.5|mfi_5_sft <= 50.859138,LONG,Ret_96,298,208,1.2956,1.4534
mfi_55_sft >= 56.83432|mfi_24_sft >= 68.029807|cmo_24_sft >= 14.674236,LONG,Ret_48,221,162,1.2644,1.3195
force_34_sft >= Close_sft|mfi_21_sft <= 69.26593|mfi_144_sft <= 50.847649,LONG,Ret_96,232,140,1.2943,1.3333
rsi_5_sft >= 77.301424|cmo_21_sft >= 0.823984|force_34_sft >= Close_sft,LONG,Ret_96,317,206,1.3229,1.4397
mom_34_sft >= 17.719999|force_55_sft >= -2026038.8,LONG,Ret_48,228,310,1.2948,1.1707
cmo_55_sft >= -8.33|mfi_21_sft >= 60.614326,LONG,Ret_72,409,280,1.3063,1.2907
rsi_24_sft >= 43.845545|mfi_48_sft >= 63.139385,LONG,Ret_48,229,173,1.4068,1.2537
roc_34_sft >= 0.626954|rsi_21_sft <= 57.763334,LONG,Ret_96,257,188,1.2944,1.1826
cmo_24_sft >= 14.674236|mom_5_sft <= 5.89|mom_55_sft <= Close_sft,LONG,Ret_72,345,217,1.2801,1.216
rsi_200_sft >= 3.98|roc_34_sft >= 1.253321,LONG,Ret_48,241,221,1.2631,1.2579
force_24_sft >= 9.72|rsi_120_sft <= 53.517298,LONG,Ret_96,322,190,1.25,1.1897
mfi_48_sft >= 57.227482|mom_48_sft >= -4.72,LONG,Ret_72,326,230,1.2556,1.2984
mom_34_sft >= 17.719999|cmo_200_sft >= -4.0919,LONG,Ret_48,222,311,1.2806,1.1783
cmo_8_sft >= 43.989711|mom_24_sft <= 6.988,LONG,Ret_96,211,82,1.3632,2.055
mfi_24_sft <= Close_sft|cmo_5_sft >= 54.602844|cmo_8_sft >= 23.995831,LONG,Ret_96,335,217,1.2534,1.4729
mom_55_sft <= 0.65|cmo_5_sft >= 54.602844,LONG,Ret_96,216,126,1.4286,1.5928
mfi_24_sft >= 68.029807|cmo_21_sft >= -26.221742,LONG,Ret_96,244,173,1.2927,1.3375
cmo_34_sft >= -4.72|mfi_200_sft >= 54.207512,LONG,Ret_72,207,163,1.2892,1.1065
mfi_24_sft >= 50.55991|mfi_200_sft >= 54.207512,LONG,Ret_72,207,158,1.369,1.0869
mfi_24_sft >= 68.029807|mfi_120_sft >= 42.367754,LONG,Ret_96,239,170,1.2718,1.4012
mfi_24_sft >= 68.029807|mfi_5_sft >= 30.978184,LONG,Ret_96,244,171,1.2866,1.39
force_5_sft <= Close_sft|mfi_55_sft >= 56.83432,LONG,Ret_96,223,165,1.3967,1.8175
mom_89_sft >= 1.27|force_34_sft >= Close_sft,LONG,Ret_96,301,201,1.2739,1.6908
mom_144_sft <= 2.657|cmo_120_sft >= -5.393899|roc_13_sft >= 0.015546,LONG,Ret_96,229,140,1.2804,1.2719
mom_120_sft <= 17.629001|cmo_144_sft >= -4.94,LONG,Ret_96,334,195,1.2597,1.2284
force_34_sft >= 5934.621094|roc_200_sft <= 1.707907|rsi_24_sft <= 50.393036,LONG,Ret_96,201,115,1.3904,1.6262
force_120_sft >= 18121.945312|mom_89_sft <= 29.907,LONG,Ret_96,306,171,1.2749,1.4994
rsi_8_sft >= 71.994859|mom_5_sft <= 6.0,LONG,Ret_96,249,128,1.3871,1.3115
roc_144_sft <= 0.189912|cmo_24_sft >= -0.54|cmo_21_sft <= 3.94,LONG,Ret_96,206,118,1.3319,1.1006
mfi_48_sft >= 63.139385|roc_120_sft >= -1.008683,LONG,Ret_48,222,163,1.3436,1.509
mom_89_sft <= 0.23|rsi_21_sft <= Close_sft|force_144_sft >= Close_sft,LONG,Ret_48,257,140,1.2708,0.9246
mfi_55_sft <= 56.83432|force_34_sft >= Close_sft,LONG,Ret_96,355,220,1.252,1.584
force_21_sft >= -1002022.3125|mfi_48_sft >= 63.139385,LONG,Ret_48,228,173,1.4098,1.2537
mfi_24_sft >= 50.55991|roc_89_sft >= -0.28|roc_120_sft <= 1.43,LONG,Ret_72,344,194,1.2844,1.7445
mom_34_sft >= 17.719999|mom_55_sft >= -9.552,LONG,Ret_48,226,302,1.2743,1.1748
mom_34_sft >= 6.57,LONG,Ret_96,325,232,1.3086,1.3607
force_34_sft >= 7.55|force_5_sft <= Close_sft,LONG,Ret_96,327,209,1.2782,1.5636
mom_24_sft >= 6.988|cmo_144_sft <= 6.14,LONG,Ret_96,239,173,1.3498,1.0896
rsi_8_sft >= 61.997915|rsi_144_sft >= 47.569965,LONG,Ret_96,328,228,1.3117,1.4547
mom_21_sft >= -3.49|mfi_144_sft >= 54.681004,LONG,Ret_72,229,166,1.2702,1.2028
cmo_24_sft <= 14.674236|roc_34_sft >= 0.626954,LONG,Ret_96,252,186,1.2807,1.2104
rsi_144_sft >= 44.839319|roc_21_sft >= -9.49|mom_34_sft >= 17.719999,LONG,Ret_48,229,318,1.3062,1.1627
force_55_sft >= 7923.229004|mom_144_sft >= 2.657,LONG,Ret_72,353,226,1.2862,1.677
mfi_200_sft >= 54.207512|mom_55_sft >= -7.34,LONG,Ret_72,211,159,1.3315,1.2134
cmo_5_sft >= 54.602844|mom_24_sft >= -13.2322,LONG,Ret_96,334,217,1.2504,1.447
mfi_21_sft >= 69.26593|mom_24_sft >= 7.49,LONG,Ret_72,267,198,1.2584,1.289
mom_21_sft <= 13.6574|mfi_24_sft >= 68.029807,LONG,Ret_72,242,122,1.3836,1.432
force_8_sft >= -1.0|mom_144_sft <= -2.58|rsi_55_sft >= 45.890608,LONG,Ret_96,215,133,1.3458,1.0679
cmo_21_sft >= 0.823984|rsi_34_sft >= 1.59|cmo_5_sft >= 54.602844,LONG,Ret_96,329,214,1.2635,1.507
force_8_sft >= 13648.508789|mfi_200_sft <= 54.207512,LONG,Ret_96,345,217,1.2727,1.4271
roc_144_sft <= 2.706932|mom_5_sft >= -2.4205|rsi_89_sft >= 50.480328,LONG,Ret_96,298,190,1.2721,1.6901
force_5_sft >= 1261102.5|mfi_48_sft >= 57.227482,LONG,Ret_72,291,212,1.2543,1.3829
force_5_sft >= -0.52|mfi_48_sft >= 57.227482,LONG,Ret_72,318,227,1.2685,1.3218
roc_200_sft <= Close_sft|mom_89_sft >= 5.4|cmo_13_sft >= 1.98,LONG,Ret_72,360,254,1.2715,1.5097
force_24_sft >= -8.7|mfi_48_sft >= 63.139385,LONG,Ret_48,223,172,1.3723,1.2871
roc_144_sft <= 2.706932|rsi_48_sft >= 50.390789|cmo_144_sft >= -4.860069,LONG,Ret_96,322,200,1.2945,1.6419
roc_34_sft >= 1.253321|cmo_24_sft >= -12.308913,LONG,Ret_48,241,221,1.2722,1.2579
mfi_21_sft >= 69.26593|cmo_55_sft <= Close_sft|mfi_5_sft >= 86.041183,LONG,Ret_96,205,149,1.3641,1.6953
rsi_48_sft >= 55.387239|mfi_24_sft >= 68.029807,LONG,Ret_48,256,177,1.2692,1.2693
mom_200_sft <= 24.299999|mfi_89_sft >= 50.597168,LONG,Ret_96,269,137,1.2917,1.2981
roc_144_sft <= 2.8|force_144_sft >= 15666.625977,LONG,Ret_96,298,178,1.2602,1.4619
rsi_200_sft <= 52.808514|mom_34_sft >= 4.73|mfi_5_sft <= 50.859138,LONG,Ret_96,233,161,1.4299,1.1185
roc_55_sft <= 0.047226|force_144_sft >= 7.86,LONG,Ret_96,212,121,1.2618,1.1443
mom_120_sft <= 17.629001|force_34_sft >= Close_sft,LONG,Ret_96,316,159,1.3021,1.5626
force_55_sft >= -3.4|mom_34_sft >= -6.26|mom_120_sft >= 2.288,LONG,Ret_96,282,185,1.2651,1.9249
mfi_55_sft >= 38.973816|cmo_24_sft >= 7.5,LONG,Ret_96,345,220,1.2515,1.4183
cmo_8_sft >= 23.995831|cmo_5_sft >= 54.602844,LONG,Ret_96,335,217,1.2534,1.4729
mfi_48_sft >= 63.139385|mfi_34_sft >= 35.920062,LONG,Ret_48,229,173,1.4068,1.2537
mom_48_sft <= Close_sft|force_55_sft <= 739821.46875|roc_34_sft >= 0.626954,LONG,Ret_96,246,161,1.3486,1.1022
mom_5_sft >= -2.4205|roc_200_sft <= 0.267701|force_55_sft >= 1.47,LONG,Ret_96,209,119,1.2615,1.5241
mom_120_sft <= 34.8406|mom_120_sft <= 17.629001|roc_34_sft >= 0.626954,LONG,Ret_96,246,137,1.306,0.9473
mfi_13_sft >= 38.218019|mfi_48_sft >= 63.139385,LONG,Ret_48,228,173,1.4167,1.2515
mom_21_sft <= 1.77|mfi_120_sft <= 50.774323,LONG,Ret_96,299,181,1.2597,1.4339
cmo_55_sft <= 19.077594|mfi_13_sft >= 63.271347|mfi_55_sft >= 56.83432,LONG,Ret_72,239,178,1.2557,1.399
force_8_sft <= 1168048.875|force_48_sft >= 4972.991211,LONG,Ret_96,335,206,1.2952,1.5619
roc_5_sft <= -0.174879|force_48_sft >= Close_sft|cmo_200_sft <= 6.61,LONG,Ret_96,218,132,1.296,1.2779
mfi_34_sft >= 65.187675|force_21_sft >= -1002022.3125|mom_5_sft <= 5.89,LONG,Ret_72,226,166,1.391,1.1999
roc_89_sft >= 0.092346|mfi_48_sft >= 50.552082,LONG,Ret_96,292,197,1.2509,1.6273
mfi_34_sft >= 58.335773|mom_120_sft <= 17.629001,LONG,Ret_72,307,160,1.3577,1.1332
force_8_sft <= 13648.508789|roc_8_sft >= 0.251397,LONG,Ret_96,209,163,1.2627,1.166
mfi_200_sft >= 54.207512|mom_24_sft >= -13.2322|force_144_sft >= 15666.625977,LONG,Ret_72,201,152,1.4233,1.1394
force_34_sft >= 5934.621094|mom_5_sft <= 5.89|roc_200_sft <= 0.267701,LONG,Ret_96,221,125,1.6523,1.4001
roc_89_sft <= 0.092346|force_144_sft >= -1411953.0|force_144_sft >= -1.79,LONG,Ret_48,269,154,1.2865,0.878
cmo_8_sft >= 43.989711|force_144_sft <= 532244.5,LONG,Ret_96,216,126,1.2905,1.6433
mom_34_sft >= 17.719999|force_34_sft >= -1.62,LONG,Ret_48,226,299,1.2737,1.2882
force_13_sft >= 8.07|cmo_55_sft <= 0.841261|mom_144_sft <= 2.657,LONG,Ret_96,226,128,1.2908,1.1579
mom_144_sft <= 36.734401|mom_5_sft >= 9.67,LONG,Ret_72,228,194,1.3736,1.1746
mfi_120_sft <= 50.774323|cmo_55_sft >= 0.841261,LONG,Ret_72,240,158,1.2964,2.0056
force_34_sft >= -0.94|roc_200_sft <= 0.267701|roc_34_sft <= 0.626954,LONG,Ret_96,215,126,1.5471,1.4422
mfi_120_sft <= 50.774323|rsi_89_sft >= 50.480328,LONG,Ret_72,214,147,1.2918,1.7951
force_34_sft >= Close_sft|mom_8_sft >= -7.223|cmo_200_sft <= 5.617026,LONG,Ret_96,299,170,1.2629,1.3912
mfi_24_sft >= 68.029807|mfi_48_sft >= 9.51,LONG,Ret_96,244,173,1.2927,1.3375
rsi_120_sft <= Close_sft|mom_34_sft >= 17.719999,LONG,Ret_48,230,318,1.3163,1.1932
mfi_24_sft >= 68.029807|rsi_55_sft >= 55.05838,LONG,Ret_48,248,171,1.3218,1.28
force_34_sft >= 5934.621094|rsi_21_sft <= 50.411991|force_24_sft >= Close_sft,LONG,Ret_96,219,123,1.2769,1.4739
cmo_144_sft <= 0.870716|force_34_sft >= -4.72,LONG,Ret_96,212,117,1.2549,1.2358
mfi_21_sft >= 69.26593|roc_89_sft <= 9.8|force_21_sft >= 980778.65625,LONG,Ret_96,224,166,1.2741,1.5367
mom_55_sft >= -7.17|rsi_34_sft <= 44.767157,LONG,Ret_96,221,105,1.3131,1.5811
force_89_sft <= 1550081.0|force_5_sft >= 3922685.65|mfi_120_sft <= 55.01005,LONG,Ret_48,404,276,1.2557,1.2346
rsi_48_sft <= 60.176003|mfi_13_sft >= 27.640554|rsi_5_sft >= 77.301424,LONG,Ret_96,305,195,1.2664,1.4761
force_200_sft >= -0.29|mfi_55_sft <= 50.516251,LONG,Ret_96,211,129,1.2557,1.282
force_55_sft >= -2026038.8|cmo_21_sft >= 9.5,LONG,Ret_96,344,217,1.2783,1.4914
mom_200_sft <= 24.299999|force_24_sft >= 945736.46875,LONG,Ret_96,255,136,1.2994,1.2268
rsi_5_sft >= 77.301424|mfi_24_sft >= 50.55991|mom_48_sft <= Close_sft,LONG,Ret_96,307,203,1.3159,1.5182
rsi_5_sft >= 24.164919|mom_34_sft >= 17.719999,LONG,Ret_48,230,318,1.3163,1.1899
force_5_sft >= -3968618.75|mfi_120_sft >= 50.774323|mfi_21_sft >= 69.26593,LONG,Ret_96,202,135,1.2673,2.3518
mfi_24_sft >= 68.029807|mfi_89_sft <= Close_sft,LONG,Ret_96,244,173,1.2927,1.3375
mfi_24_sft >= 68.029807|roc_48_sft >= -0.08,LONG,Ret_72,262,187,1.3167,1.3367
mom_34_sft >= 17.719999|mfi_89_sft >= -4.24|rsi_144_sft >= 47.569965,LONG,Ret_48,225,311,1.321,1.2364
mfi_55_sft <= 56.83432|force_34_sft >= -1.21,LONG,Ret_96,355,220,1.2529,1.584
cmo_21_sft >= 0.823984|force_13_sft <= 0.25|rsi_120_sft <= 53.517298,LONG,Ret_72,243,157,1.3881,1.3621
roc_120_sft >= -4.58|roc_34_sft >= 1.253321|mom_21_sft >= -12.3684,LONG,Ret_48,239,218,1.2986,1.3864
mfi_48_sft >= 63.139385|rsi_55_sft >= 50.420631,LONG,Ret_48,222,167,1.4323,1.2831
force_24_sft >= 9.2|cmo_200_sft >= -8.760222|roc_34_sft <= 1.253321,LONG,Ret_96,367,236,1.2629,1.567
rsi_8_sft <= 71.994859|roc_89_sft >= 1.086906|force_21_sft >= 5.79,LONG,Ret_96,207,154,1.2709,1.5818
roc_55_sft >= -0.700301|roc_5_sft >= 0.409222,LONG,Ret_96,305,211,1.2527,1.5099
mfi_120_sft <= 50.774323|force_48_sft >= 7.23|force_13_sft >= 19496.171875,LONG,Ret_96,221,144,1.2523,1.782
mfi_200_sft <= 50.639187|force_55_sft >= 2.03,LONG,Ret_96,207,119,1.2786,1.539
cmo_21_sft >= 9.25|rsi_13_sft >= 50.449551,LONG,Ret_96,344,222,1.2747,1.3836
mom_200_sft <= 24.299999|mom_48_sft >= 10.59,LONG,Ret_72,246,153,1.2799,1.2163
mom_34_sft >= 17.719999|rsi_24_sft <= Close_sft,LONG,Ret_48,230,318,1.3163,1.1932
mfi_200_sft >= 54.207512|mom_48_sft >= -8.8005,LONG,Ret_72,213,163,1.2993,1.1232
force_21_sft >= -1002022.3125|mom_24_sft >= 6.988|rsi_34_sft <= 56.319788,LONG,Ret_96,251,195,1.3319,1.313
roc_89_sft <= 1.086906|mfi_48_sft >= 57.227482,LONG,Ret_96,225,143,1.3201,1.8361
mfi_144_sft <= 54.681004|force_120_sft >= 6.86,LONG,Ret_96,272,163,1.2621,1.5251
force_48_sft >= 774649.90625|mfi_5_sft >= 71.135685,LONG,Ret_96,257,194,1.3034,1.5737
rsi_200_sft <= 52.808514|force_34_sft >= -0.55,LONG,Ret_96,300,171,1.2664,1.3532
mfi_48_sft >= 50.552082|mfi_200_sft >= 54.207512,LONG,Ret_72,206,159,1.2736,1.0406
mfi_34_sft >= 58.335773|mfi_8_sft <= 66.559189,LONG,Ret_96,291,200,1.3174,1.2892
mfi_24_sft >= 68.029807|cmo_5_sft >= -27.580817,LONG,Ret_96,244,173,1.2927,1.3251
roc_34_sft >= 0.626954|force_34_sft <= 860495.4375,LONG,Ret_96,257,175,1.2719,0.994
mom_34_sft >= 6.18|roc_8_sft <= 3.44|mom_89_sft >= 1.27,LONG,Ret_96,269,194,1.2513,1.6194
roc_144_sft <= 0.99|mom_89_sft >= 1.27|cmo_89_sft >= -13.039774,LONG,Ret_72,310,180,1.2903,1.6728
mfi_34_sft >= 3.08|cmo_8_sft >= 23.995831|force_48_sft <= 774649.90625,LONG,Ret_96,304,191,1.2599,1.3974
mfi_48_sft >= 63.139385|cmo_34_sft >= 0.714002,LONG,Ret_48,225,171,1.4141,1.2845
roc_144_sft <= 2.706932|force_34_sft >= 3.37,LONG,Ret_96,359,210,1.2554,1.4717
force_200_sft <= 1039801.5625|mfi_34_sft >= 58.335773,LONG,Ret_96,282,183,1.2514,1.2463
force_34_sft <= 860495.4375|cmo_8_sft >= 23.995831,LONG,Ret_96,308,192,1.2734,1.4924
cmo_24_sft <= Close_sft|mfi_48_sft <= 63.139385|mfi_24_sft >= 68.029807,LONG,Ret_96,223,161,1.3936,1.4295
force_5_sft <= -0.72|force_89_sft >= -647329.84375|rsi_21_sft <= 43.427792,LONG,Ret_96,230,113,1.2524,1.3415
mfi_24_sft <= 68.029807|mfi_48_sft >= 57.227482,LONG,Ret_72,320,229,1.2535,1.3019
cmo_5_sft <= 1.056262|force_89_sft >= 3.9|cmo_5_sft >= -6.75,LONG,Ret_96,248,166,1.2591,1.469
mom_34_sft >= 17.719999|force_55_sft >= -6.41,LONG,Ret_48,224,291,1.2975,1.305
rsi_8_sft >= 61.997915|rsi_5_sft >= 77.301424,LONG,Ret_96,335,217,1.2534,1.4729
mom_34_sft >= 17.719999|rsi_24_sft >= 4.0,LONG,Ret_48,230,318,1.3163,1.1932
cmo_34_sft >= -6.46|mfi_120_sft <= 55.01005,LONG,Ret_96,346,220,1.2598,1.3459
rsi_5_sft >= 77.301424|cmo_89_sft <= 8.042563,LONG,Ret_96,255,149,1.3193,1.3209
mfi_8_sft >= 50.787197|force_8_sft >= 3517347.45|roc_8_sft <= Close_sft,LONG,Ret_96,286,211,1.3145,1.4297
cmo_24_sft <= 27.712602|mom_48_sft >= 10.59|force_120_sft <= 570012.21875,LONG,Ret_72,217,197,1.3309,1.2043
roc_5_sft <= -0.174879|force_8_sft >= -8.14,LONG,Ret_72,257,186,1.2795,1.1617
force_120_sft >= 0.23|force_120_sft <= 1342171.725|mom_8_sft >= 3.88,LONG,Ret_96,277,180,1.2791,1.3725
cmo_24_sft <= Close_sft|force_48_sft >= 0.11|roc_24_sft <= 0.502807,LONG,Ret_96,345,212,1.262,1.572
force_55_sft >= 739821.46875|mfi_48_sft >= 6.17|mfi_89_sft >= 50.597168,LONG,Ret_96,228,170,1.2816,1.5919
mom_55_sft >= 5.02|roc_89_sft <= 0.092346,LONG,Ret_72,233,166,1.2888,1.3017
mfi_34_sft >= 58.335773|mom_120_sft <= 2.288,LONG,Ret_72,209,116,1.3221,1.1454
roc_200_sft <= 1.707907|force_24_sft >= 8057.183594,LONG,Ret_96,321,182,1.2716,1.2286
rsi_5_sft >= 77.301424|rsi_89_sft >= 43.480112,LONG,Ret_96,329,216,1.2728,1.5318
mom_21_sft >= -5.6795|cmo_5_sft >= 54.602844,LONG,Ret_96,333,215,1.2572,1.4314
mfi_48_sft >= 57.227482|cmo_13_sft <= 35.82144|cmo_48_sft <= 10.774477,LONG,Ret_96,213,148,1.5164,1.4973
mfi_89_sft >= 50.597168|rsi_48_sft <= 55.387239,LONG,Ret_96,296,194,1.257,1.5629
mfi_21_sft >= 60.614326|roc_8_sft >= 0.540557,LONG,Ret_96,243,183,1.2621,1.3569
force_5_sft <= 6.42|force_48_sft >= -8.78,LONG,Ret_96,316,201,1.3498,1.573
cmo_89_sft <= 9.35|mom_34_sft >= 6.01,LONG,Ret_96,267,189,1.3086,1.2028
force_120_sft >= -1535445.75|roc_34_sft >= 1.253321,LONG,Ret_48,236,209,1.2559,1.3199
rsi_21_sft <= 64.71792|mom_24_sft >= -3.88|mfi_34_sft >= 65.187675,LONG,Ret_72,211,164,1.3922,1.4876
cmo_21_sft >= 3.71|mom_144_sft <= 2.657,LONG,Ret_96,219,127,1.2874,1.1915
mom_144_sft <= -3.52|roc_24_sft >= 0.029852,LONG,Ret_96,212,132,1.3451,1.0185
mom_34_sft >= 17.719999|rsi_5_sft >= -7.34,LONG,Ret_48,230,318,1.3163,1.1932
mfi_48_sft >= 63.139385|mfi_200_sft <= Close_sft|roc_55_sft >= -1.483987,LONG,Ret_48,229,173,1.4013,1.2477
force_55_sft >= -7.16|force_8_sft <= 1168048.875|cmo_89_sft >= -13.039774,LONG,Ret_96,330,204,1.3003,1.4998
roc_34_sft <= Close_sft|rsi_48_sft >= 50.390789|mfi_120_sft <= 50.774323,LONG,Ret_72,250,161,1.2774,1.8128
mfi_48_sft >= 63.139385|roc_200_sft >= -1.277307,LONG,Ret_48,218,162,1.2662,1.3383
rsi_5_sft >= 24.164919|cmo_13_sft <= 35.82144|mfi_21_sft >= 69.26593,LONG,Ret_96,237,157,1.2594,1.5769
force_48_sft >= Close_sft|mom_200_sft <= 3.638,LONG,Ret_96,213,122,1.4687,1.2769
cmo_5_sft >= 54.602844|cmo_144_sft <= 11.854179,LONG,Ret_96,309,186,1.2577,1.3137
mom_89_sft >= 1.27|mom_144_sft <= -0.03,LONG,Ret_72,205,118,1.2623,1.5609
mfi_21_sft >= 69.26593|mom_24_sft <= 14.8274,LONG,Ret_72,266,126,1.2811,1.4546
roc_89_sft >= 0.092346|force_24_sft >= 4.22|rsi_200_sft <= 52.808514,LONG,Ret_96,219,130,1.3903,1.7544
force_21_sft >= Close_sft|cmo_120_sft <= 7.034594|force_48_sft <= -2.22,LONG,Ret_96,232,137,1.2511,1.1331
rsi_24_sft >= 43.845545|roc_89_sft >= 0.092346|mom_144_sft <= 7.18,LONG,Ret_72,253,124,1.2856,1.7431
cmo_21_sft >= 15.52667|cmo_21_sft <= Close_sft|mfi_120_sft <= 55.01005,LONG,Ret_96,259,160,1.2797,1.4903
force_200_sft >= 23393.960938|mom_48_sft <= 5.39,LONG,Ret_96,229,130,1.2937,1.2207
mom_55_sft >= 8.61|mom_21_sft <= 0.33,LONG,Ret_96,221,179,1.275,1.4791
mfi_34_sft >= 58.335773|roc_24_sft <= 0.502807,LONG,Ret_96,270,172,1.2694,1.133
mom_34_sft >= 17.719999|mom_8_sft >= -3.16,LONG,Ret_48,229,308,1.3066,1.2934
mfi_34_sft >= 50.579842|force_144_sft >= 15666.625977|rsi_5_sft <= 36.209591,LONG,Ret_72,245,161,1.2875,1.342
roc_89_sft <= 0.092346|mfi_34_sft >= 58.335773,LONG,Ret_72,217,142,1.2554,1.1097
cmo_21_sft <= -2.51|mfi_120_sft <= 50.774323|mom_5_sft <= -0.48,LONG,Ret_96,280,167,1.2684,1.5257
mom_5_sft >= 9.25|force_24_sft >= -965932.75,LONG,Ret_72,271,267,1.2521,1.3764
force_48_sft >= 4972.991211|mfi_200_sft <= 50.639187,LONG,Ret_96,211,122,1.3204,1.3055
mom_34_sft >= 6.03|mfi_89_sft <= 55.650263,LONG,Ret_96,287,200,1.3451,1.3338
mfi_55_sft >= 50.516251|mfi_89_sft <= 55.650263|force_21_sft <= 9212.429688,LONG,Ret_96,266,168,1.2674,1.5832
force_48_sft >= 4972.991211|mom_21_sft <= 6.417|rsi_200_sft >= 8.99,LONG,Ret_96,344,199,1.2912,1.3963
mfi_48_sft >= 50.552082|mfi_89_sft <= 50.597168,LONG,Ret_96,261,166,1.3426,1.3337
roc_34_sft >= 1.253321|cmo_8_sft >= 0.9255|cmo_21_sft <= Close_sft,LONG,Ret_48,239,218,1.2506,1.2043
cmo_13_sft >= 0.899098|mfi_48_sft >= 63.139385|mfi_89_sft <= Close_sft,LONG,Ret_48,226,172,1.3862,1.291
mom_34_sft >= 17.719999|rsi_120_sft <= Close_sft,LONG,Ret_48,230,318,1.3163,1.1932
force_34_sft >= 8.7|cmo_200_sft >= -8.760222,LONG,Ret_96,366,239,1.2525,1.4497
rsi_5_sft >= 77.301424|mom_21_sft <= 7.58,LONG,Ret_96,285,137,1.2866,1.64
mfi_144_sft <= 54.681004|force_89_sft >= -1.56,LONG,Ret_96,288,167,1.2872,1.54
force_144_sft <= 532244.5|cmo_120_sft <= Close_sft|cmo_8_sft >= 43.989711,LONG,Ret_96,216,126,1.2905,1.6433
rsi_48_sft <= 55.387239|force_89_sft >= 7.23|rsi_5_sft >= 77.301424,LONG,Ret_72,222,127,1.3117,1.1711
mfi_24_sft >= 68.029807|mom_120_sft >= 2.288,LONG,Ret_72,227,157,1.3101,1.531
cmo_13_sft >= -32.527008|mfi_5_sft >= 86.041183|roc_24_sft >= -0.11,LONG,Ret_96,323,209,1.3471,1.5457
mfi_34_sft >= 58.335773|cmo_24_sft <= 14.674236|rsi_34_sft <= Close_sft,LONG,Ret_72,319,219,1.3165,1.3311
mfi_24_sft >= 68.029807|rsi_5_sft <= Close_sft,LONG,Ret_96,244,173,1.2927,1.3375
mom_89_sft <= 15.168|rsi_5_sft >= 77.301424,LONG,Ret_96,280,149,1.3307,1.2273
mfi_24_sft >= 68.029807|cmo_8_sft >= 23.995831,LONG,Ret_96,228,161,1.4463,1.5133
rsi_8_sft >= 50.462749|mfi_24_sft >= 68.029807,LONG,Ret_96,243,169,1.309,1.3681
mfi_48_sft >= 63.139385|rsi_55_sft <= Close_sft|rsi_144_sft >= 0.37,LONG,Ret_48,229,173,1.4068,1.2537
force_48_sft >= 774649.90625|roc_48_sft <= 0.772961,LONG,Ret_96,228,167,1.3213,1.5723
roc_34_sft >= 1.14,LONG,Ret_72,233,198,1.2783,1.5151
mfi_21_sft >= 69.26593|roc_34_sft <= 1.253321,LONG,Ret_96,240,148,1.2632,1.4803
cmo_21_sft >= -13.144417|roc_34_sft >= 1.253321,LONG,Ret_48,241,221,1.2722,1.2579
cmo_120_sft >= -11.273278|mfi_21_sft >= 69.26593|rsi_8_sft >= 71.994859,LONG,Ret_96,203,151,1.3868,1.7002
roc_55_sft >= -7.5|mfi_48_sft >= 63.139385|mfi_24_sft >= 4.03,LONG,Ret_48,229,173,1.4068,1.2537
rsi_13_sft >= 59.544155|mfi_24_sft >= 68.029807,LONG,Ret_96,225,163,1.3834,1.4859
mfi_13_sft <= 38.218019|force_34_sft >= Close_sft,LONG,Ret_48,335,207,1.2522,1.1972
mfi_24_sft >= 68.029807|rsi_13_sft >= 59.544155,LONG,Ret_96,225,163,1.3834,1.4859
roc_34_sft >= 1.253321|mfi_5_sft >= 15.34515,LONG,Ret_48,240,220,1.2628,1.2495
rsi_13_sft >= 59.544155|mom_55_sft <= 0.65|cmo_55_sft >= -3.17,LONG,Ret_96,201,124,1.399,1.5441
roc_24_sft <= Close_sft|mfi_200_sft <= 56.934808|mfi_24_sft >= 68.029807,LONG,Ret_96,218,148,1.4393,1.3269
mfi_120_sft <= 50.774323|mom_5_sft >= -1.64|mom_144_sft <= Close_sft,LONG,Ret_96,303,188,1.26,1.6437
mom_34_sft <= Close_sft|mom_34_sft >= 17.719999,LONG,Ret_48,230,318,1.3163,1.1932
force_55_sft >= -2026038.8|mfi_48_sft >= 63.139385,LONG,Ret_48,229,173,1.4068,1.2537
cmo_55_sft <= 8.91|mom_89_sft >= 9.2,LONG,Ret_96,228,171,1.2572,1.5188
mom_48_sft <= 22.0144|force_55_sft >= 7923.229004|mfi_24_sft >= 68.029807,LONG,Ret_72,242,131,1.3572,1.2032
mfi_24_sft >= 68.029807|mom_21_sft <= Close_sft,LONG,Ret_96,244,173,1.2927,1.3375
mom_34_sft >= 17.719999|cmo_8_sft >= -40.457375,LONG,Ret_48,230,318,1.3163,1.1899
force_8_sft >= 3517347.45|force_55_sft >= -765378.0,LONG,Ret_96,289,207,1.2681,1.5236
cmo_5_sft >= 54.602844|cmo_13_sft >= -2.76,LONG,Ret_96,335,217,1.2517,1.4729
mom_8_sft >= -3.16|mfi_200_sft >= 54.207512|mfi_48_sft >= 44.007746,LONG,Ret_72,214,162,1.2612,1.1908
mfi_48_sft >= 63.139385|mfi_21_sft >= -8.44,LONG,Ret_48,229,173,1.4068,1.2537
mom_5_sft <= Close_sft|roc_34_sft >= 1.253321,LONG,Ret_48,241,221,1.2631,1.2579
mfi_34_sft >= 58.335773|mfi_89_sft >= 50.597168|mom_13_sft >= -9.4892,LONG,Ret_96,255,169,1.2605,1.6795
roc_34_sft >= 1.253321|cmo_5_sft >= -51.670161|rsi_144_sft >= 44.839319,LONG,Ret_48,241,221,1.2722,1.2362
force_34_sft >= -9.08|mom_144_sft <= 36.734401,LONG,Ret_96,358,184,1.3086,1.4886
mfi_13_sft >= 63.271347|force_120_sft >= 570012.21875,LONG,Ret_72,237,185,1.2728,1.6617
force_55_sft <= Close_sft|cmo_34_sft >= 1.31,LONG,Ret_96,205,145,1.2592,1.2304
force_34_sft >= 7.1|force_21_sft <= 980778.65625,LONG,Ret_96,354,210,1.2787,1.5149
roc_13_sft >= 0.339135|mfi_5_sft >= 86.041183,LONG,Ret_96,297,202,1.3163,1.5132
mfi_24_sft >= 68.029807|force_24_sft >= -965932.75,LONG,Ret_96,244,172,1.2927,1.3418
mom_55_sft <= -0.83|force_120_sft >= Close_sft|mom_24_sft <= Close_sft,LONG,Ret_96,202,120,1.3693,0.9545
mfi_5_sft >= 86.041183|roc_21_sft >= 0.023918,LONG,Ret_96,319,206,1.3275,1.6103
mom_89_sft >= 5.56|force_21_sft >= Close_sft,LONG,Ret_72,359,242,1.3368,1.5434
mfi_21_sft >= 69.26593|mfi_24_sft <= 68.029807,LONG,Ret_96,234,156,1.287,1.5251
mfi_21_sft >= 60.614326|roc_144_sft <= 1.75|mom_5_sft >= -2.4205,LONG,Ret_96,295,166,1.2763,1.4312
cmo_5_sft >= 54.602844|roc_120_sft <= 2.482338,LONG,Ret_96,308,182,1.2766,1.4609
mom_34_sft >= 6.5|rsi_8_sft <= Close_sft,LONG,Ret_96,326,232,1.318,1.3441
force_8_sft <= 1168048.875|mom_34_sft <= Close_sft|mfi_21_sft >= 69.26593,LONG,Ret_96,204,135,1.3885,1.7486
mfi_48_sft >= 57.227482|cmo_144_sft <= 7.04|rsi_34_sft >= 44.767157,LONG,Ret_96,203,137,1.4197,1.5061
force_8_sft >= 3517347.45|cmo_34_sft >= 4.35|mfi_24_sft >= 33.003491,LONG,Ret_96,262,197,1.2619,1.4044
mfi_21_sft >= 60.614326|mom_144_sft <= 4.01,LONG,Ret_96,216,122,1.299,1.011
cmo_120_sft >= -6.17|roc_200_sft <= 0.267701|force_5_sft >= 1261102.5,LONG,Ret_96,202,131,1.3021,1.2455
force_5_sft >= -1178842.5|mfi_24_sft >= 68.029807,LONG,Ret_96,244,171,1.2929,1.365
mfi_21_sft >= 69.26593|force_24_sft <= 2605860.6,LONG,Ret_96,233,137,1.336,1.7899
mfi_24_sft >= 68.029807|mom_21_sft >= -0.36,LONG,Ret_96,242,170,1.2967,1.3664
mfi_24_sft >= 68.029807|mom_48_sft >= -19.2672,LONG,Ret_72,284,196,1.2694,1.315
mfi_48_sft >= 63.139385|rsi_48_sft >= -6.52,LONG,Ret_48,229,173,1.4068,1.2537
cmo_144_sft <= 6.532958|mom_24_sft >= 6.988,LONG,Ret_96,246,177,1.3226,1.1151
roc_48_sft <= Close_sft|mom_34_sft >= 17.719999|rsi_21_sft >= 43.427792,LONG,Ret_48,229,318,1.3062,1.1921
mfi_120_sft <= 50.774323|force_89_sft >= Close_sft,LONG,Ret_72,239,148,1.2753,1.8342
roc_48_sft >= 0.772961|roc_13_sft <= 0.719682|force_48_sft >= Close_sft,LONG,Ret_72,302,213,1.2824,1.3894
mfi_55_sft >= 56.83432|mom_24_sft >= -6.1795|force_8_sft >= -7.6,LONG,Ret_72,304,215,1.2651,1.2967
roc_89_sft <= 1.086906|roc_5_sft <= 0.005459|cmo_24_sft >= 2.5,LONG,Ret_72,324,187,1.286,1.3272
roc_144_sft >= -2.339845|mfi_48_sft >= 63.139385,LONG,Ret_48,227,172,1.376,1.2852
mfi_24_sft >= 68.029807|force_5_sft <= 1261102.5,LONG,Ret_72,236,171,1.2754,1.0509
mfi_89_sft >= 50.597168|mfi_24_sft >= 59.951464,LONG,Ret_72,325,221,1.2799,1.4326
force_24_sft <= 945736.46875|mfi_5_sft >= -9.31|force_48_sft >= Close_sft,LONG,Ret_96,334,199,1.2878,1.4979
cmo_13_sft >= 35.82144|mom_55_sft <= 11.248,LONG,Ret_96,202,84,1.3811,2.8839
mom_120_sft <= 5.65|force_34_sft >= Close_sft,LONG,Ret_96,264,145,1.2586,1.3591
force_55_sft >= -8.62|mom_144_sft >= 2.657,LONG,Ret_72,353,226,1.2881,1.6779
force_120_sft >= 570012.21875|force_8_sft <= 3517347.45,LONG,Ret_72,238,184,1.2976,1.3251
force_48_sft >= Close_sft|mom_8_sft <= 0.109|force_24_sft >= 945736.46875,LONG,Ret_96,206,166,1.3466,1.4915
mom_144_sft <= 36.734401|mfi_24_sft >= 68.029807|mfi_21_sft >= 50.517838,LONG,Ret_96,221,115,1.4188,1.1864
force_34_sft >= 5934.621094|rsi_200_sft >= 45.619888,LONG,Ret_96,366,239,1.2533,1.4492
mom_48_sft <= -8.8005|rsi_120_sft >= 47.303051,LONG,Ret_96,204,168,1.3191,1.5206
force_89_sft >= -4.93|cmo_21_sft <= 29.435844|roc_144_sft <= 2.706932,LONG,Ret_96,314,184,1.3101,1.5969
mfi_21_sft >= 69.26593|mom_55_sft <= 23.58,LONG,Ret_72,286,156,1.2698,1.3732
mfi_48_sft >= 63.139385|roc_48_sft >= -1.09,LONG,Ret_48,229,173,1.4068,1.2537
mfi_34_sft >= 58.335773|cmo_5_sft <= -27.580817,LONG,Ret_72,226,169,1.3942,1.2789
mom_13_sft <= 10.2784|rsi_5_sft >= 77.301424,LONG,Ret_96,308,147,1.2604,1.6206
cmo_8_sft <= 6.38|roc_48_sft >= 0.772961,LONG,Ret_96,218,167,1.2926,1.6074
mfi_48_sft >= 63.139385|cmo_24_sft >= -12.308913,LONG,Ret_48,229,173,1.4068,1.2537
roc_120_sft <= 2.482338|roc_55_sft >= 0.822681,LONG,Ret_72,280,186,1.2666,1.3085
force_144_sft >= Close_sft|mfi_24_sft >= 68.029807|rsi_120_sft >= 50.471382,LONG,Ret_48,270,185,1.3563,1.203
force_34_sft >= -2.63|rsi_21_sft >= -4.52|mfi_13_sft <= 38.218019,LONG,Ret_48,335,207,1.2522,1.1972
roc_5_sft >= 0.005459|force_24_sft >= -1.58|rsi_144_sft <= 53.266479,LONG,Ret_96,315,181,1.2631,1.1484
roc_24_sft >= 1.034501|mom_120_sft <= 34.8406|force_13_sft <= 3116180.5,LONG,Ret_72,201,106,1.2505,1.4908
force_21_sft >= 9212.429688|mom_200_sft <= 3.638,LONG,Ret_96,240,139,1.2799,1.1014
roc_34_sft >= 1.253321|mfi_13_sft >= 27.640554,LONG,Ret_48,241,221,1.2631,1.2599
rsi_13_sft >= 1.5|mom_34_sft >= 17.719999,LONG,Ret_48,230,318,1.3163,1.1932
roc_89_sft <= 1.086906|mfi_24_sft >= 68.029807,LONG,Ret_72,209,130,1.3932,1.1825
mfi_55_sft <= 56.83432|mfi_24_sft >= 68.029807,LONG,Ret_72,202,139,1.446,1.5862
mfi_34_sft >= 58.335773|rsi_144_sft <= Close_sft|cmo_89_sft <= 6.38,LONG,Ret_72,269,164,1.3095,1.1153
cmo_55_sft >= 8.49|mfi_24_sft >= 68.029807,LONG,Ret_72,220,151,1.3007,1.4301
mfi_48_sft >= 63.139385|rsi_8_sft <= Close_sft|rsi_13_sft >= 33.736496,LONG,Ret_48,229,173,1.4068,1.2537
force_120_sft >= Close_sft|mom_89_sft <= 3.07,LONG,Ret_96,222,112,1.2975,1.1995
roc_89_sft <= 0.11|force_13_sft <= Close_sft|mom_48_sft >= 0.569,LONG,Ret_96,211,131,1.2749,1.1747
roc_120_sft <= 1.28032|force_89_sft >= 628137.0625|force_55_sft >= 7923.229004,LONG,Ret_48,231,165,1.2815,1.5118
mfi_48_sft >= 57.227482|rsi_34_sft >= 56.319788,LONG,Ret_48,319,236,1.2574,1.1399
roc_21_sft <= 0.954321|mfi_48_sft >= 57.227482,LONG,Ret_72,314,220,1.2692,1.489
cmo_5_sft >= 54.602844|roc_5_sft >= 0.189689|mom_5_sft <= 8.22,LONG,Ret_96,301,133,1.424,1.2689
mom_144_sft <= 36.734401|cmo_8_sft >= 23.995831,LONG,Ret_96,342,187,1.2823,1.2696
cmo_21_sft >= -13.144417|cmo_5_sft >= 54.602844,LONG,Ret_96,335,217,1.2613,1.4684
rsi_5_sft >= 77.301424|roc_13_sft >= -0.307263|roc_55_sft <= 0.822681,LONG,Ret_96,291,175,1.2613,1.5975
roc_89_sft >= -0.891893|mom_55_sft <= 23.58|mfi_55_sft >= 56.83432,LONG,Ret_72,290,152,1.2745,1.5792
force_24_sft >= Close_sft|roc_89_sft <= 2.150699,LONG,Ret_96,371,232,1.2515,1.409
cmo_13_sft >= 35.82144|mom_89_sft <= 15.168,LONG,Ret_96,209,107,1.2743,1.1503
rsi_5_sft >= 77.301424|rsi_89_sft <= 54.02128,LONG,Ret_96,255,149,1.3193,1.3209
rsi_5_sft <= 36.209591|roc_34_sft >= 0.43,LONG,Ret_96,222,157,1.4272,1.707
mfi_55_sft >= -6.08|force_48_sft >= Close_sft|mom_89_sft <= 29.907,LONG,Ret_96,352,199,1.3004,1.4991
roc_144_sft <= 1.420344|cmo_34_sft >= -20.779138|mom_89_sft >= -5.17,LONG,Ret_96,316,176,1.2608,1.7413
rsi_8_sft >= 61.997915|force_120_sft >= -593327.0,LONG,Ret_96,339,218,1.2599,1.3839
force_24_sft >= 8057.183594|rsi_5_sft >= 36.209591|mfi_120_sft <= 55.01005,LONG,Ret_96,338,198,1.3402,1.4212
mom_34_sft >= 17.719999|roc_55_sft >= -1.483987,LONG,Ret_48,228,309,1.3204,1.2276
mfi_24_sft >= 68.029807|force_21_sft >= -7.74|force_24_sft >= 1.35,LONG,Ret_96,242,170,1.2623,1.3427
force_120_sft >= -593327.0|rsi_8_sft >= 61.997915,LONG,Ret_96,339,218,1.2599,1.3839
mom_120_sft <= 17.629001|rsi_89_sft >= 50.480328,LONG,Ret_96,273,146,1.2884,1.7522
mom_89_sft >= 1.27|force_24_sft >= 8.21,LONG,Ret_96,303,202,1.271,1.6888
cmo_24_sft >= 8.39|rsi_89_sft >= 46.818644|force_8_sft >= -7.39,LONG,Ret_96,332,215,1.2948,1.5515
cmo_34_sft <= 12.639574|mom_24_sft >= 6.988,LONG,Ret_96,259,208,1.3375,1.2582
mom_34_sft >= 17.719999|rsi_89_sft >= 5.84,LONG,Ret_48,230,318,1.3163,1.1932
mom_34_sft >= -1.68|force_34_sft >= 5934.621094,LONG,Ret_96,361,233,1.3062,1.5553
roc_55_sft >= 0.3|mfi_144_sft <= 57.973013,LONG,Ret_96,317,204,1.26,1.5679
force_8_sft >= 3517347.45|cmo_120_sft >= -5.393899|mfi_8_sft >= 50.787197,LONG,Ret_96,265,204,1.2657,1.3603
roc_48_sft <= -0.651132|mfi_48_sft >= 44.007746,LONG,Ret_48,302,188,1.286,1.1341
cmo_144_sft >= -4.860069|rsi_8_sft >= 61.997915|mom_21_sft <= Close_sft,LONG,Ret_96,328,228,1.3117,1.4547
rsi_24_sft >= 57.337118|force_89_sft >= -0.47|mfi_24_sft >= 68.029807,LONG,Ret_72,233,166,1.3865,1.4252
rsi_21_sft >= 57.763334|roc_34_sft <= 0.626954,LONG,Ret_96,271,168,1.3184,1.4207
force_24_sft >= 8057.183594|mom_89_sft >= 1.27,LONG,Ret_96,302,202,1.2622,1.6883
mfi_24_sft >= 68.029807|force_21_sft >= Close_sft,LONG,Ret_96,243,171,1.256,1.3366
mfi_13_sft <= 63.271347|roc_144_sft <= 2.706932|cmo_48_sft >= 0.78158,LONG,Ret_96,313,194,1.2839,1.6778
mfi_21_sft >= 69.26593|mom_144_sft >= -6.32,LONG,Ret_72,253,170,1.3108,1.7047
mfi_48_sft >= 44.007746|rsi_48_sft >= 41.254455|mfi_120_sft <= 50.774323,LONG,Ret_96,279,176,1.427,1.4118
rsi_55_sft <= 59.538796|mfi_21_sft >= 69.26593,LONG,Ret_96,232,150,1.2974,1.4112
cmo_144_sft <= 9.42|force_34_sft >= Close_sft,LONG,Ret_96,346,199,1.3137,1.3148
mfi_89_sft >= 50.597168|force_89_sft >= 1.19,LONG,Ret_96,282,186,1.2671,1.5904
force_120_sft >= -7.22|mom_55_sft <= 0.65|mfi_120_sft <= 55.01005,LONG,Ret_72,221,123,1.3239,1.3635
mom_144_sft <= 2.657|mfi_5_sft >= 30.978184,LONG,Ret_96,306,172,1.2627,1.343
rsi_24_sft >= 50.393036|roc_200_sft <= 0.267701,LONG,Ret_96,228,136,1.2966,1.1345
cmo_8_sft >= 23.995831|mom_34_sft >= 17.719999,LONG,Ret_48,216,287,1.2736,1.2233
roc_5_sft <= Close_sft|mom_34_sft >= 17.719999|mom_21_sft <= Close_sft,LONG,Ret_48,230,318,1.3163,1.1932
mfi_200_sft <= 46.982355|roc_5_sft >= 0.189689,LONG,Ret_48,221,134,1.2812,1.1363
roc_120_sft <= 2.482338|force_48_sft >= Close_sft,LONG,Ret_96,344,204,1.2877,1.5603
roc_144_sft >= -1.25|force_13_sft <= -3159099.6,LONG,Ret_96,217,167,1.2839,1.43
rsi_21_sft >= -4.85|mfi_24_sft >= 68.029807,LONG,Ret_96,244,173,1.2927,1.3375
rsi_144_sft >= -2.6|mfi_200_sft <= 50.639187|force_55_sft >= 7923.229004,LONG,Ret_96,207,118,1.2634,1.4984
force_5_sft >= 1261102.5|force_48_sft >= Close_sft|roc_8_sft >= 0.540557,LONG,Ret_96,274,200,1.2806,1.3433
mom_34_sft >= 6.62,LONG,Ret_96,324,232,1.3234,1.3596
roc_120_sft >= -1.008683|mfi_24_sft >= 68.029807|roc_48_sft <= 1.544718,LONG,Ret_72,242,154,1.2884,1.6832
rsi_55_sft >= 45.890608|mfi_48_sft >= 57.227482,LONG,Ret_72,323,232,1.2563,1.289
force_48_sft >= 1.41|roc_89_sft <= 2.150699,LONG,Ret_96,352,218,1.3346,1.5235
cmo_144_sft >= -4.860069|rsi_5_sft >= 77.301424,LONG,Ret_96,301,206,1.3134,1.5209
mom_8_sft <= -3.16|mfi_89_sft >= 50.597168,LONG,Ret_96,257,184,1.2652,1.4089
mom_21_sft >= -12.3684|roc_89_sft <= 0.092346|force_120_sft >= -9.26,LONG,Ret_96,205,112,1.2713,1.2716
rsi_21_sft >= -9.18|cmo_21_sft >= 9.43,LONG,Ret_96,344,219,1.2962,1.4551
rsi_120_sft >= -7.88|mfi_120_sft <= 50.774323|roc_24_sft >= -0.448428,LONG,Ret_96,288,177,1.2826,1.5137
force_21_sft >= 980778.65625|mom_8_sft <= 7.757,LONG,Ret_96,322,205,1.2576,1.2829
force_34_sft >= 5934.621094|roc_144_sft <= 2.706932|mfi_120_sft <= 50.774323,LONG,Ret_96,242,144,1.3208,1.6198
force_8_sft >= 3517347.45|roc_34_sft >= 0.035466,LONG,Ret_96,260,201,1.3153,1.481
mfi_120_sft <= 50.774323|mom_8_sft <= -3.16|force_120_sft <= 1342171.725,LONG,Ret_96,281,176,1.2755,1.5448
mom_55_sft <= 0.65|mom_34_sft >= 5.07|cmo_13_sft >= -16.753895,LONG,Ret_96,220,169,1.5298,1.5007
force_89_sft >= 7990.140625|roc_24_sft >= 1.034501,LONG,Ret_96,201,161,1.3039,1.362
mfi_8_sft <= Close_sft|mfi_21_sft >= 69.26593|force_24_sft <= 2605860.6,LONG,Ret_96,233,137,1.336,1.7899
force_24_sft >= Close_sft|rsi_120_sft <= 53.517298|roc_5_sft <= -0.174879,LONG,Ret_72,253,152,1.3669,1.1414
cmo_144_sft >= -4.860069|mom_144_sft <= 2.657|mfi_5_sft >= 50.859138,LONG,Ret_96,242,142,1.2792,1.284
rsi_5_sft >= 77.301424|mom_24_sft <= 6.988,LONG,Ret_96,273,141,1.3339,1.7056
cmo_13_sft <= 19.088308|mom_144_sft <= Close_sft|mfi_34_sft >= 58.335773,LONG,Ret_72,337,230,1.2846,1.3329
mfi_8_sft <= 66.559189|mfi_34_sft >= 58.335773|rsi_55_sft >= 50.420631,LONG,Ret_96,255,171,1.3839,1.6342
force_200_sft >= Close_sft|roc_120_sft <= 2.482338|force_55_sft <= 739821.46875,LONG,Ret_96,241,128,1.3592,1.4019
roc_55_sft <= Close_sft|mfi_24_sft >= 68.029807,LONG,Ret_96,244,173,1.2927,1.3375
mfi_120_sft <= 50.774323|cmo_89_sft >= -8.07,LONG,Ret_96,289,181,1.269,1.4551
mfi_24_sft >= 68.029807|rsi_13_sft >= 41.623053|roc_13_sft >= -3.95,LONG,Ret_96,244,172,1.2927,1.3373
cmo_8_sft >= 43.989711|mom_5_sft <= 5.89,LONG,Ret_96,248,126,1.3929,1.271
roc_200_sft <= Close_sft|cmo_120_sft <= -3.44|roc_5_sft >= 0.005459,LONG,Ret_96,200,114,1.259,1.2732
mfi_48_sft >= 63.139385|rsi_24_sft >= -4.33,LONG,Ret_48,229,173,1.4068,1.2537
cmo_5_sft >= 54.602844|mom_8_sft >= -3.16|force_55_sft >= -765378.0,LONG,Ret_96,321,209,1.4273,1.3305
mom_13_sft <= 0.59|force_34_sft >= 5934.621094,LONG,Ret_96,325,202,1.2724,1.4931
mfi_34_sft >= 58.335773|force_8_sft >= 13648.508789|rsi_13_sft >= 67.910724,LONG,Ret_96,215,154,1.3231,1.937
cmo_5_sft <= 7.3|roc_24_sft >= -0.949891|mfi_120_sft <= 50.774323,LONG,Ret_96,298,177,1.2512,1.5187
roc_5_sft <= -0.174879|force_55_sft >= 7.97,LONG,Ret_96,271,189,1.2849,1.4761
roc_13_sft <= 0.719682|mom_144_sft >= -0.75|roc_34_sft >= 0.626954,LONG,Ret_96,234,165,1.2795,1.3485
mfi_34_sft >= 58.335773|cmo_13_sft <= 5.43|rsi_48_sft <= 60.176003,LONG,Ret_96,226,160,1.3099,1.1822
roc_34_sft >= 1.253321|rsi_24_sft <= Close_sft,LONG,Ret_48,241,221,1.2631,1.2579
force_5_sft <= Close_sft|roc_120_sft <= Close_sft|force_48_sft >= Close_sft,LONG,Ret_96,316,201,1.3465,1.5739
cmo_24_sft >= -5.06|roc_200_sft <= 0.267701,LONG,Ret_96,251,148,1.2652,1.131
mom_48_sft <= 0.569|rsi_24_sft >= 50.393036|mfi_8_sft >= 66.559189,LONG,Ret_96,239,159,1.2557,1.2582
force_48_sft >= -2110439.75|mom_34_sft >= 17.719999,LONG,Ret_48,228,311,1.2923,1.3107
rsi_5_sft >= 65.274124|mfi_24_sft >= 68.029807|roc_24_sft >= -5.62,LONG,Ret_96,226,160,1.4191,1.5272
cmo_21_sft >= 15.52667|mfi_21_sft >= 69.26593,LONG,Ret_72,265,188,1.268,1.3817
force_89_sft >= -647329.84375|cmo_5_sft >= 54.602844,LONG,Ret_96,315,206,1.3022,1.3072
roc_48_sft >= 0.772961|mom_24_sft <= 14.8274,LONG,Ret_72,314,211,1.3036,1.7257
cmo_8_sft >= 43.989711|mom_8_sft >= -1.41|cmo_13_sft <= 35.82144,LONG,Ret_96,245,149,1.2847,1.4906
roc_13_sft <= -0.09|force_24_sft >= 7.97,LONG,Ret_96,291,192,1.2641,1.4361
mfi_24_sft >= 59.951464|roc_24_sft <= 1.034501|force_5_sft >= 3922685.65,LONG,Ret_48,262,194,1.2516,1.3404
roc_200_sft <= 0.267701|cmo_5_sft >= 1.056262|force_120_sft >= -593327.0,LONG,Ret_96,222,125,1.2976,1.3498
cmo_48_sft >= -8.815736|mom_144_sft <= -1.53,LONG,Ret_96,248,146,1.2869,1.2011
rsi_5_sft >= 77.301424|cmo_120_sft <= 13.012614,LONG,Ret_96,307,189,1.3043,1.562
roc_8_sft <= 2.91|roc_34_sft >= 1.253321,LONG,Ret_48,241,220,1.2631,1.3557
mfi_48_sft >= 63.139385|mfi_34_sft <= Close_sft,LONG,Ret_48,229,173,1.4068,1.2537
roc_8_sft >= 0.007914|mfi_24_sft >= 68.029807,LONG,Ret_96,241,167,1.3226,1.4054
mfi_48_sft >= 57.227482|rsi_5_sft >= -8.44|force_13_sft >= 3.8,LONG,Ret_72,318,227,1.2578,1.3229
mfi_48_sft >= 63.139385|mom_21_sft >= -5.6795,LONG,Ret_48,229,172,1.4032,1.2774
rsi_48_sft >= 45.592133|mfi_48_sft >= 63.139385|mfi_144_sft >= 46.419693,LONG,Ret_48,224,172,1.378,1.273
mom_55_sft >= 11.248|rsi_13_sft >= 50.449551|roc_120_sft <= 2.482338,LONG,Ret_72,262,209,1.3668,1.5666
cmo_8_sft >= 5.82|mfi_48_sft >= 63.139385,LONG,Ret_48,221,172,1.3899,1.2762
cmo_34_sft <= 3.12|force_89_sft >= 7990.140625|force_13_sft <= 1072989.0,LONG,Ret_96,208,117,1.2557,1.2498
cmo_89_sft <= Close_sft|mfi_13_sft >= 73.754567|mom_21_sft <= 6.417,LONG,Ret_72,264,144,1.2943,1.2774
mfi_144_sft >= 50.847649|roc_55_sft >= 0.047226|rsi_13_sft >= 59.544155,LONG,Ret_96,228,156,1.2513,2.1035
cmo_13_sft >= 19.088308|mom_200_sft <= 24.299999,LONG,Ret_96,276,138,1.275,1.464
rsi_8_sft >= 29.771312|mom_34_sft >= 6.15,LONG,Ret_96,327,233,1.2759,1.3526
cmo_8_sft >= 5.78|mfi_21_sft >= 60.614326|roc_8_sft >= 0.540557,LONG,Ret_96,243,182,1.2577,1.4028
mom_89_sft <= 15.168|rsi_24_sft >= 57.337118|rsi_34_sft <= 56.319788,LONG,Ret_72,204,118,1.4365,1.2902
mfi_8_sft >= -4.41|mom_34_sft >= 17.719999,LONG,Ret_48,230,318,1.3163,1.1932
mom_13_sft <= 10.2784|rsi_8_sft >= 71.994859,LONG,Ret_96,266,98,1.3223,1.6434
mom_144_sft <= -0.64|force_13_sft >= Close_sft,LONG,Ret_96,247,144,1.2592,1.1832
mfi_24_sft >= 68.029807|mom_89_sft <= 15.168,LONG,Ret_72,212,114,1.3515,1.1483
rsi_55_sft >= 55.05838|mom_8_sft <= 7.757,LONG,Ret_72,276,168,1.2513,1.462
roc_24_sft >= -0.949891|mom_34_sft >= 17.719999,LONG,Ret_48,229,317,1.3062,1.1929
roc_55_sft <= 0.047226|cmo_34_sft >= 4.0|cmo_13_sft <= Close_sft,LONG,Ret_96,224,151,1.4069,1.5811
mfi_24_sft >= 68.029807|force_89_sft >= Close_sft|force_200_sft >= -495097.75,LONG,Ret_72,249,170,1.3027,1.4354
roc_34_sft >= -0.541601|roc_34_sft >= 1.253321,LONG,Ret_48,241,221,1.2631,1.2579
mfi_120_sft <= 50.774323|roc_89_sft >= 0.092346,LONG,Ret_72,239,153,1.3768,1.822
mfi_120_sft <= 50.774323|cmo_144_sft >= -0.63,LONG,Ret_72,235,155,1.2868,1.7697
mom_144_sft <= 2.657|force_8_sft >= Close_sft|force_34_sft >= -882131.46875,LONG,Ret_96,266,143,1.2807,1.0257
mfi_48_sft >= 50.552082|force_5_sft <= 9.76|cmo_21_sft >= -4.02,LONG,Ret_96,304,202,1.2573,1.6654
cmo_24_sft >= 0.786075|roc_55_sft <= 1.667344|force_89_sft >= -1.1,LONG,Ret_96,318,202,1.2834,1.4758
mfi_24_sft >= 68.029807|force_144_sft >= 5.56,LONG,Ret_72,238,164,1.3559,1.4539
mfi_21_sft >= 69.26593|roc_34_sft <= 0.626954,LONG,Ret_72,206,134,1.3613,1.4478
force_48_sft >= 4972.991211|mom_200_sft <= 24.299999|force_21_sft >= 9212.429688,LONG,Ret_96,293,148,1.39,1.277
cmo_55_sft <= 10.116759|rsi_24_sft >= 57.337118|mom_89_sft >= -11.923,LONG,Ret_72,233,122,1.2579,1.5322
rsi_48_sft <= 55.387239|mfi_34_sft >= 58.335773,LONG,Ret_96,251,166,1.3449,1.0138
cmo_5_sft >= -3.7|mfi_48_sft >= 63.139385,LONG,Ret_48,221,173,1.454,1.234
roc_89_sft <= 1.086906|mfi_120_sft <= 50.774323,LONG,Ret_96,307,184,1.2661,1.5331
roc_21_sft <= 0.954321|force_48_sft >= Close_sft,LONG,Ret_96,361,228,1.2545,1.6962
rsi_200_sft >= 1.02|roc_34_sft >= 1.253321,LONG,Ret_48,241,221,1.2631,1.2579
cmo_24_sft >= -6.94|mom_34_sft >= 17.719999,LONG,Ret_48,228,314,1.3016,1.2585
rsi_34_sft <= Close_sft|mom_13_sft >= -4.19|mom_34_sft >= 17.719999,LONG,Ret_48,230,308,1.3166,1.3217
mfi_34_sft >= 58.335773|mom_8_sft <= 0.109,LONG,Ret_72,318,220,1.2852,1.1365
force_48_sft >= -9.24|mfi_48_sft >= 63.139385,LONG,Ret_48,224,171,1.416,1.2576
roc_48_sft >= -1.387169|mfi_24_sft >= 68.029807,LONG,Ret_72,283,199,1.2627,1.3387
force_48_sft >= 4972.991211|mfi_120_sft <= 55.01005,LONG,Ret_96,321,189,1.2659,1.5256
mfi_48_sft >= 63.139385|mfi_120_sft >= 46.115835,LONG,Ret_48,224,172,1.3913,1.2376
mfi_144_sft <= 54.681004|rsi_24_sft >= 57.337118|mfi_144_sft >= 43.121041,LONG,Ret_96,232,150,1.2506,1.5632
roc_48_sft <= Close_sft|mom_34_sft >= 6.08,LONG,Ret_96,329,233,1.2701,1.3526
force_120_sft >= 8.29|roc_144_sft <= 1.420344,LONG,Ret_96,271,147,1.2668,1.4455
roc_8_sft <= 0.007914|mfi_34_sft >= 58.335773,LONG,Ret_72,317,220,1.2987,1.1334
rsi_200_sft <= 55.043404|force_34_sft >= 1.26,LONG,Ret_96,355,210,1.2649,1.4497
force_120_sft >= -3.8|mfi_24_sft >= 68.029807,LONG,Ret_72,243,171,1.3387,1.4052
rsi_5_sft >= 77.301424|force_34_sft >= -882131.46875|force_21_sft >= -1.22,LONG,Ret_96,329,211,1.2784,1.3555
mom_34_sft >= 17.719999|force_34_sft >= 6.39,LONG,Ret_48,226,299,1.2737,1.2882
rsi_5_sft >= 77.301424|roc_48_sft <= 0.040634,LONG,Ret_96,217,132,1.391,1.5756
cmo_34_sft >= 0.714002|mom_13_sft <= 4.707,LONG,Ret_96,338,209,1.2591,1.3854
mfi_5_sft >= 30.978184|roc_34_sft >= 1.15|cmo_55_sft <= Close_sft,LONG,Ret_48,271,239,1.296,1.217
mfi_24_sft >= 68.029807|roc_24_sft >= 0.502807,LONG,Ret_96,230,166,1.2967,1.3746
cmo_21_sft >= 7.66|roc_89_sft <= 2.150699,LONG,Ret_96,341,213,1.2529,1.6583
cmo_5_sft <= Close_sft|force_48_sft >= Close_sft|roc_89_sft >= 0.092346,LONG,Ret_96,296,199,1.2909,1.7075
cmo_24_sft >= 7.2|roc_120_sft <= 2.482338,LONG,Ret_96,322,194,1.2756,1.5644
mfi_48_sft >= 50.552082|cmo_21_sft <= 29.435844|mom_48_sft <= 3.3,LONG,Ret_96,279,166,1.3182,1.0726
cmo_144_sft <= 6.94|force_24_sft >= -5.13|roc_144_sft <= 7.04,LONG,Ret_96,329,191,1.2902,1.1492
roc_5_sft >= -0.395822|mfi_24_sft >= 68.029807,LONG,Ret_96,244,173,1.2927,1.3584
force_89_sft >= 628137.0625|roc_55_sft <= 0.822681,LONG,Ret_72,212,151,1.3732,1.1657
mom_13_sft <= 4.707|mfi_24_sft >= 68.029807,LONG,Ret_72,205,121,1.3841,1.4779
mom_24_sft >= 0.409|mfi_48_sft >= 3.59|mom_200_sft <= -2.19,LONG,Ret_96,219,131,1.2919,1.4395
roc_34_sft >= 1.253321|mfi_34_sft >= -1.99,LONG,Ret_48,241,221,1.2631,1.2579
mfi_144_sft <= 54.681004|force_89_sft >= 9.19,LONG,Ret_96,288,167,1.2872,1.54
rsi_8_sft <= 61.997915|mfi_8_sft >= -7.18|mom_34_sft >= 5.66,LONG,Ret_96,314,228,1.3048,1.209
cmo_34_sft >= 12.639574|roc_34_sft <= 0.626954,LONG,Ret_96,219,137,1.2995,2.1088
force_89_sft >= 7990.140625|mom_89_sft <= 29.907,LONG,Ret_96,322,180,1.2912,1.5921
mom_8_sft <= 0.109|cmo_13_sft >= 19.088308,LONG,Ret_72,214,151,1.2885,1.668
force_24_sft <= -965932.75|mom_55_sft >= 1.35,LONG,Ret_96,199,158,1.3336,1.5133
rsi_5_sft >= 24.164919|mfi_24_sft >= 68.029807,LONG,Ret_96,244,173,1.2927,1.3147
roc_48_sft >= -2.15|rsi_5_sft >= 77.301424,LONG,Ret_96,333,216,1.2698,1.4243
force_34_sft >= Close_sft|roc_89_sft >= 0.092346,LONG,Ret_96,301,201,1.2807,1.658
mom_89_sft <= Close_sft|mfi_48_sft >= 63.139385|mom_5_sft >= -3.66,LONG,Ret_48,228,173,1.4212,1.2607
mfi_13_sft >= -9.26|mom_34_sft >= 17.719999,LONG,Ret_48,230,318,1.3163,1.1932
mom_144_sft <= 19.870001|force_21_sft <= 980778.65625|force_89_sft >= -4.93,LONG,Ret_72,296,134,1.3454,1.2284
mfi_24_sft >= 68.029807|mfi_55_sft >= 44.411974|roc_5_sft >= -0.174879,LONG,Ret_96,243,168,1.2711,1.4281
force_34_sft >= -2.14|cmo_200_sft <= 10.086807,LONG,Ret_96,355,210,1.2649,1.4497
cmo_89_sft <= 8.042563|force_89_sft >= 7990.140625,LONG,Ret_96,294,164,1.2664,1.4393
force_144_sft >= Close_sft|mom_144_sft <= 1.82,LONG,Ret_72,207,99,1.2569,1.2781
mom_144_sft <= 19.870001|mfi_55_sft >= 38.973816|mom_55_sft >= 11.248,LONG,Ret_72,223,153,1.3614,1.2856
cmo_200_sft <= 0.8|force_8_sft >= 1168048.875,LONG,Ret_96,219,127,1.2824,1.2662
mom_55_sft <= 2.93|force_89_sft >= 8.5,LONG,Ret_96,248,143,1.4378,1.0054
force_55_sft >= 8.99|mom_89_sft <= 29.907|rsi_34_sft >= 39.610432,LONG,Ret_96,347,194,1.2616,1.7104
cmo_8_sft >= 23.995831|roc_144_sft >= -2.09|mom_24_sft <= 7.91,LONG,Ret_96,322,185,1.2659,1.5321
mom_144_sft <= 8.09|mom_24_sft >= 6.988,LONG,Ret_96,213,133,1.4397,0.9412
mom_34_sft >= 6.39|rsi_8_sft >= 29.771312,LONG,Ret_96,326,232,1.3215,1.3527
mfi_200_sft >= 54.207512|cmo_144_sft >= 0.870716,LONG,Ret_72,205,161,1.3573,1.1015
roc_55_sft >= 0.822681|roc_144_sft <= 1.420344,LONG,Ret_72,232,143,1.2665,1.186
force_48_sft >= 2.72|mom_120_sft <= 34.8406,LONG,Ret_96,345,184,1.2625,1.4161
mom_34_sft >= -15.832|roc_34_sft >= 1.253321,LONG,Ret_48,241,221,1.2631,1.2579
mfi_48_sft >= 63.139385|rsi_21_sft <= Close_sft|cmo_55_sft >= -8.218787,LONG,Ret_48,229,173,1.4058,1.2537
roc_24_sft >= 1.034501|mfi_24_sft >= 68.029807,LONG,Ret_48,223,190,1.3133,1.1781
mom_89_sft >= 1.27|cmo_34_sft >= -20.779138|force_55_sft >= 5.56,LONG,Ret_96,296,201,1.2917,1.6453
roc_24_sft >= 0.502807|rsi_144_sft <= 53.266479,LONG,Ret_96,252,158,1.2806,1.1356
force_200_sft >= Close_sft|mom_55_sft <= 11.248,LONG,Ret_96,266,141,1.2914,1.4016
force_144_sft <= 532244.5|mfi_5_sft <= Close_sft|cmo_24_sft >= 14.674236,LONG,Ret_96,213,133,1.314,1.4507
roc_24_sft >= 1.034501|mfi_120_sft >= 42.367754,LONG,Ret_96,212,171,1.2806,1.4233
mfi_48_sft >= 44.007746|roc_34_sft >= 1.253321,LONG,Ret_48,239,220,1.2966,1.2295
mfi_48_sft >= 63.139385|force_48_sft >= Close_sft,LONG,Ret_48,224,171,1.416,1.2576
cmo_34_sft <= 0.53|force_48_sft >= Close_sft,LONG,Ret_96,210,120,1.2869,1.2167
mom_89_sft <= 15.168|roc_34_sft >= 0.626954|mfi_24_sft <= Close_sft,LONG,Ret_96,263,154,1.2856,1.1826
rsi_200_sft >= 45.619888|force_24_sft >= 8057.183594,LONG,Ret_96,373,243,1.2731,1.3535
rsi_8_sft >= -4.15|mfi_24_sft >= 68.029807|mfi_144_sft >= 46.419693,LONG,Ret_96,226,160,1.2502,1.5667
mfi_21_sft >= 69.26593|rsi_200_sft >= 50.349957|roc_24_sft <= 1.38,LONG,Ret_72,205,144,1.2558,1.352
mfi_48_sft >= 63.139385|mfi_48_sft >= 38.163783,LONG,Ret_48,229,173,1.4068,1.2537
mom_21_sft <= 13.6574|rsi_200_sft >= 45.619888|roc_34_sft >= 0.57,LONG,Ret_96,298,196,1.3355,1.3929
mfi_24_sft <= Close_sft|roc_34_sft >= 1.253321,LONG,Ret_48,241,221,1.2631,1.2579
roc_34_sft >= 1.253321|roc_24_sft <= 5.88,LONG,Ret_48,241,221,1.2694,1.2513
force_89_sft <= 1550081.0|mfi_34_sft >= 65.187675,LONG,Ret_72,203,135,1.38,1.7096
force_34_sft >= Close_sft|cmo_48_sft <= 0.78158|mom_24_sft <= 1.83,LONG,Ret_96,202,100,1.2611,0.9387
mfi_48_sft >= 63.139385|cmo_5_sft >= -51.670161|rsi_34_sft >= 39.610432,LONG,Ret_48,228,173,1.4049,1.2537
mom_120_sft >= 2.288|mfi_200_sft >= 54.207512,LONG,Ret_72,204,153,1.3325,1.1059
roc_55_sft <= 1.667344|roc_8_sft >= 0.251397|force_21_sft >= 980778.65625,LONG,Ret_96,311,208,1.295,1.185
roc_21_sft >= 0.954321|roc_5_sft >= 0.189689,LONG,Ret_96,215,175,1.3073,1.3531
cmo_120_sft <= 7.45|rsi_5_sft >= 77.301424|roc_120_sft <= 2.482338,LONG,Ret_96,256,146,1.2913,1.4069
mom_34_sft >= 17.719999|roc_13_sft <= Close_sft|roc_5_sft <= Close_sft,LONG,Ret_48,230,318,1.3163,1.1932
cmo_48_sft >= 0.78158|mfi_200_sft >= 54.207512,LONG,Ret_72,202,159,1.2557,1.1374
force_24_sft >= Close_sft|cmo_5_sft >= 54.602844,LONG,Ret_96,328,212,1.3183,1.4251
mom_34_sft <= 8.6175|force_8_sft >= 3517347.45,LONG,Ret_96,253,164,1.2528,1.5338
mfi_34_sft <= 65.187675|roc_13_sft >= -1.34|mfi_21_sft >= 69.26593,LONG,Ret_96,243,160,1.2668,1.6791
mom_48_sft >= -6.59|mfi_24_sft >= 68.029807,LONG,Ret_72,271,193,1.3005,1.2414
rsi_8_sft >= 61.997915|roc_21_sft <= 0.462011,LONG,Ret_96,336,213,1.3653,1.5302
cmo_21_sft >= 8.99|mfi_120_sft >= -5.41,LONG,Ret_96,346,224,1.2815,1.3686
cmo_8_sft >= -4.6|mom_144_sft <= 1.38|mom_89_sft >= 1.27,LONG,Ret_48,221,125,1.3445,1.3719
rsi_34_sft <= 61.891071|mfi_24_sft >= 68.029807,LONG,Ret_96,216,144,1.5386,1.2207
mom_120_sft >= -13.59|mfi_48_sft >= 63.139385,LONG,Ret_48,222,162,1.3307,1.4228
force_120_sft >= 18121.945312|roc_144_sft <= 1.420344|rsi_34_sft >= 39.610432,LONG,Ret_96,268,147,1.2771,1.4001
force_34_sft >= 3.1|roc_89_sft >= 0.092346,LONG,Ret_96,301,201,1.2814,1.658
rsi_120_sft >= 47.303051|mfi_48_sft >= 57.227482,LONG,Ret_72,316,228,1.2572,1.287
cmo_8_sft <= -8.02|force_24_sft >= 1.02,LONG,Ret_96,245,156,1.2551,1.4907
force_34_sft >= -2.28|roc_13_sft >= -1.19|mom_89_sft <= 29.907,LONG,Ret_96,365,205,1.2718,1.3709
mom_48_sft >= 10.59|mom_144_sft <= 19.870001,LONG,Ret_72,244,164,1.3304,1.4059
rsi_5_sft >= 77.301424|roc_200_sft >= -2.845036,LONG,Ret_96,316,207,1.313,1.5542
roc_89_sft <= 0.092346|mfi_8_sft <= Close_sft|force_120_sft >= 18121.945312,LONG,Ret_48,270,153,1.321,1.0181
mfi_13_sft <= 38.218019|rsi_21_sft >= 50.411991|rsi_48_sft <= 55.387239,LONG,Ret_48,258,165,1.2912,1.3527
force_144_sft >= Close_sft|cmo_89_sft <= 8.042563|cmo_5_sft >= 8.87,LONG,Ret_72,293,164,1.2938,1.1505
rsi_5_sft <= 77.301424|roc_5_sft <= 0.189689|force_34_sft >= Close_sft,LONG,Ret_96,359,224,1.2653,1.5912
force_13_sft <= -3159099.6|force_34_sft >= -2342065.75,LONG,Ret_96,220,154,1.2535,1.3808
force_55_sft <= -3.99|roc_200_sft >= 0.267701,LONG,Ret_96,218,144,1.2605,1.3573
force_48_sft >= Close_sft|force_5_sft <= -1.8,LONG,Ret_96,316,201,1.3482,1.573
cmo_89_sft >= -2.57|rsi_8_sft >= 61.997915,LONG,Ret_96,319,221,1.2538,1.4424
mfi_120_sft <= 50.774323|force_34_sft >= 5934.621094,LONG,Ret_96,244,150,1.376,1.8349
mfi_89_sft <= 59.931632|force_34_sft >= 5.53,LONG,Ret_96,370,232,1.2527,1.4856
mom_34_sft >= -15.832|roc_34_sft >= 1.253321|rsi_200_sft >= -5.54,LONG,Ret_48,241,221,1.2631,1.2579
cmo_48_sft >= -8.815736|mom_48_sft <= -8.8005,LONG,Ret_96,216,177,1.2589,1.432
mom_200_sft <= 7.04|force_8_sft >= -6.95|roc_55_sft >= -0.700301,LONG,Ret_96,254,138,1.3168,1.2365
rsi_21_sft >= 50.411991|mom_200_sft <= 3.638,LONG,Ret_96,230,134,1.2763,0.9324
force_48_sft >= 4972.991211|mom_89_sft <= 29.907,LONG,Ret_96,352,199,1.2982,1.4958
mfi_34_sft >= 58.335773|roc_120_sft <= 0.99,LONG,Ret_72,280,169,1.3959,1.195
mom_144_sft <= 19.870001|mom_34_sft <= Close_sft|mom_24_sft >= 6.988,LONG,Ret_96,259,158,1.3184,1.0462
roc_34_sft >= 1.253321|cmo_55_sft <= Close_sft,LONG,Ret_48,241,221,1.2631,1.2579
mfi_89_sft >= 50.597168|mom_34_sft >= 8.6175,LONG,Ret_96,241,190,1.257,1.6599
mfi_34_sft >= 58.335773|mom_34_sft >= 5.56,LONG,Ret_96,281,205,1.3152,1.2503
mom_48_sft >= -0.58|mfi_24_sft >= 68.029807,LONG,Ret_72,257,187,1.335,1.304
mfi_5_sft <= 71.135685|mfi_13_sft >= 73.754567|force_120_sft <= 1342171.725,LONG,Ret_72,254,159,1.642,1.3891
roc_55_sft >= 0.73|roc_120_sft <= 1.28032,LONG,Ret_72,248,151,1.3901,1.4217
mfi_200_sft >= 54.207512|mom_48_sft >= -2.94,LONG,Ret_72,205,160,1.2721,1.1432
force_8_sft >= 0.26|roc_5_sft <= -0.174879,LONG,Ret_72,257,186,1.2795,1.1617
force_55_sft >= Close_sft|mom_144_sft >= 2.657,LONG,Ret_72,353,226,1.2881,1.6779
force_144_sft >= -555866.96875|mfi_48_sft >= 63.139385|force_55_sft >= -765378.0,LONG,Ret_48,226,166,1.3861,1.3029
roc_8_sft >= 0.540557|mfi_13_sft >= 73.754567,LONG,Ret_96,216,165,1.3033,1.4904
mfi_89_sft >= 50.597168|force_89_sft >= Close_sft,LONG,Ret_96,282,186,1.2585,1.5904
cmo_8_sft >= 43.989711|mom_55_sft <= 4.31,LONG,Ret_96,201,111,1.3035,1.7265
force_55_sft >= Close_sft|cmo_55_sft <= 19.077594|mom_200_sft <= 3.638,LONG,Ret_96,206,118,1.2636,1.4861
rsi_34_sft >= 56.319788|mfi_21_sft >= 69.26593,LONG,Ret_96,213,134,1.2781,2.2692
force_48_sft >= 4972.991211|mom_144_sft >= 1.38|mom_34_sft >= 0.497,LONG,Ret_72,345,223,1.2808,1.7044
force_24_sft >= Close_sft|cmo_8_sft <= 23.995831|force_89_sft <= Close_sft,LONG,Ret_96,203,130,1.2579,1.2108
roc_89_sft <= 1.086906|mfi_21_sft >= 69.26593,LONG,Ret_96,209,125,1.3105,1.5397
cmo_8_sft >= 23.995831|mom_21_sft <= 6.417,LONG,Ret_96,339,190,1.2932,1.9619
roc_34_sft >= 1.253321|mom_5_sft >= -5.55,LONG,Ret_48,240,219,1.2575,1.1746
mfi_55_sft <= 62.261513|mfi_48_sft >= 57.227482,LONG,Ret_96,262,187,1.2642,1.7316
mfi_55_sft >= 50.516251|mom_89_sft <= 1.27,LONG,Ret_96,245,157,1.2837,1.2438
mfi_120_sft <= 55.01005|force_48_sft >= -1.34,LONG,Ret_96,321,190,1.2605,1.4786
rsi_200_sft <= 52.808514|mfi_55_sft <= 62.261513|force_89_sft >= 0.89,LONG,Ret_96,269,147,1.2636,1.5855
force_48_sft <= 774649.90625|cmo_13_sft >= 19.088308|mfi_24_sft >= 59.951464,LONG,Ret_72,207,105,1.3345,1.5407
force_34_sft >= 5934.621094|mom_200_sft <= 3.638,LONG,Ret_96,222,129,1.5058,1.3123
mom_200_sft <= 24.299999|cmo_13_sft >= 19.088308,LONG,Ret_96,276,138,1.275,1.464
mom_89_sft <= 29.907|force_48_sft >= -7.21,LONG,Ret_96,352,201,1.3,1.3951
cmo_89_sft <= 8.042563|mom_21_sft <= 6.28|rsi_8_sft >= 61.997915,LONG,Ret_96,273,155,1.4017,1.5834
mom_55_sft <= 0.65|roc_55_sft >= -1.483987|force_24_sft >= 9.16,LONG,Ret_96,293,179,1.2881,1.2044
cmo_5_sft >= 54.602844|roc_5_sft <= 0.409222|cmo_200_sft <= 5.617026,LONG,Ret_96,211,107,1.3286,1.3408
cmo_24_sft <= Close_sft|rsi_48_sft >= -1.33|mfi_48_sft >= 63.139385,LONG,Ret_48,229,173,1.4068,1.2537
cmo_24_sft >= -12.308913|mfi_24_sft >= 68.029807,LONG,Ret_96,244,171,1.2692,1.3595
rsi_200_sft <= Close_sft|mom_34_sft >= 5.94,LONG,Ret_96,333,233,1.2572,1.3502
mom_34_sft >= 6.66,LONG,Ret_96,323,232,1.3049,1.3601
cmo_13_sft >= -32.527008|force_21_sft >= 980778.65625|force_34_sft <= 860495.4375,LONG,Ret_96,237,132,1.3268,1.0813
rsi_34_sft <= 61.891071|mfi_120_sft <= 55.01005|force_48_sft >= 4972.991211,LONG,Ret_96,319,187,1.2699,1.5165
mom_34_sft >= 17.719999|force_8_sft >= -1109839.875,LONG,Ret_48,227,308,1.3182,1.2393
cmo_24_sft >= 7.85,LONG,Ret_96,344,218,1.2675,1.4722
roc_34_sft >= 1.253321|force_200_sft >= -1288142.325|roc_8_sft <= Close_sft,LONG,Ret_48,233,203,1.2883,1.2964
rsi_200_sft >= 47.95405|mom_34_sft >= 17.719999,LONG,Ret_48,222,311,1.2806,1.1783
mom_5_sft >= 0.071|mfi_120_sft <= 50.774323,LONG,Ret_96,290,187,1.3407,1.6222
force_55_sft >= -8.67|mom_34_sft >= 17.719999,LONG,Ret_48,224,291,1.2975,1.305
mom_48_sft <= -8.68|rsi_89_sft >= 46.818644,LONG,Ret_96,212,169,1.3189,1.4523
mfi_48_sft >= 57.227482|roc_89_sft <= 1.086906,LONG,Ret_96,225,143,1.3201,1.8361
force_48_sft <= 2052419.025|cmo_5_sft >= 54.602844,LONG,Ret_96,306,180,1.2957,1.5488
force_24_sft <= 2605860.6|rsi_8_sft >= 71.994859,LONG,Ret_96,248,126,1.29,1.7032
rsi_13_sft >= 59.544155|mom_48_sft <= 0.569,LONG,Ret_96,220,135,1.3118,1.6309
mfi_200_sft >= 54.207512|cmo_89_sft >= -1.75,LONG,Ret_72,210,163,1.2644,1.1009
rsi_200_sft >= 45.619888|mfi_48_sft >= 63.139385,LONG,Ret_48,229,172,1.4058,1.2508
cmo_13_sft >= 2.29|mfi_48_sft >= 63.139385,LONG,Ret_48,225,172,1.3988,1.291
rsi_8_sft >= 71.994859|force_8_sft <= 3517347.45|roc_55_sft <= Close_sft,LONG,Ret_96,239,123,1.262,1.4607
rsi_21_sft >= 36.889128|mfi_120_sft <= 58.642133|mom_144_sft <= -1.61,LONG,Ret_96,282,165,1.2868,1.338
mfi_120_sft <= 50.774323|roc_5_sft >= 0.005459,LONG,Ret_96,290,187,1.3407,1.6225
rsi_48_sft >= 50.390789|mom_55_sft <= -0.51,LONG,Ret_96,229,153,1.2594,1.508
mfi_48_sft >= 63.139385|mom_5_sft <= Close_sft,LONG,Ret_48,229,173,1.4068,1.2537
mom_200_sft <= 3.638|force_48_sft >= Close_sft,LONG,Ret_96,213,122,1.4687,1.2769
rsi_89_sft <= 54.02128|force_21_sft <= 980778.65625|force_89_sft >= 7990.140625,LONG,Ret_96,253,137,1.2717,1.4902
force_48_sft >= -6.51|cmo_89_sft <= 8.042563|cmo_5_sft >= 30.548246,LONG,Ret_96,268,163,1.3686,1.2554
mom_89_sft >= 5.09|force_24_sft <= 2605860.6,LONG,Ret_72,364,247,1.2581,1.5197
mom_34_sft <= Close_sft|mfi_120_sft <= 55.01005|force_5_sft >= 1261102.5,LONG,Ret_96,334,212,1.2755,1.629
mom_89_sft <= 1.27|force_120_sft >= -3.31,LONG,Ret_96,206,108,1.2843,1.257
force_48_sft <= Close_sft|mom_200_sft >= 3.638,LONG,Ret_96,223,155,1.2508,1.347
cmo_5_sft <= 30.548246|mfi_34_sft >= 65.187675,LONG,Ret_72,204,158,1.3863,1.1439
mfi_34_sft >= 35.920062|cmo_5_sft >= 54.602844,LONG,Ret_96,335,215,1.2613,1.4812
cmo_24_sft >= 14.674236|force_48_sft <= 774649.90625,LONG,Ret_72,238,130,1.3476,1.488
mom_8_sft <= 3.486|force_34_sft >= Close_sft|force_5_sft <= Close_sft,LONG,Ret_96,320,199,1.2848,1.3891
cmo_34_sft >= -10.465685|cmo_5_sft >= 54.602844,LONG,Ret_96,333,216,1.2792,1.5155
force_48_sft >= -4.79|roc_89_sft <= 2.150699|roc_48_sft >= -8.17,LONG,Ret_96,352,218,1.3346,1.5235
mfi_5_sft >= 86.041183|mom_24_sft >= 6.988,LONG,Ret_96,250,193,1.3234,1.4948
roc_120_sft <= Close_sft|roc_120_sft <= 0.166461|mfi_13_sft >= 73.754567,LONG,Ret_72,211,128,1.2665,1.2444
force_89_sft >= -9.53|roc_89_sft >= -6.61|mfi_120_sft <= 50.774323,LONG,Ret_72,239,149,1.2841,1.8256
force_144_sft >= -1.51|mom_48_sft <= 7.3|mom_8_sft >= 3.486,LONG,Ret_72,259,152,1.35,1.4716
force_34_sft >= 3.17|force_21_sft >= -2.71|force_120_sft <= 18121.945312,LONG,Ret_96,200,134,1.2543,1.4148
mfi_34_sft >= 58.335773|mom_144_sft <= 5.88,LONG,Ret_72,218,125,1.302,1.3601
mom_34_sft >= 17.719999|rsi_55_sft >= 45.890608,LONG,Ret_48,228,314,1.3008,1.2378
force_34_sft >= 5934.621094|cmo_24_sft <= 0.786075,LONG,Ret_96,237,136,1.345,1.41
mfi_120_sft <= 55.01005|force_24_sft >= -8.5,LONG,Ret_96,338,199,1.3435,1.4194
mfi_13_sft >= 73.754567|mom_120_sft <= 5.1,LONG,Ret_96,200,113,1.3614,1.0533
mom_55_sft <= 0.65|mfi_120_sft >= 46.115835|force_120_sft >= 2.19,LONG,Ret_96,209,118,1.2985,1.0471
cmo_89_sft >= 0.960655|mfi_13_sft <= Close_sft|cmo_144_sft <= 6.532958,LONG,Ret_96,275,172,1.2581,1.3907
mom_120_sft <= 17.629001|cmo_89_sft >= -6.362713|force_5_sft >= Close_sft,LONG,Ret_96,328,178,1.2517,1.2712
force_21_sft >= 980778.65625|cmo_5_sft <= 30.548246,LONG,Ret_96,272,202,1.2918,1.4528
mom_5_sft >= 5.89|mom_55_sft >= 11.248,LONG,Ret_72,221,229,1.2629,1.4674
force_200_sft >= Close_sft|mfi_200_sft >= 54.207512,LONG,Ret_72,204,150,1.3855,1.1202
mfi_200_sft >= 54.207512|mom_89_sft >= -6.14,LONG,Ret_72,206,156,1.2687,1.138
force_48_sft >= Close_sft|mfi_24_sft >= 68.029807,LONG,Ret_72,271,190,1.3074,1.4083
roc_34_sft >= 1.253321|mfi_48_sft >= 2.57,LONG,Ret_48,241,221,1.2631,1.2579
mfi_48_sft >= 63.139385|roc_5_sft <= Close_sft,LONG,Ret_48,229,173,1.4068,1.2537
mfi_48_sft >= 63.139385|cmo_144_sft <= Close_sft,LONG,Ret_48,229,173,1.4068,1.2537
cmo_24_sft >= 14.674236|mfi_24_sft >= 68.029807,LONG,Ret_72,243,174,1.3562,1.4873
force_8_sft <= -7.26|mfi_55_sft >= 56.83432|mom_55_sft <= Close_sft,LONG,Ret_96,218,158,1.2587,1.9927
force_55_sft >= -7.68|mom_89_sft >= 4.56|roc_89_sft <= 2.150699,LONG,Ret_72,343,215,1.3008,1.6703
roc_8_sft <= Close_sft|rsi_5_sft >= 77.301424|force_34_sft >= -2.14,LONG,Ret_96,318,206,1.318,1.4403
force_8_sft >= -5.98|roc_89_sft >= 0.092346|force_8_sft >= -1109839.875,LONG,Ret_96,314,210,1.2611,1.5597
mfi_48_sft >= 63.139385|mom_120_sft >= -13.59|cmo_13_sft >= -16.753895,LONG,Ret_48,221,162,1.3288,1.4198
mfi_48_sft >= 63.139385|mfi_144_sft <= Close_sft,LONG,Ret_48,229,173,1.4068,1.2537
mom_34_sft >= 5.4|rsi_13_sft <= 59.544155,LONG,Ret_96,315,222,1.2964,1.3127
force_144_sft >= Close_sft|mom_48_sft <= 6.12|force_21_sft >= 5.01,LONG,Ret_72,283,152,1.396,1.341
force_89_sft <= Close_sft|rsi_120_sft >= 47.303051|mfi_120_sft <= 55.01005,LONG,Ret_96,269,176,1.2663,1.2931
cmo_5_sft >= 54.602844|force_34_sft >= -882131.46875,LONG,Ret_96,330,213,1.2939,1.3356
mfi_120_sft <= 55.01005|mfi_55_sft >= 56.83432,LONG,Ret_72,225,154,1.3469,1.4677
force_120_sft >= Close_sft|mom_24_sft <= Close_sft|mfi_144_sft <= 54.681004,LONG,Ret_96,272,163,1.2675,1.5226
mfi_21_sft >= 69.26593|cmo_48_sft <= 20.35201,LONG,Ret_96,231,148,1.3671,1.353
force_48_sft >= 5.14|force_24_sft <= 945736.46875,LONG,Ret_96,334,200,1.288,1.4538
mfi_89_sft >= 45.558933|mfi_48_sft >= 63.139385,LONG,Ret_48,229,172,1.4068,1.2427
roc_5_sft <= 0.409222|roc_24_sft >= 1.034501,LONG,Ret_72,232,182,1.3206,1.495
mfi_48_sft >= 63.139385|rsi_8_sft >= 29.771312,LONG,Ret_48,229,173,1.4068,1.2537
force_8_sft >= -1109839.875|cmo_21_sft >= 8.95|mom_34_sft >= -7.372,LONG,Ret_96,345,222,1.2554,1.4231
mfi_200_sft >= -9.83|rsi_5_sft >= 77.301424|rsi_48_sft <= 60.176003,LONG,Ret_96,305,196,1.2664,1.4628
mom_55_sft >= 11.248|mom_89_sft <= 9.07,LONG,Ret_72,210,154,1.2815,1.4192
mfi_120_sft <= 50.774323|force_89_sft >= 0.59,LONG,Ret_72,239,149,1.2753,1.8256
cmo_13_sft >= 4.39|mom_89_sft >= 5.1|force_34_sft >= -882131.46875,LONG,Ret_72,359,245,1.272,1.451
mom_144_sft <= 0.16|force_34_sft >= 5934.621094|mom_24_sft >= -6.86,LONG,Ret_96,216,122,1.3419,1.1331
force_5_sft <= Close_sft|force_55_sft >= 7923.229004,LONG,Ret_96,306,200,1.2631,1.5791
roc_34_sft <= 1.253321|force_89_sft >= 7990.140625,LONG,Ret_96,327,205,1.2501,1.4558
mom_24_sft >= 2.31|mfi_120_sft <= 55.01005,LONG,Ret_96,326,205,1.2981,1.4181
mom_48_sft <= Close_sft|mom_34_sft >= 17.719999,LONG,Ret_48,230,318,1.3163,1.1932
roc_13_sft <= 0.015546|cmo_5_sft <= 9.9|mom_55_sft >= 0.65,LONG,Ret_96,313,204,1.2524,1.5699
force_21_sft >= 980778.65625|mfi_48_sft >= 57.227482,LONG,Ret_72,265,207,1.3156,1.303
roc_34_sft >= 1.253321|mfi_34_sft >= 50.579842|rsi_5_sft >= -4.62,LONG,Ret_72,207,178,1.2511,1.5312
force_34_sft >= Close_sft|roc_89_sft <= 0.092346,LONG,Ret_96,272,158,1.2509,1.2165
mom_34_sft >= 17.719999|roc_200_sft <= Close_sft,LONG,Ret_48,230,318,1.3163,1.1932
cmo_8_sft >= 23.995831|rsi_200_sft >= 47.95405,LONG,Ret_96,323,227,1.2565,1.424
mom_55_sft <= 11.248|cmo_48_sft >= 10.774477|roc_13_sft >= -0.675512,LONG,Ret_72,223,99,1.3237,2.3867
mfi_24_sft >= 68.029807|mom_5_sft >= 3.53,LONG,Ret_96,207,156,1.5376,1.4839
mfi_144_sft <= 54.681004|mfi_21_sft >= 69.26593,LONG,Ret_72,223,136,1.29,1.8868
mom_21_sft >= -5.6795|mom_34_sft >= 17.719999,LONG,Ret_48,229,311,1.269,1.2775
rsi_24_sft <= 43.845545|force_34_sft >= -2342065.75|rsi_8_sft <= 71.994859,LONG,Ret_96,292,136,1.2553,1.2678
mfi_55_sft >= 0.42|mom_34_sft >= 17.719999,LONG,Ret_48,230,318,1.3163,1.1932
force_21_sft >= 9212.429688|force_24_sft >= 8057.183594|cmo_5_sft >= 54.602844,LONG,Ret_96,328,212,1.3166,1.4203
cmo_55_sft >= 0.841261|mfi_200_sft >= 54.207512,LONG,Ret_72,205,160,1.2539,1.1122
force_34_sft >= -4.5|mfi_5_sft <= 71.135685|force_5_sft >= 3922685.65,LONG,Ret_96,246,183,1.2567,1.4415
rsi_24_sft >= 50.393036|cmo_5_sft >= 54.602844,LONG,Ret_96,324,211,1.2566,1.5102
force_8_sft <= Close_sft|force_24_sft >= -4.6|roc_144_sft >= 0.189912,LONG,Ret_96,227,142,1.2838,1.5926
mfi_24_sft >= 68.029807|mfi_21_sft <= Close_sft|roc_48_sft <= 1.544718,LONG,Ret_72,261,173,1.3125,1.3444
mfi_24_sft >= 68.029807|rsi_13_sft >= 8.51|roc_8_sft <= 3.69,LONG,Ret_96,244,173,1.2912,1.3448
force_55_sft >= Close_sft|rsi_8_sft <= Close_sft|mom_48_sft <= -1.46,LONG,Ret_96,231,150,1.2897,1.6111
mfi_48_sft >= 63.139385|mom_8_sft >= -7.223,LONG,Ret_48,228,173,1.4166,1.2375
cmo_5_sft >= 54.602844|rsi_21_sft >= 36.889128|roc_48_sft <= 0.772961,LONG,Ret_96,292,175,1.307,1.5046
force_120_sft <= 18121.945312|force_34_sft >= 9.25,LONG,Ret_96,200,134,1.2543,1.4081
cmo_120_sft <= -3.68|mfi_5_sft >= 50.859138,LONG,Ret_96,201,113,1.2621,1.26
mom_24_sft <= 14.8274|roc_21_sft <= Close_sft|rsi_5_sft >= 77.301424,LONG,Ret_96,317,174,1.2696,1.6363
mfi_24_sft >= 59.951464|mfi_48_sft <= 50.552082|roc_24_sft <= Close_sft,LONG,Ret_96,202,125,1.4173,1.2898
mfi_13_sft >= 38.218019|roc_8_sft <= 0.007914|rsi_34_sft >= 56.319788,LONG,Ret_72,206,151,1.2826,1.3369
force_34_sft >= 5934.621094|mom_200_sft <= 24.299999,LONG,Ret_96,310,162,1.441,1.1115
rsi_200_sft >= 45.619888|force_34_sft >= Close_sft,LONG,Ret_96,366,239,1.2525,1.4497
mom_48_sft >= -8.8005|mfi_120_sft <= 55.01005|force_34_sft >= 3.9,LONG,Ret_96,325,185,1.2939,1.4059
force_24_sft >= -4.47|mfi_120_sft <= 55.01005|force_120_sft <= 1342171.725,LONG,Ret_96,333,192,1.3465,1.3955
force_48_sft <= 4972.991211|rsi_48_sft >= 50.390789|force_5_sft <= -4.5,LONG,Ret_72,217,152,1.2777,1.5139
force_24_sft >= Close_sft|mom_200_sft <= 24.299999|force_48_sft <= 4972.991211,LONG,Ret_96,201,111,1.3074,0.9591
mfi_13_sft <= Close_sft|mom_13_sft <= 10.2784|force_8_sft >= 3517347.45,LONG,Ret_96,270,177,1.3116,1.2697
mfi_34_sft >= 58.335773|roc_89_sft >= 0.092346,LONG,Ret_72,308,213,1.2716,1.3514
mom_89_sft <= 1.27|force_144_sft >= 15666.625977|force_144_sft <= 1231428.475,LONG,Ret_48,264,143,1.272,0.9578
cmo_120_sft >= 0.942767|roc_144_sft <= 2.706932|mfi_48_sft <= Close_sft,LONG,Ret_96,294,190,1.3106,1.5992
mom_24_sft >= 6.988|mfi_21_sft >= 69.26593,LONG,Ret_72,272,198,1.2555,1.2941
rsi_48_sft >= -5.88|mom_34_sft >= 17.719999,LONG,Ret_48,230,318,1.3163,1.1932
mom_48_sft >= 0.569|force_13_sft >= 3116180.5,LONG,Ret_96,234,194,1.2556,1.3663
cmo_34_sft <= 12.639574|rsi_24_sft >= 57.337118|mom_89_sft <= Close_sft,LONG,Ret_72,217,138,1.4561,1.442
mom_89_sft >= 1.37|force_55_sft >= 0.69,LONG,Ret_96,294,201,1.2952,1.6453
force_13_sft <= -3159099.6|cmo_200_sft >= -4.0919,LONG,Ret_96,207,167,1.3034,1.3405
roc_200_sft <= 1.707907|force_48_sft >= Close_sft,LONG,Ret_96,300,168,1.2512,1.3991
force_34_sft >= Close_sft|mom_89_sft <= 1.27,LONG,Ret_96,272,154,1.2949,1.2563
mfi_120_sft <= 55.01005|force_34_sft >= 5934.621094,LONG,Ret_96,331,194,1.3605,1.623
mom_89_sft >= 3.47|rsi_34_sft >= 50.357002|force_120_sft <= 570012.21875,LONG,Ret_96,238,162,1.2619,1.5027
cmo_13_sft >= 35.82144|mom_5_sft <= 6.64,LONG,Ret_72,254,139,1.2516,1.8723
roc_13_sft <= 0.015546|force_48_sft >= 4972.991211|force_5_sft <= 7.15,LONG,Ret_96,271,181,1.2524,1.3727
mom_34_sft >= 17.719999|mfi_120_sft >= -1.05,LONG,Ret_48,230,318,1.3163,1.1932
mfi_89_sft >= 50.597168|mfi_144_sft <= 54.681004,LONG,Ret_96,276,176,1.364,1.5685
cmo_8_sft >= 43.989711|mom_34_sft <= 6.78,LONG,Ret_96,215,97,1.2879,1.8881
force_5_sft <= -3968618.75|mfi_34_sft >= 50.579842,LONG,Ret_96,216,177,1.3438,1.2666
roc_8_sft <= 0.540557|force_13_sft <= 3116180.5|cmo_8_sft >= 43.989711,LONG,Ret_96,212,101,1.5023,1.3506
cmo_34_sft <= 12.639574|roc_24_sft >= 0.502807,LONG,Ret_96,270,190,1.295,1.2506
cmo_8_sft >= 23.995831|force_89_sft >= 7990.140625|cmo_34_sft <= 23.782142,LONG,Ret_96,288,196,1.2801,1.3581
force_34_sft >= 5934.621094|roc_5_sft <= 0.189689,LONG,Ret_96,360,225,1.26,1.5674
roc_34_sft >= 1.04|rsi_8_sft >= 29.771312,LONG,Ret_72,259,209,1.3331,1.6081
rsi_48_sft >= 45.592133|mfi_48_sft >= 63.139385|roc_8_sft >= -7.66,LONG,Ret_48,229,173,1.4058,1.2537
rsi_89_sft >= 46.818644|mom_34_sft >= 17.719999,LONG,Ret_48,226,316,1.3313,1.2152
cmo_5_sft <= 54.602844|roc_89_sft >= 1.086906,LONG,Ret_96,216,161,1.2609,1.594
force_89_sft <= 628137.0625|mom_48_sft >= 10.59|mfi_21_sft <= 69.26593,LONG,Ret_72,236,204,1.3176,1.3066
force_55_sft >= Close_sft|mom_89_sft >= 1.27,LONG,Ret_96,296,201,1.2922,1.6453
rsi_48_sft >= 45.592133|mfi_120_sft <= 50.774323,LONG,Ret_96,274,176,1.327,1.3358
cmo_13_sft <= 19.088308|mfi_34_sft >= 58.335773|roc_24_sft <= 8.69,LONG,Ret_72,337,230,1.2846,1.3329
cmo_144_sft <= 6.532958|force_24_sft >= Close_sft,LONG,Ret_96,323,184,1.2529,1.1588
force_89_sft >= 7990.140625|cmo_21_sft >= -4.9|roc_120_sft <= Close_sft,LONG,Ret_96,327,212,1.2521,1.5655
mom_55_sft <= 23.58|mfi_24_sft >= 50.55991|rsi_24_sft >= 57.337118,LONG,Ret_96,280,162,1.2563,1.4307
force_24_sft >= -5.03|cmo_200_sft >= -8.760222,LONG,Ret_96,373,243,1.2669,1.3566
force_34_sft >= 1.1|mom_200_sft <= 5.22,LONG,Ret_96,232,130,1.5348,1.3415
force_55_sft >= -4.29|cmo_144_sft <= 3.26,LONG,Ret_96,236,131,1.2578,1.3826
rsi_144_sft <= 53.266479|force_120_sft >= 18121.945312,LONG,Ret_96,268,146,1.2772,1.1906
mom_34_sft >= 17.719999|force_55_sft >= Close_sft,LONG,Ret_48,224,291,1.2975,1.305
cmo_8_sft >= 0.9255|roc_5_sft <= -0.174879,LONG,Ret_96,226,166,1.3948,1.3335
mom_34_sft >= 17.719999|mom_13_sft >= -9.2,LONG,Ret_48,230,311,1.3163,1.2979
rsi_5_sft >= 50.52813|mfi_120_sft <= 50.774323,LONG,Ret_96,280,177,1.2933,1.6427
roc_21_sft <= Close_sft|force_55_sft <= 3.0|rsi_34_sft >= 50.357002,LONG,Ret_96,213,151,1.2829,1.2012
mfi_13_sft >= 27.640554|mom_34_sft >= 17.719999|mom_48_sft <= Close_sft,LONG,Ret_48,230,318,1.3163,1.2016
force_21_sft >= 7.96|mfi_5_sft >= 86.041183|rsi_8_sft <= 71.994859,LONG,Ret_96,294,190,1.2563,1.3957
mfi_13_sft >= -4.25|mfi_24_sft >= 68.029807,LONG,Ret_96,244,173,1.2927,1.3375
roc_120_sft >= 0.166461|mfi_24_sft >= 68.029807,LONG,Ret_72,227,157,1.3081,1.5033
force_48_sft >= 774649.90625|mfi_48_sft >= 57.227482,LONG,Ret_72,241,197,1.3427,1.3962
mom_200_sft <= 43.857599|mom_89_sft >= 5.97,LONG,Ret_72,337,184,1.2858,1.4813
mom_34_sft >= -5.27|force_55_sft <= -1.94|cmo_120_sft >= -11.273278,LONG,Ret_96,324,202,1.2585,1.3656
cmo_5_sft >= 54.602844|rsi_24_sft >= 50.393036,LONG,Ret_96,324,211,1.2566,1.5102
mfi_48_sft >= 63.139385|rsi_120_sft >= 47.303051,LONG,Ret_48,228,168,1.4002,1.3481
rsi_8_sft >= 61.997915|mom_144_sft <= 36.734401|mom_200_sft <= Close_sft,LONG,Ret_96,342,187,1.2823,1.2696
rsi_120_sft <= Close_sft|mfi_24_sft >= 68.029807,LONG,Ret_96,244,173,1.2927,1.3375
force_34_sft >= -1.77|force_5_sft <= -6.2,LONG,Ret_96,327,209,1.2797,1.5628
mfi_34_sft >= -0.68|mom_34_sft >= 17.719999,LONG,Ret_48,230,318,1.3163,1.1932
force_24_sft >= Close_sft|mom_89_sft >= 1.27,LONG,Ret_96,302,202,1.264,1.6883
mom_200_sft <= 4.84|force_21_sft >= Close_sft,LONG,Ret_96,247,141,1.2785,1.0745
rsi_5_sft >= 77.301424|mfi_24_sft >= 50.55991,LONG,Ret_96,307,203,1.3159,1.5182
rsi_5_sft >= 77.301424|mom_5_sft >= -5.55|rsi_144_sft >= 47.569965,LONG,Ret_96,301,206,1.3134,1.5209
force_120_sft >= 570012.21875|force_24_sft <= 2605860.6|cmo_5_sft <= 54.602844,LONG,Ret_72,221,167,1.2587,1.5742
roc_144_sft >= -2.339845|mom_34_sft >= 17.719999,LONG,Ret_48,221,310,1.2822,1.1683
mom_55_sft <= 0.65|force_120_sft >= 18121.945312|mfi_21_sft >= 40.662081,LONG,Ret_96,204,121,1.3629,0.9076
cmo_55_sft <= 0.04|force_34_sft >= Close_sft,LONG,Ret_96,220,116,1.2978,1.1252
mom_89_sft <= 29.907|mom_34_sft >= 6.21|roc_34_sft >= -1.148594,LONG,Ret_96,314,199,1.3475,1.513
mfi_21_sft >= 69.26593|roc_34_sft <= 1.253321|force_48_sft >= -9.18,LONG,Ret_96,225,139,1.2552,1.4279
mom_55_sft <= 11.248|force_120_sft >= 18121.945312,LONG,Ret_96,289,154,1.2576,1.2877
mom_34_sft >= 17.719999|rsi_8_sft >= 29.771312,LONG,Ret_48,230,318,1.3163,1.1899
mfi_13_sft >= -1.1|mom_34_sft >= 17.719999,LONG,Ret_48,230,318,1.3163,1.1932
force_24_sft >= Close_sft|rsi_5_sft <= 50.52813,LONG,Ret_96,328,203,1.3127,1.4364
roc_34_sft >= 1.253321|mfi_89_sft >= -1.39,LONG,Ret_48,241,221,1.2631,1.2579
mfi_48_sft >= 63.139385|force_8_sft >= 8.19,LONG,Ret_48,220,173,1.4317,1.2375
rsi_34_sft >= 50.357002|roc_13_sft <= 0.339135,LONG,Ret_96,340,219,1.3389,1.3632
force_24_sft >= 4.12|force_120_sft <= 570012.21875|mom_200_sft <= 3.638,LONG,Ret_96,222,123,1.3027,0.9989
mfi_48_sft >= 63.139385|rsi_144_sft <= Close_sft,LONG,Ret_48,229,173,1.4068,1.2537
rsi_89_sft >= 7.97|cmo_48_sft >= 10.774477|mfi_24_sft >= 68.029807,LONG,Ret_48,256,177,1.2692,1.2693
roc_34_sft >= 1.253321|cmo_55_sft >= -16.40806,LONG,Ret_48,241,221,1.2722,1.2579
cmo_55_sft <= 9.55|mfi_144_sft <= 50.847649|force_48_sft >= 4972.991211,LONG,Ret_96,210,124,1.2551,1.2597
mfi_34_sft >= 65.187675|roc_24_sft <= 1.034501,LONG,Ret_72,213,155,1.2802,1.6456
cmo_21_sft >= -26.221742|mfi_48_sft >= 63.139385,LONG,Ret_48,229,173,1.4068,1.2537
rsi_21_sft >= 50.411991|mom_34_sft >= 17.719999,LONG,Ret_48,227,311,1.2924,1.1896
mom_34_sft >= 17.719999|force_24_sft >= -965932.75,LONG,Ret_48,228,308,1.2906,1.4136
mfi_55_sft >= 56.83432|roc_55_sft >= 0.047226|rsi_5_sft <= Close_sft,LONG,Ret_72,309,220,1.2769,1.4053
mfi_55_sft >= 56.83432|force_5_sft >= -3968618.75|roc_144_sft >= 0.189912,LONG,Ret_72,255,186,1.2666,1.3108
cmo_34_sft >= -10.465685|mfi_200_sft >= 4.94|cmo_5_sft >= 54.602844,LONG,Ret_96,333,216,1.2792,1.5155
cmo_24_sft >= 4.66|roc_48_sft <= 0.040634,LONG,Ret_96,250,159,1.2634,1.2064
roc_5_sft <= 0.005459|force_48_sft >= -6.13,LONG,Ret_96,324,205,1.2543,1.6627
mom_34_sft >= 17.719999|roc_24_sft >= -8.65,LONG,Ret_48,230,318,1.3163,1.1932
mfi_55_sft <= 62.261513|mfi_21_sft >= 69.26593,LONG,Ret_96,245,168,1.2541,1.5981
mfi_200_sft <= 54.207512|force_8_sft >= 13648.508789,LONG,Ret_96,345,217,1.2727,1.4271
mfi_24_sft >= 68.029807|roc_55_sft <= Close_sft,LONG,Ret_96,244,173,1.2927,1.3375
rsi_144_sft >= 44.839319|rsi_5_sft >= 77.301424,LONG,Ret_96,326,216,1.2875,1.5197
force_89_sft >= -647329.84375|mfi_5_sft >= 71.135685|rsi_55_sft <= 50.420631,LONG,Ret_96,229,108,1.2984,0.9454
mfi_48_sft >= 8.84|roc_13_sft >= -0.675512|mfi_48_sft >= 63.139385,LONG,Ret_48,229,173,1.4068,1.2537
roc_34_sft >= 1.253321|mom_5_sft >= -5.47,LONG,Ret_48,240,219,1.2575,1.1746
force_89_sft <= 628137.0625|mfi_24_sft >= 59.951464,LONG,Ret_96,260,160,1.3065,1.3177
cmo_144_sft >= -5.43|mom_34_sft >= 17.719999,LONG,Ret_48,225,314,1.3189,1.233
mom_55_sft >= -20.559999|mfi_200_sft >= 54.207512,LONG,Ret_72,216,163,1.2769,1.2042
mom_34_sft >= 17.719999|mom_21_sft >= -5.6795|roc_8_sft <= Close_sft,LONG,Ret_48,229,311,1.269,1.2775
mom_200_sft <= 43.857599|force_34_sft >= -5.88,LONG,Ret_96,357,182,1.2521,1.3452
mfi_24_sft >= 68.029807|cmo_5_sft >= -4.26,LONG,Ret_96,243,170,1.3082,1.3137
force_48_sft >= -6.25|force_8_sft <= 1168048.875,LONG,Ret_96,336,207,1.271,1.5172
rsi_48_sft <= Close_sft|force_200_sft >= 6.08|mfi_120_sft <= 50.774323,LONG,Ret_72,214,126,1.2645,1.6354
rsi_34_sft >= 39.610432|roc_34_sft >= 1.253321,LONG,Ret_48,241,221,1.2722,1.2579
mfi_21_sft >= 69.26593|force_21_sft >= -2749202.25|mom_144_sft <= 19.870001,LONG,Ret_72,227,112,1.3042,1.1335
rsi_5_sft >= 77.301424|force_120_sft <= 570012.21875,LONG,Ret_96,260,150,1.251,1.763
mom_21_sft >= -12.3684|rsi_5_sft >= 77.301424,LONG,Ret_96,334,217,1.2691,1.4629
mfi_48_sft >= 63.139385|cmo_13_sft >= 0.899098,LONG,Ret_48,226,172,1.3862,1.291
mom_55_sft <= 1.95|force_24_sft >= 8057.183594,LONG,Ret_96,299,187,1.3162,1.3351
mfi_120_sft <= 55.01005|roc_13_sft >= 0.339135,LONG,Ret_96,311,201,1.262,1.4911
force_48_sft >= -7.36|mfi_5_sft <= 86.041183|mfi_24_sft >= 68.029807,LONG,Ret_72,251,182,1.3134,1.2106
mfi_24_sft <= Close_sft|mom_55_sft <= 11.248|mfi_24_sft >= 68.029807,LONG,Ret_72,200,114,1.4665,0.9546
rsi_89_sft >= 5.94|mom_34_sft >= 17.719999,LONG,Ret_48,230,318,1.3163,1.1932
cmo_13_sft >= 5.45|force_55_sft <= Close_sft,LONG,Ret_96,224,162,1.2707,1.2649
rsi_21_sft >= 36.889128|mfi_24_sft >= 68.029807,LONG,Ret_96,244,173,1.2927,1.3375
rsi_89_sft >= 43.480112|mfi_48_sft >= 63.139385,LONG,Ret_48,229,173,1.4068,1.2537
cmo_34_sft <= 0.714002|force_34_sft >= 9.07,LONG,Ret_96,233,126,1.2539,1.0007
force_89_sft >= -647329.84375|roc_48_sft <= -0.651132,LONG,Ret_96,218,121,1.2587,1.1243
force_34_sft >= Close_sft|roc_48_sft <= 1.544718|mom_13_sft <= Close_sft,LONG,Ret_96,372,232,1.2503,1.5472
mfi_48_sft >= 63.139385|cmo_120_sft >= -3.98,LONG,Ret_48,225,166,1.396,1.4166
force_55_sft >= Close_sft|mom_55_sft <= -1.71,LONG,Ret_96,236,142,1.351,1.5269
roc_200_sft <= 1.707907|force_34_sft >= 860495.4375,LONG,Ret_96,231,149,1.3403,1.2333
roc_48_sft <= 1.544718|mfi_24_sft >= 68.029807|cmo_8_sft >= -40.457375,LONG,Ret_72,261,172,1.3125,1.3472
mom_144_sft <= 19.870001|mom_34_sft >= 5.38,LONG,Ret_96,276,152,1.2643,1.1997
rsi_200_sft >= 45.619888|cmo_5_sft >= 54.602844,LONG,Ret_96,323,215,1.282,1.5111
force_55_sft >= 9.58|force_5_sft <= Close_sft,LONG,Ret_96,307,200,1.2657,1.5786
mfi_24_sft >= 68.029807|rsi_21_sft >= 57.763334,LONG,Ret_72,249,179,1.3976,1.4143
mom_5_sft >= 2.62|roc_21_sft >= 0.954321,LONG,Ret_96,214,177,1.3174,1.4019
force_34_sft >= 5934.621094|mom_144_sft <= 36.734401,LONG,Ret_96,358,184,1.3086,1.4911
mom_55_sft <= -4.45|mfi_120_sft <= 50.774323|force_13_sft >= -3159099.6,LONG,Ret_96,248,149,1.2853,1.5468
mfi_24_sft >= 68.029807|cmo_34_sft >= 0.714002,LONG,Ret_72,271,194,1.3062,1.3736
roc_21_sft >= 0.023918|rsi_21_sft >= 36.889128|mfi_24_sft >= 68.029807,LONG,Ret_96,242,170,1.2969,1.3664
mfi_34_sft <= Close_sft|roc_34_sft >= 1.253321,LONG,Ret_48,241,221,1.2631,1.2579
force_8_sft >= 13648.508789|mfi_89_sft >= 45.558933,LONG,Ret_96,372,239,1.2644,1.5303
force_48_sft >= -8.51|mom_200_sft <= 43.857599,LONG,Ret_96,343,177,1.2548,1.2033
mfi_21_sft <= 60.614326|mom_8_sft >= 7.757,LONG,Ret_96,230,219,1.2679,1.3428
mom_89_sft <= 29.907|force_55_sft >= Close_sft,LONG,Ret_96,347,194,1.262,1.7174
mom_13_sft >= 4.707|mfi_120_sft <= 55.01005,LONG,Ret_96,307,212,1.2644,1.4132
mfi_48_sft >= 57.227482|roc_24_sft >= -0.448428|rsi_48_sft >= 45.592133,LONG,Ret_72,320,231,1.2615,1.261
mfi_55_sft >= -5.53|mom_34_sft >= 17.719999,LONG,Ret_48,230,318,1.3163,1.1932
roc_144_sft <= 0.33|force_34_sft >= 7.93,LONG,Ret_96,251,141,1.2539,1.1515
rsi_34_sft >= 50.357002|mom_34_sft >= 6.33,LONG,Ret_96,311,221,1.2797,1.5278
rsi_34_sft >= -9.42|mfi_48_sft >= 63.139385,LONG,Ret_48,229,173,1.4068,1.2537
roc_55_sft <= 0.822681|force_144_sft >= -5.47|rsi_5_sft >= 65.274124,LONG,Ret_72,295,174,1.3901,1.396
force_48_sft >= 4972.991211|force_8_sft <= 1168048.875,LONG,Ret_96,335,206,1.2952,1.5619
force_21_sft >= 980778.65625|roc_21_sft <= 0.462011|cmo_8_sft >= 23.995831,LONG,Ret_96,253,166,1.29,1.4524
cmo_21_sft >= 9.56,LONG,Ret_96,344,219,1.2762,1.4594
force_21_sft >= Close_sft|mfi_48_sft >= 63.139385,LONG,Ret_48,223,172,1.3706,1.2851
mfi_48_sft >= 63.139385|force_5_sft <= 3922685.65,LONG,Ret_48,217,161,1.2551,1.0091
force_34_sft <= 2328016.5|roc_144_sft <= 1.420344|mfi_89_sft >= 50.597168,LONG,Ret_96,267,161,1.3637,1.6811
force_89_sft >= Close_sft|force_5_sft >= Close_sft|roc_24_sft >= 1.034501,LONG,Ret_96,201,159,1.2746,1.3069
cmo_13_sft <= 35.82144|mom_144_sft <= 19.870001|cmo_34_sft >= -6.36,LONG,Ret_96,343,175,1.2515,1.2522
cmo_120_sft <= 7.034594|mfi_48_sft >= 57.227482,LONG,Ret_96,203,135,1.2667,1.4691
roc_34_sft >= -1.148594|cmo_13_sft >= 19.088308|mom_200_sft <= 7.75,LONG,Ret_96,215,117,1.3884,1.2918
force_48_sft >= Close_sft|mom_48_sft <= -4.46,LONG,Ret_72,224,168,1.3087,1.3727
mfi_34_sft >= 58.335773|rsi_8_sft >= 71.994859,LONG,Ret_96,230,166,1.3497,1.714
force_34_sft >= Close_sft|cmo_200_sft <= 10.086807,LONG,Ret_96,355,210,1.2644,1.4497
cmo_5_sft <= -0.95|mfi_120_sft <= 55.01005|cmo_55_sft >= 0.841261,LONG,Ret_72,280,181,1.2681,1.6442
force_13_sft <= 1072989.0|rsi_21_sft >= 57.763334|roc_8_sft <= 0.251397,LONG,Ret_96,223,124,1.26,2.2742
force_200_sft <= 461822.953125|rsi_120_sft <= Close_sft|rsi_5_sft >= 77.301424,LONG,Ret_96,257,152,1.3794,1.6579
cmo_144_sft <= 7.66|cmo_13_sft >= 19.088308,LONG,Ret_96,281,165,1.2803,1.5326
force_8_sft <= 1168048.875|force_55_sft >= 3.33,LONG,Ret_96,330,204,1.3137,1.4998
mom_89_sft >= -6.38|mfi_24_sft >= 33.003491|mfi_120_sft <= 50.774323,LONG,Ret_96,249,147,1.2777,1.7737
roc_5_sft <= 0.189689|force_48_sft >= 0.71,LONG,Ret_96,346,219,1.2649,1.5507
force_55_sft >= 7923.229004|rsi_48_sft <= 50.390789,LONG,Ret_96,199,103,1.2984,1.471
mom_34_sft >= 17.719999|rsi_21_sft >= 36.889128,LONG,Ret_48,230,318,1.3163,1.1932
rsi_5_sft >= 77.301424|roc_55_sft <= 0.822681|cmo_34_sft >= 12.639574,LONG,Ret_72,226,138,1.2735,1.8688
rsi_13_sft >= 59.544155|mfi_120_sft >= 46.115835,LONG,Ret_96,313,205,1.2896,1.5338
mfi_34_sft <= Close_sft|roc_21_sft >= 0.462011|mom_144_sft <= 19.870001,LONG,Ret_96,271,153,1.266,1.0774
cmo_34_sft <= -1.06|force_34_sft >= Close_sft,LONG,Ret_96,205,107,1.2948,1.1269
cmo_13_sft >= 19.088308|mfi_120_sft >= 46.115835,LONG,Ret_96,313,205,1.2896,1.5338
mfi_48_sft >= 63.139385|cmo_24_sft >= 8.04,LONG,Ret_48,222,169,1.3937,1.2814
mom_200_sft <= 3.638|force_24_sft >= Close_sft,LONG,Ret_96,235,136,1.3479,0.9885
cmo_34_sft >= 0.714002|mfi_24_sft >= 68.029807,LONG,Ret_72,271,194,1.3062,1.3736
mfi_48_sft >= 57.227482|force_8_sft >= 1168048.875,LONG,Ret_72,284,211,1.2769,1.3555
mom_34_sft >= 6.81,LONG,Ret_96,322,231,1.2726,1.3814
roc_5_sft >= -0.174879|mom_34_sft >= 17.719999|mom_13_sft >= -4.19,LONG,Ret_48,226,306,1.3105,1.3023
force_120_sft >= Close_sft|mfi_5_sft >= 86.041183|roc_5_sft <= 0.409222,LONG,Ret_72,265,161,1.2589,1.3069
mfi_144_sft <= Close_sft|roc_34_sft >= 1.253321,LONG,Ret_48,241,221,1.2631,1.2579
force_89_sft >= -1.29|rsi_120_sft <= 53.517298,LONG,Ret_96,288,157,1.33,1.5234
mfi_24_sft >= 68.029807|mfi_89_sft <= 59.931632,LONG,Ret_96,228,156,1.4141,1.6159
rsi_5_sft >= 77.301424|force_34_sft >= -882131.46875,LONG,Ret_96,330,213,1.2939,1.3356
roc_5_sft <= Close_sft|mfi_48_sft >= 63.139385,LONG,Ret_48,229,173,1.4068,1.2537
roc_8_sft <= 0.540557|force_21_sft >= 980778.65625,LONG,Ret_96,319,217,1.2557,1.2842
roc_144_sft <= 1.420344|force_34_sft >= 860495.4375,LONG,Ret_96,232,147,1.288,1.4555
roc_8_sft >= 0.251397|mfi_5_sft <= 50.859138|force_21_sft >= Close_sft,LONG,Ret_72,323,224,1.2706,1.103
rsi_13_sft >= -7.57|force_120_sft >= -593327.0|mfi_120_sft <= 50.774323,LONG,Ret_96,269,154,1.2865,1.6361
mom_24_sft >= 6.988|rsi_8_sft >= 71.994859|roc_48_sft <= 0.772961,LONG,Ret_96,215,141,1.3773,1.6539
mfi_13_sft >= 50.566456|mom_34_sft >= 17.719999,LONG,Ret_48,220,305,1.3309,1.1299
mom_24_sft >= -6.1795|rsi_5_sft >= 77.301424,LONG,Ret_96,331,214,1.2696,1.4063
roc_144_sft <= 2.706932|roc_8_sft >= -0.230232|mfi_48_sft >= 44.007746,LONG,Ret_96,384,231,1.2638,1.3186
mfi_144_sft <= 50.847649|mfi_21_sft >= -3.16|force_34_sft >= -4.95,LONG,Ret_96,232,141,1.3297,1.4916
mfi_120_sft >= 42.367754|mfi_24_sft >= 68.029807,LONG,Ret_96,239,170,1.2718,1.4012
mfi_13_sft <= 38.218019|force_48_sft >= 7.16,LONG,Ret_48,345,210,1.2672,1.2231
force_8_sft <= 1168048.875|force_48_sft >= -0.22,LONG,Ret_96,336,207,1.271,1.5172
roc_34_sft >= 1.253321|rsi_89_sft >= 43.480112,LONG,Ret_48,241,221,1.2722,1.2417
mfi_144_sft <= 54.681004|force_89_sft >= 0.94,LONG,Ret_96,288,167,1.2872,1.54
roc_34_sft >= 1.07|mom_5_sft >= -2.4205,LONG,Ret_72,248,207,1.2854,1.4597
roc_89_sft <= 0.092346|force_24_sft <= 945736.46875|force_24_sft >= 8057.183594,LONG,Ret_96,258,148,1.2993,1.1811
roc_8_sft >= 0.251397|force_89_sft >= -647329.84375,LONG,Ret_96,352,225,1.284,1.4214
mfi_89_sft >= 50.597168|mfi_48_sft >= 63.139385,LONG,Ret_48,221,161,1.365,1.3594
mom_8_sft <= 6.15|mfi_34_sft >= 65.187675,LONG,Ret_72,220,161,1.3723,1.2495
mom_34_sft <= 0.497|mom_89_sft <= 8.35|rsi_34_sft >= 50.357002,LONG,Ret_96,211,99,1.2743,1.0576
mfi_13_sft >= 38.218019|mfi_89_sft >= -2.09|cmo_24_sft >= 7.82,LONG,Ret_96,342,217,1.2594,1.504
mfi_48_sft >= 63.139385|mom_89_sft <= Close_sft|mom_55_sft >= -9.552,LONG,Ret_48,228,173,1.4035,1.2483
mfi_48_sft >= 63.139385|mfi_55_sft >= 38.973816,LONG,Ret_48,229,173,1.4068,1.2537
mom_120_sft <= -5.52|mom_89_sft >= -1.73,LONG,Ret_72,204,122,1.3693,1.2856
force_5_sft >= -3968618.75|mfi_24_sft >= 68.029807,LONG,Ret_96,244,173,1.2929,1.3412
mfi_24_sft >= 68.029807|force_13_sft >= 3.84|cmo_34_sft >= 12.639574,LONG,Ret_96,205,134,1.2958,1.9626
rsi_48_sft <= 60.176003|rsi_5_sft >= 77.301424,LONG,Ret_96,305,196,1.2664,1.4628
cmo_24_sft >= -4.46|roc_200_sft <= 0.267701,LONG,Ret_96,248,147,1.32,1.1693
mom_200_sft <= 43.857599|force_48_sft >= Close_sft,LONG,Ret_96,343,175,1.2552,1.2924
rsi_5_sft <= 50.52813|force_24_sft >= Close_sft,LONG,Ret_96,328,203,1.3127,1.4364
roc_89_sft >= 0.092346|mfi_120_sft <= 55.01005,LONG,Ret_96,290,180,1.28,1.4839
force_120_sft >= 570012.21875|mfi_13_sft >= 63.271347,LONG,Ret_72,237,185,1.2728,1.6617
mom_120_sft <= Close_sft|mfi_24_sft >= 68.029807,LONG,Ret_96,244,173,1.2927,1.3375
mfi_48_sft >= 63.139385|rsi_34_sft >= 5.66,LONG,Ret_48,229,173,1.4068,1.2537
mfi_24_sft >= 68.029807|cmo_8_sft <= Close_sft,LONG,Ret_96,244,173,1.2927,1.3375
mfi_24_sft >= 68.029807|rsi_24_sft <= 63.8563,LONG,Ret_96,214,147,1.4505,1.1837
mfi_89_sft <= Close_sft|cmo_5_sft >= 5.69|mfi_24_sft >= 68.029807,LONG,Ret_96,243,166,1.3203,1.4046
rsi_5_sft >= 77.301424|rsi_8_sft >= 50.462749|rsi_120_sft <= 53.517298,LONG,Ret_96,254,151,1.3766,1.3857
roc_89_sft >= 0.092346|force_13_sft >= -7.97,LONG,Ret_96,314,208,1.2525,1.5102
rsi_13_sft >= -8.6|mom_34_sft >= 17.719999|force_48_sft >= -5.62,LONG,Ret_48,224,294,1.2867,1.2296
force_34_sft >= Close_sft|mom_120_sft <= 17.629001|rsi_34_sft <= Close_sft,LONG,Ret_96,316,159,1.3021,1.5626
force_34_sft >= -6.12|roc_144_sft <= 2.706932,LONG,Ret_96,359,210,1.2554,1.4717
mom_8_sft <= 0.109|roc_13_sft >= -3.28|rsi_24_sft >= 57.337118,LONG,Ret_72,220,153,1.3362,1.4699
mom_89_sft <= 15.168|force_5_sft >= 3922685.65|rsi_120_sft <= Close_sft,LONG,Ret_48,401,253,1.2919,1.2371
mom_34_sft >= 6.51,LONG,Ret_96,325,232,1.3133,1.3477
cmo_200_sft <= Close_sft|roc_144_sft >= -1.107563|mfi_48_sft >= 63.139385,LONG,Ret_48,222,165,1.3359,1.3374
force_34_sft >= 4.51|roc_89_sft >= 0.092346,LONG,Ret_96,301,201,1.2814,1.658
mfi_21_sft >= 69.26593|mom_144_sft >= -14.992|mom_5_sft >= -2.4205,LONG,Ret_96,233,151,1.2909,1.8313
rsi_5_sft >= 77.301424|cmo_21_sft >= 0.823984,LONG,Ret_96,329,214,1.2635,1.507
rsi_5_sft <= 77.301424|roc_120_sft <= 1.28032|force_144_sft >= Close_sft,LONG,Ret_72,322,173,1.2986,1.6497
mom_34_sft >= 17.719999|force_21_sft >= Close_sft,LONG,Ret_48,225,304,1.318,1.368
force_34_sft >= 4.68|rsi_55_sft <= Close_sft|rsi_144_sft <= 50.435356,LONG,Ret_96,212,117,1.2549,1.2358
force_55_sft >= Close_sft|roc_5_sft <= -0.174879,LONG,Ret_96,270,189,1.2844,1.4761
rsi_55_sft >= 5.23|roc_34_sft >= 1.253321,LONG,Ret_48,241,221,1.2631,1.2579
roc_34_sft <= 0.035466|cmo_48_sft <= 4.19|force_55_sft >= Close_sft,LONG,Ret_96,214,113,1.2832,1.0497
mom_144_sft <= Close_sft|mfi_48_sft >= 63.139385,LONG,Ret_48,229,173,1.4068,1.2537
force_120_sft >= Close_sft|mfi_200_sft >= 54.207512|mom_144_sft >= -14.992,LONG,Ret_72,201,150,1.3722,1.1023
mfi_24_sft >= 68.029807|mom_48_sft <= Close_sft|force_144_sft >= Close_sft,LONG,Ret_72,238,164,1.3559,1.4539
mfi_8_sft >= 79.499773|mfi_24_sft >= 59.951464|mom_48_sft <= 22.0144,LONG,Ret_72,291,165,1.3274,1.4444
mfi_55_sft >= 56.83432|force_48_sft >= 774649.90625,LONG,Ret_72,231,187,1.4024,1.423
mfi_120_sft >= 42.367754|mom_13_sft <= 4.707|mom_34_sft >= 4.88,LONG,Ret_96,316,215,1.3197,1.3527
roc_24_sft <= 1.034501|mfi_24_sft >= 68.029807,LONG,Ret_72,221,141,1.2842,1.196
mfi_48_sft >= 63.139385|cmo_13_sft >= -16.753895,LONG,Ret_48,228,173,1.4049,1.2515
rsi_24_sft >= 50.393036|mfi_48_sft >= 63.139385,LONG,Ret_48,224,171,1.4012,1.2976
mfi_120_sft <= 50.774323|rsi_120_sft >= 47.303051,LONG,Ret_96,273,173,1.2733,1.5788
rsi_5_sft >= 77.301424|force_24_sft >= Close_sft,LONG,Ret_96,328,212,1.3183,1.4251
mom_34_sft >= 17.719999|roc_8_sft <= Close_sft,LONG,Ret_48,230,318,1.3163,1.1932
force_200_sft >= 23393.960938|roc_89_sft <= 0.092346,LONG,Ret_72,206,112,1.3562,0.988
mom_55_sft >= -0.73|force_5_sft <= -3968618.75,LONG,Ret_72,268,201,1.3537,1.5083
mfi_200_sft >= 54.207512|mom_89_sft <= 29.907,LONG,Ret_72,200,116,1.3376,1.356
rsi_144_sft >= -8.59|mom_89_sft >= 1.27|force_48_sft >= Close_sft,LONG,Ret_96,296,201,1.2886,1.7277
cmo_5_sft <= Close_sft|mom_48_sft >= 5.94|cmo_144_sft <= 3.18,LONG,Ret_72,225,157,1.2861,1.1221
rsi_8_sft >= 39.356457|mom_34_sft >= 17.719999,LONG,Ret_48,229,317,1.3062,1.2037
force_34_sft >= Close_sft|rsi_24_sft <= 50.393036,LONG,Ret_96,237,137,1.3394,1.4516
force_34_sft >= 5934.621094|roc_200_sft <= 0.267701,LONG,Ret_96,224,130,1.5945,1.2814
mfi_24_sft >= 68.029807|mfi_24_sft >= 0.66,LONG,Ret_96,244,173,1.2927,1.3375
roc_34_sft >= 1.253321|rsi_8_sft <= Close_sft,LONG,Ret_48,241,221,1.2631,1.2579
rsi_5_sft >= 65.274124|mfi_24_sft >= 68.029807,LONG,Ret_96,226,160,1.4191,1.5272
mfi_48_sft >= 63.139385|mfi_48_sft >= 6.21,LONG,Ret_48,229,173,1.4068,1.2537
cmo_120_sft <= 7.034594|force_89_sft >= 7990.140625|mom_144_sft >= -32.047401,LONG,Ret_96,281,150,1.3323,1.5027
mom_89_sft >= 3.86|mfi_8_sft >= 66.559189|cmo_120_sft <= 7.11,LONG,Ret_72,258,161,1.2944,1.6564
roc_21_sft >= 0.023918|mfi_48_sft >= 63.139385,LONG,Ret_48,222,168,1.3844,1.3444
mfi_34_sft >= 58.335773|rsi_200_sft >= 47.95405|mom_120_sft <= 17.629001,LONG,Ret_72,273,147,1.3532,1.069
cmo_120_sft <= -0.23|force_34_sft >= Close_sft|mom_55_sft <= 0.65,LONG,Ret_48,232,139,1.3121,1.1029
rsi_5_sft >= 50.52813|roc_5_sft <= 0.91|roc_21_sft >= 0.954321,LONG,Ret_72,263,207,1.2577,1.3913
mfi_24_sft >= 68.029807|mfi_120_sft >= 7.9,LONG,Ret_96,244,173,1.2927,1.3375
mfi_200_sft >= -4.01|mfi_24_sft >= 68.029807,LONG,Ret_96,244,173,1.2927,1.3375
mfi_24_sft >= 68.029807|roc_8_sft >= -4.63,LONG,Ret_96,244,173,1.2927,1.3375
roc_55_sft >= -1.483987|mom_89_sft >= 1.27|force_89_sft >= 7990.140625,LONG,Ret_96,289,197,1.2947,1.743
mfi_144_sft <= 50.847649|mom_24_sft >= 0.409,LONG,Ret_96,250,160,1.2734,1.4438
force_89_sft >= -3.56|mom_120_sft >= -4.19,LONG,Ret_96,305,193,1.2606,1.5814
roc_24_sft <= Close_sft|mom_34_sft >= 17.719999,LONG,Ret_48,230,318,1.3163,1.1932
force_24_sft >= 945736.46875|roc_5_sft <= 0.409222|cmo_5_sft >= 54.602844,LONG,Ret_72,255,160,1.4819,1.9754
rsi_48_sft >= 4.13|mfi_24_sft >= 68.029807,LONG,Ret_96,244,173,1.2927,1.3375
rsi_89_sft >= 46.818644|cmo_5_sft >= 54.602844,LONG,Ret_96,313,209,1.2918,1.5414
mom_8_sft <= 0.109|force_24_sft >= Close_sft,LONG,Ret_96,340,214,1.2622,1.5649
mfi_5_sft <= Close_sft|mfi_24_sft >= 68.029807,LONG,Ret_96,244,173,1.2927,1.3375
force_21_sft >= Close_sft|cmo_5_sft >= 54.602844,LONG,Ret_96,331,213,1.2647,1.4514
mom_13_sft <= 10.2784|rsi_13_sft >= 67.910724,LONG,Ret_96,206,77,1.3548,1.6696
mfi_120_sft <= 55.01005|mfi_13_sft >= 73.754567,LONG,Ret_48,345,223,1.2759,0.9909
cmo_200_sft <= 5.617026|force_34_sft >= Close_sft,LONG,Ret_96,300,171,1.2602,1.3532
force_13_sft <= -3159099.6|rsi_120_sft >= 44.363361,LONG,Ret_96,241,191,1.2611,1.4977
rsi_13_sft >= 67.910724|mfi_89_sft <= 55.650263,LONG,Ret_96,208,136,1.258,1.8301
mom_34_sft >= 17.719999|force_34_sft >= 5934.621094,LONG,Ret_48,226,299,1.2737,1.2882
cmo_144_sft <= 9.07|mfi_24_sft >= 68.029807,LONG,Ret_72,225,143,1.2951,1.2126
roc_48_sft <= Close_sft|cmo_48_sft <= Close_sft|mfi_24_sft >= 68.029807,LONG,Ret_96,244,173,1.2927,1.3375
force_55_sft >= 7923.229004|mfi_21_sft >= 60.614326,LONG,Ret_72,384,254,1.2513,1.5191
roc_34_sft >= 1.253321|roc_13_sft >= -0.675512,LONG,Ret_48,241,220,1.2631,1.3584
roc_120_sft <= 2.482338|force_120_sft >= Close_sft,LONG,Ret_96,309,184,1.2725,1.6285
rsi_5_sft >= 77.301424|mom_55_sft <= 5.15,LONG,Ret_96,252,142,1.259,1.761
mfi_24_sft >= 68.029807|cmo_55_sft >= -2.71|cmo_13_sft >= 4.75,LONG,Ret_72,267,190,1.3322,1.4062
cmo_8_sft >= 0.9255|cmo_5_sft >= 54.602844|mfi_24_sft >= 41.40654,LONG,Ret_96,331,212,1.2754,1.5432
mfi_200_sft >= 54.207512|force_200_sft >= -495097.75,LONG,Ret_72,214,154,1.3063,1.142
mfi_120_sft <= 50.774323|mom_89_sft <= 15.168,LONG,Ret_96,308,169,1.2766,1.3279
force_34_sft <= 860495.4375|rsi_5_sft >= 77.301424,LONG,Ret_96,239,142,1.3893,1.7791
force_48_sft >= Close_sft|cmo_55_sft >= -7.65|mfi_200_sft <= 50.639187,LONG,Ret_96,211,118,1.2745,1.4143
force_48_sft >= 774649.90625|mfi_89_sft >= 50.597168,LONG,Ret_96,232,175,1.2603,1.7363
mfi_24_sft >= 68.029807|mom_144_sft <= 36.734401|mom_34_sft <= Close_sft,LONG,Ret_96,221,115,1.4188,1.1864
rsi_13_sft >= 67.910724|roc_144_sft <= 1.420344|mfi_34_sft <= Close_sft,LONG,Ret_72,210,131,1.3285,1.3256
mom_34_sft >= 17.719999|mom_144_sft <= Close_sft,LONG,Ret_48,230,318,1.3163,1.1932
mfi_200_sft <= 50.639187|force_34_sft >= 5934.621094,LONG,Ret_96,225,132,1.3612,1.2936
mfi_24_sft >= 50.55991|force_8_sft >= 1168048.875|force_13_sft >= -3159099.6,LONG,Ret_96,341,226,1.2754,1.3483
mfi_120_sft <= 58.642133|mfi_55_sft >= 56.83432,LONG,Ret_72,283,197,1.3107,1.2648
force_34_sft >= Close_sft|rsi_34_sft <= 50.357002,LONG,Ret_96,233,126,1.2527,1.0007
roc_55_sft <= 0.82|cmo_13_sft >= 35.82144,LONG,Ret_96,206,117,1.5637,1.7068
roc_120_sft <= 5.67|mfi_24_sft >= 68.029807,LONG,Ret_96,243,171,1.2663,1.3764
mom_34_sft >= 17.719999|mom_34_sft >= 3.1,LONG,Ret_48,230,318,1.3163,1.1932
force_5_sft <= -0.07|force_48_sft >= 4972.991211,LONG,Ret_96,316,201,1.2938,1.5771
rsi_24_sft <= Close_sft|cmo_21_sft >= -26.221742|roc_34_sft >= 1.253321,LONG,Ret_48,241,221,1.2631,1.2579
mom_34_sft <= 8.22|force_89_sft >= 0.01,LONG,Ret_96,306,175,1.2572,1.4994
cmo_21_sft >= 3.27|roc_200_sft <= 0.267701,LONG,Ret_96,224,132,1.3078,1.1078
mom_34_sft >= 6.18|mfi_55_sft >= 8.35,LONG,Ret_96,328,233,1.2879,1.3534
force_55_sft <= 739821.46875|cmo_5_sft >= 54.602844,LONG,Ret_96,256,147,1.3578,1.7135
roc_34_sft >= -1.148594|mom_34_sft >= 17.719999,LONG,Ret_48,230,318,1.3163,1.1932
mom_34_sft >= 17.719999|cmo_24_sft >= -24.587959,LONG,Ret_48,230,318,1.3163,1.1932
roc_89_sft >= 0.092346|force_55_sft >= 6.35,LONG,Ret_96,296,200,1.2981,1.6108
cmo_5_sft <= 1.056262|mfi_48_sft >= 57.227482,LONG,Ret_96,225,166,1.3241,1.7108
rsi_48_sft <= 55.387239|rsi_24_sft <= 63.8563|force_55_sft >= 739821.46875,LONG,Ret_72,208,168,1.3198,1.4462
cmo_55_sft <= Close_sft|mom_89_sft >= 5.09|mom_55_sft <= 23.58,LONG,Ret_72,370,229,1.3137,1.3776
mfi_200_sft >= 54.207512|roc_55_sft >= 0.047226,LONG,Ret_72,202,155,1.2626,1.2083
rsi_34_sft >= 56.319788|mfi_48_sft >= 57.227482,LONG,Ret_48,319,236,1.2574,1.1399
force_89_sft >= -1739481.125|force_48_sft <= 2052419.025|mfi_120_sft <= 50.774323,LONG,Ret_96,298,171,1.2745,1.6687
force_34_sft >= Close_sft|roc_5_sft <= 0.189689|mfi_34_sft >= -6.35,LONG,Ret_96,361,225,1.2533,1.5945
mfi_48_sft >= 63.139385|force_21_sft >= -1002022.3125,LONG,Ret_48,228,173,1.4098,1.2537
mfi_48_sft >= 57.227482|mfi_8_sft <= 79.499773,LONG,Ret_72,318,228,1.255,1.3581
mfi_5_sft >= 30.978184|mfi_48_sft >= 63.139385,LONG,Ret_48,228,173,1.3614,1.2478
force_21_sft <= 2718608.9|rsi_8_sft >= 71.994859|force_5_sft >= 18865.238281,LONG,Ret_96,248,120,1.2732,1.6621
roc_5_sft <= 0.409222|mfi_120_sft >= 46.115835|rsi_13_sft >= 67.910724,LONG,Ret_72,232,153,1.357,1.7738
cmo_89_sft <= 8.042563|mfi_34_sft >= 58.335773,LONG,Ret_72,290,184,1.291,1.1724
force_5_sft <= Close_sft|force_34_sft >= Close_sft,LONG,Ret_96,327,209,1.2782,1.5636
rsi_5_sft >= 65.274124|mom_34_sft >= 17.719999,LONG,Ret_48,216,290,1.2797,1.2098
force_34_sft >= -6.23|mom_21_sft <= 6.417|rsi_144_sft <= Close_sft,LONG,Ret_96,359,207,1.3685,1.6397
mom_34_sft >= 6.31|rsi_21_sft >= 36.889128,LONG,Ret_96,327,233,1.327,1.3439
roc_200_sft <= 1.707907|force_13_sft >= 1072989.0|mfi_8_sft <= 79.499773,LONG,Ret_96,278,172,1.2974,1.2621
rsi_200_sft >= 45.619888|force_34_sft >= Close_sft|mom_24_sft >= -13.2322,LONG,Ret_96,366,238,1.2569,1.4708
rsi_89_sft <= 54.02128|force_34_sft >= 860495.4375,LONG,Ret_96,218,151,1.2506,1.2828
mfi_48_sft >= 57.227482|rsi_144_sft <= 53.266479|cmo_8_sft >= -21.287083,LONG,Ret_72,225,145,1.3233,1.3033
mom_55_sft <= 23.58|mfi_21_sft >= 69.26593|mom_34_sft >= -7.372,LONG,Ret_72,282,154,1.2854,1.3755
rsi_5_sft >= 77.301424|force_21_sft >= Close_sft,LONG,Ret_96,331,213,1.2647,1.4514
rsi_34_sft <= 50.357002|force_48_sft >= Close_sft,LONG,Ret_96,215,120,1.276,1.2229
rsi_8_sft <= 71.994859|mfi_34_sft >= 65.187675,LONG,Ret_72,223,169,1.3074,1.1365
mfi_13_sft >= 73.754567|mom_144_sft >= -1.68,LONG,Ret_96,232,161,1.2829,1.2546
cmo_5_sft >= 1.03|mom_89_sft >= 1.27,LONG,Ret_96,313,214,1.2662,1.5014
force_144_sft >= 15666.625977|mfi_120_sft <= 50.774323,LONG,Ret_48,262,158,1.4252,1.1519
cmo_48_sft >= 10.774477|mom_48_sft <= 10.59|cmo_21_sft >= -13.144417,LONG,Ret_72,218,100,1.3225,2.0928
rsi_8_sft >= 71.994859|force_8_sft <= 3517347.45,LONG,Ret_96,239,123,1.262,1.4607
force_89_sft >= Close_sft|force_48_sft >= 9.7|mom_89_sft >= -1.69,LONG,Ret_96,297,198,1.3048,1.6695
mfi_200_sft <= 54.207512|force_21_sft >= -6.06|roc_5_sft <= -0.174879,LONG,Ret_96,218,141,1.287,1.1627
cmo_21_sft >= 8.03|mfi_144_sft <= 50.847649,LONG,Ret_96,202,130,1.3169,1.277
mfi_24_sft >= 68.029807|mom_13_sft <= Close_sft,LONG,Ret_96,244,173,1.2927,1.3375
mfi_24_sft >= 68.029807|roc_8_sft >= -0.230232,LONG,Ret_96,244,172,1.2936,1.2975
rsi_144_sft <= 53.266479|mfi_34_sft >= 58.335773|cmo_55_sft >= 2.68,LONG,Ret_72,220,134,1.4209,1.5946
mfi_55_sft >= 56.83432|mfi_21_sft <= 69.26593|mom_13_sft <= 0.2,LONG,Ret_96,209,151,1.2797,1.6275
force_55_sft <= 9.18|roc_200_sft >= 0.267701,LONG,Ret_96,218,144,1.2605,1.3573
mfi_24_sft >= 68.029807|mfi_200_sft <= Close_sft,LONG,Ret_96,244,173,1.2927,1.3375
roc_144_sft <= 2.706932|force_48_sft >= -9.38,LONG,Ret_96,349,204,1.3255,1.4227
mom_144_sft <= 19.870001|mfi_48_sft >= 57.227482,LONG,Ret_72,248,133,1.3067,1.2164
force_24_sft >= Close_sft|roc_200_sft >= -2.845036|force_144_sft <= 1231428.475,LONG,Ret_96,351,212,1.255,1.4242
mom_34_sft >= 17.719999|roc_13_sft >= 0.015546,LONG,Ret_48,227,304,1.2666,1.3068
cmo_13_sft >= 6.83|cmo_55_sft >= -16.40806,LONG,Ret_96,379,249,1.2524,1.4576
rsi_120_sft >= 47.303051|mfi_48_sft >= 63.139385,LONG,Ret_48,228,168,1.4002,1.3481
mom_34_sft >= 17.719999|mfi_55_sft <= Close_sft|mfi_48_sft >= -9.57,LONG,Ret_48,230,318,1.3163,1.1932
rsi_48_sft >= 1.39|roc_34_sft >= 1.253321,LONG,Ret_48,241,221,1.2631,1.2579
force_55_sft >= Close_sft|cmo_55_sft <= 19.077594|mfi_24_sft >= 68.029807,LONG,Ret_96,202,134,1.3982,1.3969
mfi_34_sft >= 50.579842|cmo_120_sft <= 7.034594,LONG,Ret_96,323,192,1.3464,1.3184
mom_89_sft <= 3.08|force_34_sft >= Close_sft,LONG,Ret_96,277,159,1.2973,1.2094
mfi_200_sft <= 50.639187|force_55_sft >= 9.77,LONG,Ret_96,207,119,1.2786,1.539
mom_34_sft >= 17.719999|cmo_8_sft >= -21.287083,LONG,Ret_48,229,317,1.3062,1.2037
rsi_5_sft <= Close_sft|roc_34_sft >= 1.253321,LONG,Ret_48,241,221,1.2631,1.2579
roc_48_sft >= 0.040634|roc_144_sft >= 0.189912|rsi_144_sft <= 53.266479,LONG,Ret_96,215,132,1.2771,1.361
rsi_5_sft <= 50.52813|force_21_sft <= 980778.65625|force_34_sft >= 5934.621094,LONG,Ret_96,305,187,1.2851,1.6867
mom_55_sft >= 11.248|mom_8_sft <= 3.486,LONG,Ret_72,289,236,1.2508,1.4397
force_120_sft >= 18121.945312|mom_144_sft >= 2.657|force_120_sft <= 570012.21875,LONG,Ret_96,223,135,1.2581,1.3241
mfi_24_sft <= Close_sft|mom_34_sft >= 17.719999,LONG,Ret_48,230,318,1.3163,1.1932
rsi_8_sft >= 61.997915|cmo_200_sft >= -4.0919,LONG,Ret_96,323,227,1.2565,1.424
mfi_200_sft >= 54.207512|mom_89_sft >= -11.923,LONG,Ret_72,208,157,1.3984,1.1329
force_34_sft >= Close_sft|cmo_5_sft >= 54.602844,LONG,Ret_96,318,206,1.316,1.4403
mom_34_sft >= 6.82|mom_144_sft <= 36.734401,LONG,Ret_96,303,176,1.2565,1.351
mfi_55_sft >= 56.83432|force_13_sft >= 1072989.0|mfi_5_sft <= Close_sft,LONG,Ret_48,317,245,1.2843,1.157
mfi_55_sft >= 44.411974|mom_120_sft <= -13.59,LONG,Ret_72,208,156,1.3053,1.0246
force_8_sft >= Close_sft|mfi_48_sft >= 63.139385,LONG,Ret_48,220,173,1.4317,1.2375
cmo_21_sft >= 0.823984|rsi_5_sft >= 77.301424,LONG,Ret_96,329,214,1.2635,1.507
mom_48_sft >= 0.569|cmo_5_sft <= -27.580817,LONG,Ret_96,289,198,1.2507,1.4387
roc_5_sft <= 0.409222|cmo_34_sft >= -10.465685|mfi_34_sft >= 65.187675,LONG,Ret_72,225,174,1.4389,1.2868
rsi_13_sft >= 50.449551|mom_200_sft <= 4.75,LONG,Ret_96,249,145,1.3425,1.2191
mom_144_sft >= 2.657|mfi_21_sft >= 69.26593,LONG,Ret_72,226,157,1.3089,1.5991
roc_34_sft >= 1.253321|mfi_48_sft >= 6.67,LONG,Ret_48,241,221,1.2631,1.2579
mom_24_sft >= -13.2322|cmo_48_sft <= 0.78158|force_48_sft >= 4972.991211,LONG,Ret_96,206,112,1.2703,1.2697
mfi_48_sft >= 63.139385|rsi_144_sft >= 44.839319,LONG,Ret_48,229,173,1.4068,1.2425
rsi_200_sft >= 47.95405|roc_34_sft >= 1.253321,LONG,Ret_48,230,217,1.3067,1.2172
cmo_55_sft <= 10.116759|force_55_sft >= 739821.46875,LONG,Ret_72,212,162,1.3187,1.3577
cmo_55_sft >= 1.92|mom_120_sft <= 5.41,LONG,Ret_72,246,135,1.3066,1.4171
roc_144_sft <= 1.420344|cmo_34_sft >= 4.51|mom_55_sft <= 2.39,LONG,Ret_96,203,117,1.3975,1.4057
mom_55_sft <= 0.65|force_120_sft >= 18121.945312,LONG,Ret_96,210,122,1.3756,0.9452
cmo_200_sft <= 10.086807|force_34_sft >= 0.91,LONG,Ret_96,355,210,1.2649,1.4497
mom_34_sft >= 17.719999|roc_55_sft <= Close_sft,LONG,Ret_48,230,318,1.3163,1.1932
force_120_sft <= 1342171.725|force_89_sft >= 7990.140625|rsi_89_sft <= Close_sft,LONG,Ret_96,326,198,1.2584,1.5979
cmo_5_sft <= 1.056262|force_24_sft >= -8.55,LONG,Ret_96,329,203,1.2856,1.4364
rsi_55_sft >= 50.420631|mfi_48_sft >= 63.139385,LONG,Ret_48,222,167,1.4323,1.2831
force_34_sft >= Close_sft|rsi_144_sft <= 50.435356,LONG,Ret_96,212,117,1.2535,1.2358
cmo_5_sft >= 54.602844|roc_34_sft >= 0.035466|force_120_sft <= 1342171.725,LONG,Ret_96,278,163,1.3352,1.5062
roc_34_sft >= 0.035466|mfi_48_sft >= 63.139385,LONG,Ret_48,222,165,1.3815,1.2564
force_55_sft >= -2026038.8|cmo_55_sft <= -6.42,LONG,Ret_96,257,119,1.2734,1.1144
mfi_89_sft >= 41.208059|force_34_sft >= Close_sft,LONG,Ret_96,369,236,1.2517,1.4265
mfi_24_sft >= 68.029807|roc_5_sft >= 0.005459,LONG,Ret_96,240,166,1.3451,1.4074
mfi_48_sft >= 63.139385|force_21_sft >= -2749202.25,LONG,Ret_48,229,173,1.4068,1.2537
force_120_sft >= -1535445.75|mfi_200_sft >= 54.207512,LONG,Ret_72,215,162,1.3038,1.1157
force_55_sft >= 739821.46875|mfi_48_sft >= 44.007746|mfi_89_sft >= 50.597168,LONG,Ret_96,228,170,1.2816,1.5864
force_24_sft >= 945736.46875|rsi_48_sft >= 45.592133|mfi_13_sft >= 73.754567,LONG,Ret_96,238,183,1.3387,1.2476
mfi_120_sft >= 9.98|mfi_24_sft >= 68.029807,LONG,Ret_96,244,173,1.2927,1.3375
mom_89_sft >= 1.35|force_48_sft >= 7.8,LONG,Ret_96,296,201,1.2838,1.7272
rsi_120_sft <= 53.517298|rsi_8_sft >= 71.994859|mfi_13_sft <= Close_sft,LONG,Ret_96,221,129,1.2657,1.2001
cmo_120_sft >= -5.393899|cmo_5_sft <= -0.44,LONG,Ret_96,346,235,1.2603,1.3783
rsi_34_sft >= 56.319788|mom_144_sft >= 2.657|mfi_5_sft >= 86.041183,LONG,Ret_72,227,170,1.2812,1.6164
cmo_8_sft <= 2.61|mfi_5_sft >= 30.978184|cmo_34_sft >= 0.714002,LONG,Ret_96,265,172,1.2738,1.6973
mfi_21_sft >= 69.26593|cmo_55_sft >= 0.17|mfi_89_sft >= 50.597168,LONG,Ret_72,240,168,1.348,1.6378
roc_13_sft >= -0.307263|force_48_sft >= 774649.90625|mom_55_sft <= 11.248,LONG,Ret_96,230,142,1.2803,1.6282
mfi_21_sft >= 0.15|mom_34_sft >= 17.719999,LONG,Ret_48,230,318,1.3163,1.1932
force_34_sft >= 5934.621094|mfi_200_sft <= 50.639187,LONG,Ret_96,225,132,1.3612,1.2936
mfi_89_sft >= 50.597168|rsi_48_sft >= 55.387239,LONG,Ret_96,230,160,1.3015,1.5882
mfi_34_sft >= 65.187675|roc_89_sft >= 0.092346,LONG,Ret_72,210,158,1.2836,1.332
mfi_120_sft <= 50.774323|mfi_89_sft >= 45.558933|force_24_sft <= 945736.46875,LONG,Ret_96,273,170,1.3247,1.8258
mfi_34_sft >= 58.335773|mom_21_sft <= 6.417|roc_144_sft <= 2.706932,LONG,Ret_72,304,178,1.3005,1.1232
mom_13_sft >= -9.4892|mom_34_sft >= 17.719999,LONG,Ret_48,230,311,1.3163,1.2979
mfi_55_sft <= Close_sft|mfi_48_sft >= 63.139385,LONG,Ret_48,229,173,1.4068,1.2537
force_89_sft >= -1739481.125|rsi_120_sft >= 50.471382|mom_120_sft <= 17.629001,LONG,Ret_96,260,135,1.2789,1.517
mom_34_sft >= 17.719999|mom_89_sft <= Close_sft|roc_34_sft <= 9.19,LONG,Ret_48,230,318,1.3163,1.1932
cmo_8_sft >= 43.989711|mfi_5_sft >= 86.041183,LONG,Ret_96,258,180,1.2511,1.409
rsi_120_sft >= 47.303051|rsi_5_sft >= 77.301424|cmo_8_sft >= -40.457375,LONG,Ret_96,304,206,1.3036,1.5696
mom_55_sft <= 0.65|force_34_sft >= 2.27,LONG,Ret_96,284,167,1.338,1.4038
mom_34_sft >= 17.719999|mfi_34_sft >= 35.920062,LONG,Ret_48,230,318,1.3163,1.1932
mom_144_sft <= 9.6|force_34_sft >= 5934.621094,LONG,Ret_96,279,143,1.3262,1.1247
force_34_sft >= 9.1|cmo_200_sft <= 5.617026,LONG,Ret_96,300,171,1.2664,1.3532
force_21_sft >= Close_sft|rsi_5_sft >= 77.301424,LONG,Ret_96,331,213,1.2647,1.4514
mfi_55_sft >= 38.973816|rsi_24_sft >= 57.337118|mom_5_sft <= 5.89,LONG,Ret_72,345,217,1.2675,1.2135
roc_34_sft >= 1.253321|roc_34_sft <= Close_sft,LONG,Ret_48,241,221,1.2631,1.2579
mfi_144_sft >= 46.419693|mom_34_sft >= 17.719999,LONG,Ret_48,217,293,1.2801,1.3035
mfi_120_sft <= 50.774323|force_48_sft >= Close_sft,LONG,Ret_96,229,147,1.2757,1.8208
force_120_sft >= Close_sft|mfi_24_sft >= 68.029807,LONG,Ret_72,243,171,1.3392,1.4048
mfi_34_sft >= 58.335773|cmo_48_sft <= 10.774477|rsi_34_sft <= Close_sft,LONG,Ret_96,251,166,1.3449,1.0138
mom_200_sft <= 43.857599|mom_89_sft >= 6.52|mfi_55_sft <= Close_sft,LONG,Ret_72,334,181,1.2659,1.5031
roc_34_sft >= 1.253321|roc_120_sft <= Close_sft,LONG,Ret_48,241,221,1.2631,1.2579
mfi_24_sft >= 68.029807|mfi_24_sft >= -6.4,LONG,Ret_96,244,173,1.2927,1.3375
mfi_48_sft >= 63.139385|force_89_sft >= 7990.140625,LONG,Ret_48,219,165,1.4551,1.3027
mom_144_sft <= 19.870001|mom_89_sft >= -3.08|force_24_sft >= -965932.75,LONG,Ret_96,295,137,1.2557,1.4389
roc_34_sft >= 1.253321|cmo_144_sft >= -10.321363,LONG,Ret_48,241,221,1.2722,1.2367
mom_89_sft >= 1.27|force_89_sft >= -0.21|cmo_89_sft <= 15.10026,LONG,Ret_96,277,187,1.3293,1.7418
mom_89_sft <= -4.97|roc_120_sft >= -2.160297|mom_144_sft <= 7.72,LONG,Ret_96,253,138,1.2508,1.0541
rsi_5_sft >= 77.301424|rsi_120_sft >= 47.303051,LONG,Ret_96,304,206,1.3036,1.5696
mfi_13_sft >= 27.640554|mom_34_sft >= 17.719999,LONG,Ret_48,230,318,1.3163,1.2016
cmo_5_sft <= 54.602844|mfi_34_sft >= 65.187675,LONG,Ret_72,225,171,1.272,1.2655
roc_89_sft >= -5.93|roc_34_sft >= 1.253321,LONG,Ret_48,241,221,1.2954,1.222
cmo_21_sft >= 9.34|rsi_21_sft >= -4.0,LONG,Ret_96,345,220,1.2935,1.4115
mfi_48_sft >= 57.227482|cmo_21_sft >= 15.52667|cmo_89_sft <= Close_sft,LONG,Ret_48,330,253,1.3585,1.0071
mfi_24_sft >= 68.029807|mfi_34_sft >= 35.920062,LONG,Ret_96,244,173,1.2927,1.3375
mfi_24_sft >= 68.029807|mom_200_sft >= -39.087601|mfi_89_sft >= 0.63,LONG,Ret_96,236,162,1.2688,1.492
mom_200_sft >= -6.62|cmo_55_sft >= 10.116759|roc_55_sft <= 0.822681,LONG,Ret_72,210,114,1.4636,1.6476
rsi_144_sft <= Close_sft|mom_8_sft <= 7.757|cmo_55_sft >= 10.116759,LONG,Ret_72,276,168,1.2513,1.462
cmo_5_sft >= 54.602844|force_89_sft >= -647329.84375,LONG,Ret_96,315,206,1.3022,1.3072
mfi_89_sft >= 2.24|rsi_5_sft >= 77.301424|force_48_sft <= 774649.90625,LONG,Ret_96,250,145,1.453,1.6913
roc_13_sft <= 0.339135|cmo_34_sft >= 0.714002|roc_8_sft >= -3.06,LONG,Ret_96,340,219,1.3389,1.3632
mfi_120_sft <= 50.774323|force_120_sft >= Close_sft,LONG,Ret_72,230,142,1.3024,1.8775
force_34_sft >= -2.46|force_48_sft <= 4972.991211|roc_34_sft <= 0.626954,LONG,Ret_72,205,120,1.2781,1.716
mom_8_sft >= -3.16|rsi_89_sft >= 46.818644|mfi_120_sft <= 50.774323,LONG,Ret_96,263,164,1.4131,1.7242
force_13_sft >= 1072989.0|force_21_sft >= 9212.429688|force_24_sft <= 945736.46875,LONG,Ret_48,379,247,1.2735,1.374
roc_34_sft >= 1.253321|roc_24_sft <= Close_sft,LONG,Ret_48,241,221,1.2631,1.2579
mom_21_sft <= 0.33|force_200_sft >= Close_sft|mom_120_sft <= 17.629001,LONG,Ret_96,208,86,1.4073,1.275
force_48_sft >= -7.29|mom_120_sft <= 17.629001,LONG,Ret_96,308,156,1.2812,1.4832
roc_144_sft >= 0.189912|mfi_21_sft >= 69.26593|force_8_sft >= -7.95,LONG,Ret_72,224,154,1.2813,1.6391
mfi_24_sft >= 59.951464|force_8_sft <= -0.46|roc_34_sft >= -1.148594,LONG,Ret_72,324,208,1.2719,1.0683
mom_48_sft <= 10.59|rsi_13_sft >= 67.910724,LONG,Ret_72,203,93,1.3628,2.1802
force_13_sft >= 1072989.0|mfi_48_sft >= 8.39|mfi_13_sft >= 73.754567,LONG,Ret_96,259,187,1.2926,1.374
rsi_200_sft <= Close_sft|cmo_24_sft >= 14.674236|roc_34_sft <= 0.626954,LONG,Ret_96,248,159,1.3485,1.561
mfi_48_sft >= 63.139385|cmo_89_sft >= -13.039774,LONG,Ret_48,229,173,1.4068,1.2537
mom_200_sft <= 24.299999|mfi_24_sft >= 59.951464|mom_8_sft >= -3.16,LONG,Ret_96,267,132,1.2806,1.0898
mom_120_sft <= 34.8406|mfi_34_sft >= 65.187675,LONG,Ret_72,216,115,1.3951,1.542
cmo_200_sft <= 0.69991|force_5_sft >= 3922685.65,LONG,Ret_48,245,171,1.3639,1.3384
mom_5_sft <= -2.4205|cmo_8_sft >= 0.9255,LONG,Ret_96,227,196,1.2739,1.5657
force_21_sft >= -9.06|mom_200_sft <= 3.638|mfi_8_sft >= 22.081969,LONG,Ret_96,241,139,1.2927,1.1038
roc_34_sft >= 1.253321|cmo_48_sft >= -17.491088,LONG,Ret_48,241,221,1.2722,1.2579
mfi_48_sft >= 63.139385|rsi_24_sft >= 37.70602,LONG,Ret_48,229,173,1.4068,1.2537
mfi_13_sft <= 73.754567|mom_89_sft >= 1.27|force_48_sft >= 4972.991211,LONG,Ret_96,292,197,1.2657,1.6993
force_48_sft >= 4972.991211|roc_89_sft <= 2.150699,LONG,Ret_96,352,216,1.3329,1.625
force_21_sft <= 980778.65625|force_34_sft >= 5934.621094,LONG,Ret_96,353,210,1.2897,1.5159
mom_13_sft >= -7.79|mfi_34_sft >= 58.335773|mom_144_sft >= 2.657,LONG,Ret_72,287,198,1.2554,1.3838
force_144_sft >= 7.4|roc_55_sft <= 0.047226,LONG,Ret_96,212,121,1.2618,1.1443
mom_8_sft <= -0.71|force_5_sft >= 1261102.5,LONG,Ret_72,285,219,1.2504,1.1612
rsi_5_sft <= 50.52813|mfi_48_sft >= 57.227482,LONG,Ret_96,225,166,1.3241,1.7108
mom_21_sft >= -5.6795|rsi_5_sft >= 77.301424,LONG,Ret_96,333,215,1.2572,1.4314
cmo_144_sft <= 5.77|cmo_34_sft >= -20.779138|mom_24_sft >= 6.988,LONG,Ret_96,235,170,1.2956,1.1367
mom_34_sft >= 17.719999|rsi_34_sft >= 44.767157,LONG,Ret_48,229,316,1.2937,1.2169
cmo_120_sft <= 7.034594|mfi_34_sft >= 50.579842,LONG,Ret_96,323,192,1.3464,1.3184
rsi_5_sft <= 50.52813|mfi_55_sft >= 56.83432,LONG,Ret_96,221,165,1.3594,1.9485
rsi_89_sft >= 50.480328|mfi_120_sft <= 50.774323|mfi_89_sft >= -4.75,LONG,Ret_72,214,147,1.2918,1.7951
mfi_48_sft >= 63.139385|force_5_sft >= Close_sft,LONG,Ret_48,220,172,1.3992,1.2457
mfi_120_sft <= 50.774323|cmo_89_sft >= -3.79,LONG,Ret_96,248,161,1.2899,1.6165
cmo_5_sft >= 1.056262|force_55_sft <= 1932598.225|rsi_8_sft >= 71.994859,LONG,Ret_96,269,151,1.2712,1.6302
mfi_21_sft >= 50.517838|mfi_48_sft >= -5.72|force_34_sft >= Close_sft,LONG,Ret_96,356,232,1.3126,1.5634
rsi_89_sft >= 46.818644|mom_200_sft <= 4.78|force_24_sft >= Close_sft,LONG,Ret_96,224,130,1.3592,0.9352
rsi_5_sft >= 77.301424|roc_89_sft <= 2.150699,LONG,Ret_96,311,196,1.3191,1.5221
roc_55_sft <= 0.822681|roc_34_sft >= 0.626954,LONG,Ret_96,269,176,1.265,1.2002
rsi_5_sft >= 77.301424|cmo_89_sft >= -13.039774,LONG,Ret_96,329,216,1.2728,1.5318
roc_48_sft <= Close_sft|mfi_24_sft >= 68.029807,LONG,Ret_96,244,173,1.2927,1.3375
rsi_120_sft >= 47.303051|mom_34_sft >= 17.719999,LONG,Ret_48,225,314,1.304,1.2207
mfi_34_sft >= 50.579842|mom_200_sft <= 3.638,LONG,Ret_96,235,141,1.3262,1.2483
cmo_24_sft >= 7.77,LONG,Ret_96,346,218,1.2508,1.4723
mom_24_sft <= 14.8274|cmo_48_sft <= 0.78158|force_34_sft >= 3.29,LONG,Ret_96,233,115,1.2573,1.0549
mom_34_sft >= 17.719999|force_8_sft >= Close_sft,LONG,Ret_48,224,307,1.2974,1.2558
cmo_8_sft <= Close_sft|force_34_sft >= -5.05|rsi_24_sft <= 50.393036,LONG,Ret_96,237,137,1.3407,1.4354
mom_34_sft >= 17.719999|rsi_48_sft >= 45.592133,LONG,Ret_48,228,315,1.3008,1.2357
rsi_144_sft <= Close_sft|rsi_48_sft >= -3.07|mfi_24_sft >= 68.029807,LONG,Ret_96,244,173,1.2927,1.3375
roc_13_sft <= 0.339135|rsi_34_sft >= 50.357002,LONG,Ret_96,340,219,1.3389,1.3632
force_5_sft <= 3922685.65|mom_144_sft <= 19.870001|mfi_48_sft >= 50.552082,LONG,Ret_96,296,157,1.2609,1.2288
roc_55_sft <= 6.26|force_21_sft >= 980778.65625|roc_24_sft >= 0.502807,LONG,Ret_96,282,207,1.2643,1.5192
mfi_24_sft >= 59.951464|force_5_sft <= 18865.238281,LONG,Ret_72,347,228,1.2653,1.2447
mom_48_sft <= 10.59|rsi_48_sft >= 55.387239,LONG,Ret_72,218,100,1.3225,2.0928
mfi_24_sft >= 68.029807|cmo_34_sft <= 23.782142|rsi_13_sft >= 41.623053,LONG,Ret_96,216,143,1.5386,1.2189
mfi_120_sft <= 50.774323|mfi_5_sft >= 50.859138,LONG,Ret_96,290,181,1.2898,1.5581
force_55_sft >= -0.55|mfi_24_sft >= 68.029807,LONG,Ret_72,271,189,1.3063,1.3783
mom_144_sft <= 6.98|cmo_5_sft >= 54.602844|force_21_sft >= Close_sft,LONG,Ret_96,206,112,1.2897,1.0793
mfi_24_sft >= 68.029807|cmo_24_sft >= -3.52,LONG,Ret_96,242,170,1.2527,1.3837
mfi_24_sft >= 68.029807|roc_48_sft >= -0.651132,LONG,Ret_72,277,197,1.2994,1.3151
roc_5_sft <= -0.174879|force_13_sft >= 19496.171875,LONG,Ret_72,300,211,1.2805,1.0913
roc_200_sft >= 0.267701|roc_144_sft <= 1.63|roc_24_sft <= 0.029852,LONG,Ret_96,214,132,1.2615,1.2955
mfi_24_sft >= 59.951464|cmo_24_sft <= 14.674236,LONG,Ret_96,282,181,1.2553,1.1374
force_200_sft >= -2.23|mfi_55_sft <= 50.516251,LONG,Ret_96,211,129,1.2557,1.282
force_89_sft >= Close_sft|roc_144_sft <= 2.706932|force_34_sft >= -2.87,LONG,Ret_96,313,182,1.3039,1.5751
rsi_55_sft >= 50.420631|cmo_5_sft >= 54.602844,LONG,Ret_96,289,197,1.2754,1.4693
cmo_21_sft <= -13.144417|force_48_sft >= -798731.84375,LONG,Ret_96,219,99,1.2555,1.3863
roc_200_sft <= 1.707907|force_24_sft >= Close_sft,LONG,Ret_96,321,182,1.2687,1.2365
force_144_sft >= -555866.96875|rsi_13_sft <= 33.736496,LONG,Ret_48,243,116,1.2762,1.4917
cmo_24_sft <= 0.786075|force_55_sft <= 1932598.225|mfi_120_sft <= 50.774323,LONG,Ret_96,292,176,1.2562,1.5639
mom_144_sft <= 9.39|roc_21_sft >= 0.462011,LONG,Ret_96,228,128,1.2927,0.9567
roc_34_sft >= 1.253321|cmo_13_sft <= Close_sft,LONG,Ret_48,241,221,1.2631,1.2579
mfi_89_sft >= -5.71|force_21_sft >= 980778.65625|cmo_5_sft <= 30.548246,LONG,Ret_96,272,202,1.2918,1.4528
mfi_34_sft >= 58.335773|cmo_89_sft >= -13.039774|roc_8_sft <= 0.007914,LONG,Ret_72,314,220,1.2684,1.1065
mfi_48_sft >= 57.227482|cmo_144_sft <= 6.532958,LONG,Ret_72,238,153,1.2802,1.3031
mfi_55_sft >= 56.83432|force_5_sft <= -6.18,LONG,Ret_96,223,165,1.3932,1.8175
cmo_21_sft >= 15.52667|force_24_sft <= 2605860.6|rsi_8_sft >= 71.994859,LONG,Ret_96,232,115,1.2794,1.6574
cmo_144_sft <= 0.870716|force_34_sft >= Close_sft,LONG,Ret_96,212,117,1.2535,1.2358
mfi_24_sft >= 68.029807|rsi_120_sft >= -0.37,LONG,Ret_96,244,173,1.2927,1.3375
force_34_sft >= Close_sft|mfi_120_sft <= 55.01005,LONG,Ret_96,331,194,1.3553,1.623
cmo_55_sft >= 0.841261|force_13_sft >= 3116180.5,LONG,Ret_96,240,189,1.2595,1.5737
rsi_13_sft <= 50.449551|mfi_34_sft >= 58.335773,LONG,Ret_96,209,148,1.3288,1.1284
mom_21_sft >= 0.19|mom_34_sft >= 17.719999,LONG,Ret_48,226,309,1.2993,1.1753
cmo_89_sft <= 0.960655|roc_55_sft >= 0.047226|roc_34_sft <= 0.035466,LONG,Ret_72,212,122,1.3109,1.2926
roc_34_sft >= 0.626954|mfi_8_sft >= 34.892616|mom_120_sft <= 5.16,LONG,Ret_72,200,127,1.2661,1.2216
mom_200_sft <= 1.79|force_34_sft >= -8.87,LONG,Ret_96,217,126,1.479,1.3013
mom_55_sft <= 9.91|force_89_sft >= 7990.140625,LONG,Ret_96,294,161,1.4602,1.2088
roc_200_sft <= 5.02|mfi_48_sft >= 63.139385,LONG,Ret_48,218,155,1.5115,1.2182
mom_55_sft >= -5.05|mfi_55_sft >= 56.83432|force_8_sft <= -10.0,LONG,Ret_96,217,155,1.2674,1.9232
force_8_sft >= 13648.508789|force_89_sft <= -2.23|rsi_144_sft <= 53.266479,LONG,Ret_96,275,164,1.2604,1.3069
force_200_sft <= 461822.953125|cmo_34_sft >= 12.639574,LONG,Ret_48,259,151,1.2764,1.4601
rsi_24_sft <= 57.337118|cmo_5_sft >= 54.602844,LONG,Ret_96,240,141,1.2825,1.5535
roc_24_sft >= 0.029852|mfi_24_sft >= 68.029807,LONG,Ret_96,244,170,1.2802,1.365
roc_200_sft <= 0.267701|cmo_200_sft >= -4.0919|force_13_sft >= 3.75,LONG,Ret_96,207,131,1.2993,1.3705
mfi_120_sft <= 50.774323|cmo_24_sft <= Close_sft|mom_13_sft <= 2.81,LONG,Ret_96,310,189,1.2798,1.5054
mom_200_sft >= 3.638|force_55_sft <= Close_sft,LONG,Ret_96,218,148,1.2609,1.3477
force_48_sft <= 774649.90625|rsi_5_sft >= 77.301424|mfi_24_sft <= Close_sft,LONG,Ret_96,250,145,1.453,1.6913
mfi_34_sft >= 58.335773|roc_144_sft <= 1.420344,LONG,Ret_72,303,184,1.2834,1.3558
mfi_34_sft >= 65.187675|force_89_sft <= 1550081.0|rsi_13_sft <= Close_sft,LONG,Ret_72,203,135,1.38,1.7096
mfi_24_sft >= 68.029807|mom_8_sft >= 3.486,LONG,Ret_96,215,157,1.4216,1.6279
roc_8_sft >= -0.513666|mfi_24_sft >= 68.029807,LONG,Ret_96,244,172,1.2925,1.3373
roc_89_sft >= 1.086906|mom_13_sft <= 10.2784|rsi_55_sft >= 45.890608,LONG,Ret_96,209,154,1.2712,1.5098
mfi_48_sft >= 63.139385|mom_5_sft >= -5.55,LONG,Ret_48,228,173,1.4359,1.2555
mfi_8_sft >= 22.081969|mfi_48_sft >= 63.139385,LONG,Ret_48,229,173,1.4068,1.2537
mom_89_sft >= 1.27|mfi_55_sft >= 56.83432,LONG,Ret_72,278,198,1.2895,1.4878
force_200_sft <= 461822.953125|mfi_21_sft >= 69.26593,LONG,Ret_72,205,130,1.2545,1.3396
mom_21_sft <= Close_sft|mom_34_sft >= 17.719999,LONG,Ret_48,230,318,1.3163,1.1932
mom_24_sft <= 6.988|cmo_8_sft >= 23.995831,LONG,Ret_96,339,200,1.2624,1.5028
cmo_48_sft <= Close_sft|roc_34_sft >= 1.253321,LONG,Ret_48,241,221,1.2631,1.2579
roc_48_sft <= Close_sft|force_120_sft >= 6.22|mfi_200_sft >= 54.207512,LONG,Ret_72,202,151,1.3779,1.1305
force_34_sft >= -2.58|mfi_89_sft >= 41.208059,LONG,Ret_96,369,236,1.2525,1.4265
mfi_48_sft >= 63.139385|rsi_5_sft >= 36.209591,LONG,Ret_48,227,173,1.4083,1.2515
force_8_sft >= 3517347.45|mom_48_sft >= -3.4,LONG,Ret_96,271,204,1.2713,1.3956
cmo_48_sft >= 8.54|mom_144_sft <= 19.870001,LONG,Ret_96,212,100,1.267,1.4096
mom_48_sft >= -8.77|roc_200_sft <= 0.267701|rsi_13_sft >= 50.449551,LONG,Ret_96,231,132,1.3657,1.1462
mfi_13_sft >= 63.271347|mom_144_sft <= 3.11,LONG,Ret_96,241,133,1.308,1.1408
roc_8_sft <= 0.251397|mfi_34_sft >= 65.187675|mfi_8_sft >= 2.49,LONG,Ret_72,206,161,1.3729,1.3149
mfi_24_sft >= 68.029807|force_55_sft >= 0.45|roc_21_sft >= -0.412468,LONG,Ret_72,271,189,1.3063,1.3783
force_55_sft >= 7.05|rsi_5_sft <= Close_sft|mom_89_sft >= 1.27,LONG,Ret_96,296,201,1.2917,1.6453
rsi_55_sft >= 55.05838|roc_13_sft <= 0.719682,LONG,Ret_96,222,144,1.2685,1.6621
mfi_24_sft >= 68.029807|rsi_24_sft >= -1.89,LONG,Ret_96,244,173,1.2927,1.3375
mfi_34_sft >= 65.187675|roc_144_sft <= 2.706932,LONG,Ret_72,214,144,1.4049,1.4645
mfi_120_sft <= 55.01005|mfi_34_sft >= 58.335773|roc_200_sft >= -2.845036,LONG,Ret_72,287,180,1.4163,1.3492
mfi_48_sft <= Close_sft|cmo_24_sft >= 14.674236|mom_55_sft <= 11.248,LONG,Ret_96,258,134,1.2773,2.0675
roc_144_sft <= 2.706932|force_8_sft >= 3517347.45|mfi_89_sft <= 55.650263,LONG,Ret_96,242,166,1.3268,1.4157
roc_34_sft >= 1.253321|mfi_120_sft <= Close_sft,LONG,Ret_48,241,221,1.2631,1.2579
roc_13_sft <= 0.339135|mfi_24_sft >= 68.029807,LONG,Ret_72,205,151,1.3904,1.4863
mom_34_sft >= 6.74|cmo_34_sft <= Close_sft|roc_144_sft <= Close_sft,LONG,Ret_96,322,232,1.2711,1.3553
force_120_sft <= 570012.21875|mom_21_sft <= Close_sft|mom_34_sft >= 7.26,LONG,Ret_96,249,179,1.3781,1.2213
mom_34_sft >= 6.63|rsi_13_sft <= 67.910724,LONG,Ret_96,317,229,1.3456,1.3068
roc_89_sft <= 0.77|mom_89_sft >= 1.27,LONG,Ret_96,294,184,1.2675,1.5722
roc_8_sft <= 0.251397|force_34_sft >= -9.09|mfi_120_sft <= 55.01005,LONG,Ret_96,309,178,1.4142,1.6867
mfi_48_sft >= 63.139385|mfi_8_sft >= 34.892616,LONG,Ret_48,228,173,1.4165,1.2499
roc_144_sft <= 1.420344|force_120_sft >= 3.51,LONG,Ret_96,271,147,1.2668,1.4455
mfi_34_sft >= 50.579842|force_5_sft <= -3968618.75,LONG,Ret_96,216,177,1.3438,1.2666
roc_5_sft <= 3.81|force_55_sft >= 739821.46875|mfi_48_sft >= 57.227482,LONG,Ret_72,235,194,1.377,1.3668
mfi_55_sft >= 56.83432|force_8_sft <= Close_sft,LONG,Ret_96,218,158,1.2587,1.9927
force_24_sft >= 8057.183594|mom_13_sft <= -2.71|cmo_89_sft >= -6.362713,LONG,Ret_48,317,250,1.2593,1.0004
mom_34_sft >= 8.6175|force_21_sft <= 980778.65625,LONG,Ret_96,263,205,1.2754,1.2787
roc_8_sft <= 0.007914|force_24_sft >= 945736.46875,LONG,Ret_96,208,172,1.3471,1.6602
mfi_144_sft <= 57.973013|force_34_sft >= 5934.621094|roc_89_sft <= 1.086906,LONG,Ret_96,322,195,1.2723,1.4835
mfi_24_sft >= 68.029807|rsi_120_sft >= 44.363361,LONG,Ret_96,242,172,1.2881,1.3708
mfi_55_sft >= 56.83432|mfi_144_sft <= 54.681004|force_34_sft <= 860495.4375,LONG,Ret_72,200,124,1.2972,1.6736
force_120_sft >= 7.03|roc_55_sft <= 0.07,LONG,Ret_96,219,126,1.3725,1.0517
roc_34_sft <= 8.15|cmo_34_sft >= 0.714002|mom_48_sft <= -3.16,LONG,Ret_96,201,155,1.2816,1.334
mom_55_sft >= -9.552|mfi_48_sft >= 57.227482|cmo_55_sft <= 9.99,LONG,Ret_96,207,137,1.5146,1.4779
cmo_34_sft <= Close_sft|roc_34_sft >= 1.253321,LONG,Ret_48,241,221,1.2631,1.2579
mfi_55_sft >= 56.83432|force_55_sft >= 739821.46875,LONG,Ret_72,230,184,1.3653,1.3917
force_48_sft >= 4972.991211|force_5_sft <= 9.59,LONG,Ret_96,316,201,1.2938,1.5771
force_13_sft >= 3116180.5|rsi_55_sft >= 50.420631,LONG,Ret_96,240,189,1.2595,1.5737
mfi_24_sft >= 50.55991|cmo_8_sft <= 0.9255|mom_144_sft <= 2.657,LONG,Ret_72,286,152,1.2509,1.1854
force_8_sft <= -0.53|roc_24_sft >= 0.029852|cmo_48_sft <= 10.774477,LONG,Ret_96,316,200,1.2905,1.2121
mfi_21_sft >= 31.999155|mom_34_sft >= 17.719999,LONG,Ret_48,230,318,1.3163,1.192
cmo_21_sft >= 8.99|roc_8_sft >= -0.513666,LONG,Ret_96,346,224,1.2839,1.3678
roc_13_sft >= 0.339135|mfi_120_sft <= 55.01005|cmo_55_sft <= Close_sft,LONG,Ret_96,311,201,1.262,1.4911
mom_55_sft <= 23.58|roc_13_sft <= Close_sft|mfi_34_sft >= 65.187675,LONG,Ret_72,217,116,1.431,1.4887
mom_89_sft <= 8.76|force_34_sft >= 8.67,LONG,Ret_96,301,168,1.2997,1.232
cmo_13_sft >= -32.527008|mom_34_sft >= 17.719999,LONG,Ret_48,230,318,1.3163,1.1932
rsi_34_sft >= 56.319788|roc_8_sft <= 0.540557|mom_120_sft >= -0.65,LONG,Ret_72,277,188,1.2797,1.4322
mom_89_sft >= 1.27|rsi_8_sft >= 50.462749,LONG,Ret_96,311,213,1.2633,1.5304
roc_34_sft >= 1.253321|rsi_5_sft >= 36.209591,LONG,Ret_48,240,220,1.255,1.2436
cmo_89_sft >= 2.5|roc_144_sft <= 2.706932,LONG,Ret_96,287,177,1.3092,2.1648
mfi_21_sft >= 60.614326|rsi_55_sft >= 45.890608,LONG,Ret_72,408,280,1.3164,1.2907
mfi_34_sft >= 50.579842|cmo_144_sft <= 6.532958,LONG,Ret_96,322,190,1.2996,1.2503
roc_55_sft <= 0.047226|force_48_sft >= Close_sft,LONG,Ret_96,267,159,1.3491,1.5329
roc_21_sft >= 0.462011|force_34_sft >= -882131.46875|force_48_sft <= 774649.90625,LONG,Ret_96,266,168,1.2928,1.4293
cmo_200_sft >= 0.69991|mfi_200_sft >= 54.207512,LONG,Ret_72,200,159,1.307,1.1748
mfi_120_sft <= 55.01005|mfi_21_sft >= 50.517838,LONG,Ret_96,335,204,1.2623,1.462
mfi_48_sft >= 63.139385|roc_89_sft >= -1.849858,LONG,Ret_48,228,172,1.4092,1.3165
rsi_34_sft >= 50.357002|mfi_24_sft >= 41.40654|mfi_21_sft >= 60.614326,LONG,Ret_72,383,270,1.2811,1.287
roc_89_sft <= 0.092346|rsi_120_sft >= 44.363361|force_144_sft >= Close_sft,LONG,Ret_48,268,154,1.3111,0.878
force_120_sft >= Close_sft|cmo_144_sft >= -2.34|mom_89_sft <= 1.27,LONG,Ret_48,241,127,1.3099,0.9218
rsi_55_sft >= 7.6|rsi_8_sft >= 71.994859|force_24_sft <= 2605860.6,LONG,Ret_96,248,126,1.29,1.7032
rsi_13_sft >= 67.910724|force_21_sft <= 2718608.9,LONG,Ret_72,217,113,1.3301,1.9835
rsi_48_sft >= 0.79|mom_34_sft >= 17.719999,LONG,Ret_48,230,318,1.3163,1.1932
force_34_sft >= 860495.4375|rsi_144_sft <= 53.266479,LONG,Ret_96,220,145,1.2567,1.1244
rsi_24_sft >= -0.37|mfi_24_sft >= 68.029807,LONG,Ret_96,244,173,1.2927,1.3375
force_8_sft >= -6.15|mfi_48_sft >= 63.139385,LONG,Ret_48,220,173,1.4317,1.2375
mfi_34_sft >= 65.187675|mom_13_sft <= 10.2784,LONG,Ret_72,224,158,1.4127,1.3759
roc_120_sft <= 1.62|mfi_48_sft >= 57.227482,LONG,Ret_72,268,168,1.3381,1.5321
mfi_48_sft >= 63.139385|rsi_34_sft <= Close_sft,LONG,Ret_48,229,173,1.4068,1.2537
mfi_200_sft <= 50.639187|force_34_sft >= Close_sft,LONG,Ret_96,225,132,1.3575,1.2936
mom_34_sft >= 17.719999|rsi_5_sft <= Close_sft,LONG,Ret_48,230,318,1.3163,1.1932
mom_120_sft <= 7.18|rsi_89_sft >= 50.480328|rsi_34_sft <= 56.319788,LONG,Ret_72,229,124,1.2517,1.6322
force_89_sft >= 7990.140625|roc_89_sft <= 2.150699,LONG,Ret_96,322,198,1.365,1.7504
force_34_sft >= -3.4|rsi_200_sft <= Close_sft|cmo_200_sft <= 10.086807,LONG,Ret_96,355,210,1.2649,1.4497
roc_24_sft <= 0.502807|force_34_sft >= 5934.621094,LONG,Ret_96,362,218,1.2559,1.7664
mfi_144_sft >= 46.419693|rsi_5_sft >= 77.301424,LONG,Ret_96,301,196,1.2619,1.7485
cmo_8_sft <= 23.995831|rsi_120_sft <= 53.517298|mfi_34_sft >= 58.335773,LONG,Ret_96,223,143,1.2528,1.1407
mom_34_sft >= 17.719999|mfi_89_sft >= 41.208059,LONG,Ret_48,228,315,1.3401,1.2425
rsi_8_sft >= 61.997915|force_55_sft >= -765378.0,LONG,Ret_96,354,231,1.2963,1.4027
rsi_34_sft >= 8.81|roc_8_sft <= -0.230232|force_8_sft >= Close_sft,LONG,Ret_72,229,175,1.4272,1.0559
cmo_144_sft <= Close_sft|mom_34_sft >= 17.719999,LONG,Ret_48,230,318,1.3163,1.1932
rsi_48_sft <= Close_sft|mfi_24_sft >= 68.029807,LONG,Ret_96,244,173,1.2927,1.3375
mom_144_sft <= Close_sft|mom_144_sft >= -7.74|mfi_200_sft >= 54.207512,LONG,Ret_72,211,162,1.314,1.0155
mfi_48_sft >= 63.139385|force_55_sft >= 3.06,LONG,Ret_48,224,170,1.4228,1.2383
cmo_21_sft >= 6.8|mfi_24_sft >= 68.029807,LONG,Ret_72,268,193,1.324,1.3353
cmo_5_sft >= 54.602844|mom_55_sft <= 0.15,LONG,Ret_96,206,125,1.4541,1.6883
rsi_48_sft >= 45.592133|mfi_48_sft >= 63.139385,LONG,Ret_48,229,173,1.4058,1.2537
roc_120_sft >= -1.008683|mom_89_sft <= 1.27,LONG,Ret_96,287,175,1.2609,1.1698
mfi_120_sft <= 50.774323|rsi_13_sft <= 59.544155|mom_48_sft >= -3.76,LONG,Ret_72,309,183,1.2573,1.2237
rsi_21_sft <= 43.427792|mom_24_sft >= -6.26,LONG,Ret_96,257,109,1.2594,1.1223
mfi_48_sft >= 63.139385|roc_24_sft >= -0.448428,LONG,Ret_48,227,172,1.3904,1.2933
mom_21_sft >= 6.417|mfi_120_sft <= 55.01005,LONG,Ret_96,279,193,1.2764,1.3867
force_48_sft >= 774649.90625|rsi_21_sft >= 57.763334|mfi_48_sft >= 57.227482,LONG,Ret_48,278,233,1.3247,0.9767
rsi_55_sft >= 41.795971|mfi_48_sft >= 63.139385|mfi_200_sft <= Close_sft,LONG,Ret_48,229,173,1.4068,1.2537
cmo_13_sft >= 9.45|force_13_sft <= -9.26,LONG,Ret_48,221,172,1.2682,1.4194
cmo_200_sft >= -8.760222|force_34_sft >= Close_sft,LONG,Ret_96,366,239,1.2525,1.4497
force_89_sft >= Close_sft|rsi_120_sft >= 47.303051|force_5_sft >= 0.36,LONG,Ret_96,320,207,1.2518,1.5446
roc_24_sft <= 0.502807|rsi_5_sft >= 77.301424,LONG,Ret_96,278,163,1.3474,1.7717
mfi_13_sft >= 73.754567|roc_89_sft <= 0.092346,LONG,Ret_72,206,129,1.2513,0.9647
mfi_5_sft >= 86.041183|mom_21_sft >= 6.417,LONG,Ret_96,260,195,1.2848,1.4365
mom_200_sft <= 3.638|force_24_sft >= 4.08,LONG,Ret_96,235,136,1.3504,0.9885
roc_144_sft <= 0.189912|mfi_24_sft <= 68.029807|roc_89_sft >= 0.092346,LONG,Ret_72,225,125,1.2689,1.6288
roc_24_sft <= 0.502807|force_48_sft >= Close_sft,LONG,Ret_96,345,211,1.262,1.6197
mfi_24_sft >= 68.029807|mfi_48_sft <= Close_sft,LONG,Ret_96,244,173,1.2927,1.3375
mfi_34_sft >= 65.187675|cmo_89_sft >= -6.362713|rsi_55_sft >= 41.795971,LONG,Ret_72,239,182,1.2639,1.3679
roc_55_sft >= -0.700301|rsi_5_sft >= 77.301424|rsi_13_sft >= 41.623053,LONG,Ret_96,316,204,1.2791,1.5093
mom_89_sft <= 6.22|force_48_sft >= 4972.991211,LONG,Ret_96,282,158,1.2744,1.1733
mfi_120_sft <= 50.774323|roc_5_sft >= 0.189689|cmo_200_sft >= -4.0919,LONG,Ret_72,251,179,1.293,1.5865
mfi_144_sft <= 54.681004|force_48_sft >= Close_sft,LONG,Ret_96,316,185,1.2669,1.6875
mom_34_sft >= 8.6175|mfi_34_sft >= 58.335773,LONG,Ret_96,262,200,1.2921,1.3035
rsi_34_sft <= 56.319788|rsi_5_sft >= 77.301424|mom_200_sft >= -17.6405,LONG,Ret_96,204,110,1.2656,1.6541
mom_34_sft >= 17.719999|mfi_24_sft >= -5.12,LONG,Ret_48,230,318,1.3163,1.1932
roc_8_sft <= 0.007914|rsi_34_sft >= 56.319788,LONG,Ret_72,207,151,1.279,1.373
mfi_48_sft >= 63.139385|mom_34_sft >= 1.51,LONG,Ret_48,220,163,1.4047,1.2312
force_89_sft >= 7990.140625|mfi_144_sft <= 54.681004,LONG,Ret_96,283,167,1.3014,1.5416
cmo_13_sft >= 0.899098|mfi_24_sft >= 68.029807|mfi_13_sft >= 9.83,LONG,Ret_96,243,170,1.256,1.342
roc_55_sft <= 0.822681|cmo_8_sft >= 0.9255|cmo_5_sft <= 7.59,LONG,Ret_96,304,180,1.2608,1.4381
mfi_48_sft >= 63.139385|rsi_13_sft <= Close_sft,LONG,Ret_48,229,173,1.4068,1.2537
cmo_8_sft >= 23.995831|roc_34_sft <= 1.253321|force_89_sft >= -647329.84375,LONG,Ret_96,339,211,1.3131,1.4262
mfi_120_sft <= 55.01005|mom_13_sft >= 3.83,LONG,Ret_96,322,216,1.2675,1.4241
rsi_5_sft >= 77.301424|force_24_sft >= -5.7,LONG,Ret_96,328,212,1.3183,1.4251
mom_24_sft <= 14.8274|cmo_13_sft >= 35.82144|mom_55_sft >= 3.81,LONG,Ret_72,228,85,1.3148,1.0593
rsi_24_sft >= 7.21|mfi_48_sft >= 63.139385,LONG,Ret_48,229,173,1.4068,1.2537
rsi_5_sft >= 77.301424|rsi_24_sft >= 50.393036,LONG,Ret_96,324,211,1.2566,1.5102
rsi_48_sft <= 55.387239|cmo_55_sft >= -16.40806|force_89_sft >= 7990.140625,LONG,Ret_96,304,182,1.2805,1.4376
mom_5_sft <= -2.4205|force_55_sft >= 7923.229004,LONG,Ret_96,270,198,1.2678,1.7006
cmo_5_sft >= 54.602844|cmo_120_sft >= -5.393899,LONG,Ret_96,304,206,1.3036,1.5696
mom_21_sft >= 0.33|mfi_24_sft >= 68.029807,LONG,Ret_96,242,170,1.2969,1.3664
roc_89_sft >= 0.092346|roc_144_sft <= 1.420344,LONG,Ret_96,276,164,1.3129,1.8698
mom_200_sft <= 7.38|force_34_sft >= Close_sft,LONG,Ret_96,244,133,1.2957,1.2751
force_24_sft >= 945736.46875|mom_5_sft <= 5.89,LONG,Ret_96,305,209,1.2976,1.3612
mfi_24_sft >= 68.029807|rsi_24_sft >= 50.393036,LONG,Ret_96,241,168,1.2522,1.4081
mfi_24_sft >= 59.951464|mom_55_sft <= 0.65,LONG,Ret_96,224,139,1.5071,1.2867
force_89_sft >= Close_sft|rsi_120_sft >= 47.303051|rsi_5_sft >= 77.301424,LONG,Ret_96,278,187,1.3203,1.4574
roc_120_sft <= Close_sft|cmo_21_sft <= Close_sft|roc_34_sft >= 1.253321,LONG,Ret_48,241,221,1.2631,1.2579
roc_5_sft <= 0.005459|force_48_sft >= Close_sft,LONG,Ret_96,324,205,1.2543,1.6627
rsi_5_sft >= 77.301424|force_48_sft >= -2110439.75,LONG,Ret_96,331,214,1.2967,1.3048
force_89_sft >= -647329.84375|mfi_120_sft <= 50.774323,LONG,Ret_96,275,156,1.2676,1.6707
mom_120_sft <= 17.629001|mfi_55_sft >= 56.83432|rsi_144_sft >= 2.59,LONG,Ret_72,240,125,1.3897,1.3889
force_34_sft >= 7.09|rsi_5_sft <= 77.301424|roc_48_sft <= 0.040634,LONG,Ret_96,274,169,1.26,1.3856
cmo_13_sft >= 35.82144|rsi_120_sft >= 50.471382|force_21_sft <= 2718608.9,LONG,Ret_48,219,117,1.3305,1.7797
mfi_48_sft >= 63.139385|roc_89_sft <= Close_sft,LONG,Ret_48,229,173,1.4068,1.2537
mfi_200_sft >= 54.207512|force_89_sft >= Close_sft,LONG,Ret_72,200,152,1.4449,1.1496
cmo_34_sft >= 8.53|mfi_200_sft <= 54.207512|force_34_sft <= 2328016.5,LONG,Ret_96,238,138,1.2536,1.5627
roc_89_sft >= -0.891893|mfi_200_sft >= 54.207512|force_200_sft >= 5.22,LONG,Ret_72,203,148,1.4332,1.1113
mom_55_sft <= 8.79|cmo_24_sft >= 14.674236,LONG,Ret_96,249,128,1.292,1.9228
roc_34_sft >= 1.253321|roc_5_sft >= -5.29,LONG,Ret_48,241,221,1.2631,1.2579
force_144_sft >= 9.3|mom_144_sft >= 9.34,LONG,Ret_96,240,166,1.2781,1.7576
mom_34_sft >= 17.719999|cmo_34_sft >= 3.08,LONG,Ret_48,223,302,1.35,1.2488
cmo_21_sft <= Close_sft|roc_21_sft >= 0.954321|rsi_5_sft >= 77.301424,LONG,Ret_96,203,163,1.2527,1.4961
mom_21_sft <= 6.417|force_48_sft >= 4972.991211,LONG,Ret_96,344,199,1.2912,1.3963
roc_89_sft >= 0.092346|mfi_120_sft <= 50.774323,LONG,Ret_72,239,153,1.3768,1.822
mom_144_sft <= -0.33|cmo_8_sft >= 0.9255,LONG,Ret_96,249,147,1.2579,1.0861
mfi_55_sft >= 50.516251|cmo_5_sft <= Close_sft|mfi_120_sft <= 55.01005,LONG,Ret_96,304,195,1.2735,1.3872
mfi_200_sft >= 54.207512|mfi_24_sft <= Close_sft|force_34_sft >= -882131.46875,LONG,Ret_72,214,162,1.3254,1.1674
rsi_8_sft >= 61.997915|roc_144_sft <= 2.706932,LONG,Ret_96,347,214,1.2835,1.2993
cmo_21_sft >= 9.09,LONG,Ret_96,345,223,1.3033,1.3807
mom_21_sft <= Close_sft|mfi_24_sft >= 68.029807|roc_13_sft <= 0.719682,LONG,Ret_72,257,183,1.3243,1.334
force_34_sft >= Close_sft|roc_144_sft <= 2.54,LONG,Ret_96,357,207,1.2698,1.5142
mfi_5_sft >= 6.94|mfi_48_sft >= 63.139385,LONG,Ret_48,229,173,1.4068,1.2537
mom_34_sft >= -15.832|mfi_24_sft >= 68.029807,LONG,Ret_96,244,171,1.269,1.3371
force_24_sft >= -965932.75|rsi_5_sft >= 77.301424,LONG,Ret_96,334,216,1.2622,1.4051
mfi_89_sft <= 50.597168|roc_120_sft >= -1.008683,LONG,Ret_96,290,173,1.2531,1.5791
force_120_sft >= 4.4|roc_120_sft <= 2.482338,LONG,Ret_96,309,184,1.2722,1.63
roc_48_sft >= -1.387169|cmo_200_sft >= -4.0919|mfi_21_sft >= 60.614326,LONG,Ret_72,375,263,1.2511,1.3784
mfi_120_sft <= 50.774323|cmo_24_sft >= -8.77,LONG,Ret_96,271,172,1.2724,1.7201
roc_34_sft >= 1.253321|mom_200_sft <= Close_sft,LONG,Ret_48,241,221,1.2631,1.2579
roc_24_sft >= 1.034501|force_89_sft >= Close_sft,LONG,Ret_96,202,161,1.2779,1.3619
mfi_200_sft >= 54.207512|force_55_sft >= Close_sft,LONG,Ret_72,205,153,1.3306,1.2607
mom_34_sft >= 17.719999|mom_21_sft >= -12.3684,LONG,Ret_48,229,314,1.3062,1.3025
cmo_34_sft >= 1.98|mfi_24_sft >= 68.029807,LONG,Ret_72,268,189,1.3485,1.3892
roc_24_sft >= 1.034501|mom_89_sft <= Close_sft|force_89_sft >= 4.5,LONG,Ret_96,202,161,1.2826,1.3619
rsi_120_sft >= 47.303051|force_13_sft <= -3159099.6,LONG,Ret_96,202,166,1.2739,1.4501
force_120_sft >= 2.42|mfi_24_sft >= 68.029807,LONG,Ret_72,243,171,1.3387,1.4052
mom_89_sft >= 1.77|roc_8_sft >= -3.24|mfi_48_sft >= 50.552082,LONG,Ret_96,288,200,1.2985,1.6391
mom_34_sft >= 17.719999|cmo_8_sft >= -40.457375|mfi_24_sft >= 2.58,LONG,Ret_48,230,318,1.3163,1.1899
force_48_sft >= Close_sft|mom_5_sft <= 0.071|mom_55_sft <= 3.06,LONG,Ret_96,219,130,1.2986,1.4993
force_200_sft >= -2.84|mom_200_sft >= -17.6405|mom_55_sft <= 11.248,LONG,Ret_96,261,128,1.256,1.5719
cmo_34_sft >= 0.714002|mom_34_sft >= 17.719999,LONG,Ret_48,225,306,1.2848,1.2473
force_89_sft >= -8.85|mom_55_sft <= 0.65,LONG,Ret_96,231,130,1.4093,0.9792
mfi_21_sft >= 60.614326|cmo_21_sft >= 0.823984|mom_5_sft <= 5.89,LONG,Ret_72,384,254,1.3636,1.218
roc_5_sft <= 0.409222|cmo_34_sft >= 12.639574,LONG,Ret_72,303,209,1.3206,1.5828
rsi_13_sft >= 59.544155|rsi_5_sft >= 77.301424,LONG,Ret_96,322,208,1.2755,1.5162
mom_89_sft <= 29.907|force_89_sft >= 7990.140625,LONG,Ret_96,322,180,1.2912,1.5921
cmo_55_sft >= -6.66|mom_144_sft <= -5.16,LONG,Ret_96,210,132,1.2985,1.0619
roc_34_sft >= -0.541601|mfi_48_sft >= 63.139385,LONG,Ret_48,228,173,1.4031,1.2537
force_13_sft >= Close_sft|mom_21_sft <= Close_sft|mom_5_sft <= -2.4205,LONG,Ret_72,303,257,1.2569,1.2783
mom_55_sft <= 23.58|mfi_55_sft >= 56.83432|rsi_144_sft >= -0.85,LONG,Ret_72,295,160,1.317,1.4381
rsi_8_sft >= 39.356457|mfi_24_sft >= 68.029807,LONG,Ret_96,244,172,1.2927,1.3145
rsi_21_sft <= 43.427792|force_48_sft >= -798731.84375,LONG,Ret_96,219,99,1.2555,1.3863
rsi_21_sft <= Close_sft|roc_13_sft >= 0.339135|mfi_55_sft >= 56.83432,LONG,Ret_72,267,195,1.2977,1.4392
mfi_24_sft >= 68.029807|cmo_48_sft <= Close_sft|force_5_sft <= 1261102.5,LONG,Ret_72,236,171,1.2754,1.0509
cmo_144_sft >= -4.860069|roc_34_sft >= 1.253321,LONG,Ret_48,234,218,1.2946,1.2389
mfi_120_sft <= 50.774323|force_89_sft >= 9.29,LONG,Ret_72,239,149,1.2753,1.8256
roc_13_sft >= -0.675512|rsi_5_sft <= Close_sft|mfi_24_sft >= 68.029807,LONG,Ret_96,244,172,1.2927,1.3373
cmo_5_sft >= 54.602844|roc_144_sft >= 0.189912,LONG,Ret_72,287,199,1.2872,1.4428
mom_34_sft >= 17.719999|cmo_48_sft <= Close_sft,LONG,Ret_48,230,318,1.3163,1.1932
mfi_120_sft <= 50.774323|mom_89_sft <= 29.907,LONG,Ret_96,316,180,1.2604,1.5339
mfi_24_sft >= 68.029807|rsi_89_sft >= 43.480112,LONG,Ret_96,243,172,1.2787,1.3708
mfi_200_sft >= 9.73|mfi_48_sft >= 63.139385,LONG,Ret_48,229,173,1.4068,1.2537
force_13_sft <= -3159099.6|force_55_sft >= -2026038.8,LONG,Ret_96,234,165,1.2719,1.3041
rsi_120_sft >= 44.363361|mfi_13_sft <= Close_sft|cmo_5_sft >= 54.602844,LONG,Ret_96,328,216,1.2594,1.5266
rsi_144_sft <= 50.435356|force_34_sft >= -7.59,LONG,Ret_96,212,117,1.2549,1.2358
mfi_24_sft >= 59.951464|mom_144_sft <= 19.870001,LONG,Ret_96,272,135,1.2597,0.9099
force_8_sft >= 2.91|mfi_48_sft >= 57.227482|roc_55_sft >= 0.822681,LONG,Ret_48,296,232,1.2879,1.1027
cmo_34_sft >= 12.639574|roc_5_sft <= 0.409222|mfi_89_sft <= 55.650263,LONG,Ret_72,224,147,1.3355,2.1004
rsi_120_sft >= 47.303051|force_5_sft <= 3922685.65|roc_24_sft >= 1.034501,LONG,Ret_72,227,168,1.2712,1.4453
mom_89_sft >= -25.543999|force_89_sft >= 7990.140625|mfi_24_sft >= 68.029807,LONG,Ret_72,251,176,1.3394,1.4445
force_89_sft >= 7990.140625|mfi_48_sft >= 63.139385,LONG,Ret_48,219,165,1.4551,1.3027
rsi_24_sft >= 57.337118|mfi_48_sft >= 57.227482,LONG,Ret_48,328,247,1.3145,1.051
rsi_48_sft <= 55.387239|mfi_48_sft >= 57.227482|mom_55_sft >= -9.552,LONG,Ret_96,213,142,1.4933,1.4474
force_200_sft <= 461822.953125|rsi_34_sft >= 56.319788,LONG,Ret_48,259,151,1.2764,1.4601
mfi_48_sft >= 63.139385|mfi_55_sft >= 56.83432,LONG,Ret_48,224,167,1.3662,1.1815
force_13_sft <= -3159099.6|rsi_89_sft >= 43.480112,LONG,Ret_96,238,188,1.2774,1.4805
mom_200_sft >= -39.087601|force_55_sft <= Close_sft|force_144_sft >= Close_sft,LONG,Ret_48,264,144,1.2676,1.2468
rsi_5_sft >= 77.301424|roc_48_sft <= 0.772961,LONG,Ret_96,292,175,1.307,1.5046
mfi_144_sft >= 9.58|roc_48_sft <= 0.040634|cmo_13_sft >= 19.088308,LONG,Ret_96,219,135,1.342,1.6582
rsi_34_sft <= 50.357002|force_34_sft >= 5934.621094,LONG,Ret_96,233,125,1.2513,0.9603
cmo_200_sft >= -6.94|rsi_5_sft >= 77.301424,LONG,Ret_96,314,211,1.3254,1.5542
rsi_34_sft <= 56.319788|mfi_24_sft >= 59.951464,LONG,Ret_96,275,177,1.3704,1.1381
mfi_8_sft >= 50.787197|force_89_sft >= 0.45|mfi_89_sft >= 50.597168,LONG,Ret_96,275,183,1.2923,1.3883
force_144_sft <= 532244.5|mfi_48_sft >= 50.552082,LONG,Ret_96,314,203,1.2541,1.1776
mom_8_sft >= 3.486|force_34_sft >= -8.54,LONG,Ret_96,348,232,1.3311,1.4886
mfi_5_sft <= 71.135685|mfi_34_sft >= 65.187675,LONG,Ret_72,210,164,1.3068,1.2105
mfi_144_sft <= 50.847649|force_24_sft >= Close_sft,LONG,Ret_96,245,150,1.2505,1.3327
roc_34_sft >= 1.253321|roc_34_sft >= 0.626954,LONG,Ret_48,241,221,1.2631,1.2579
mfi_24_sft >= 68.029807|force_21_sft >= -1002022.3125,LONG,Ret_96,244,172,1.2927,1.3534
cmo_5_sft <= -51.670161|mom_5_sft >= -3.75|mom_200_sft <= 43.857599,LONG,Ret_48,327,70,1.3357,1.2781
force_89_sft >= -6.42|mom_21_sft >= 3.16,LONG,Ret_96,309,207,1.2752,1.5324
mfi_5_sft >= 50.859138|force_144_sft >= -3.84|mom_89_sft <= 2.72,LONG,Ret_72,218,117,1.2675,0.9813
mfi_24_sft >= 68.029807|cmo_48_sft >= 0.78158,LONG,Ret_72,261,188,1.3074,1.3895
mfi_34_sft >= 58.335773|force_13_sft <= Close_sft,LONG,Ret_96,232,167,1.4031,1.3202
mfi_48_sft >= 50.552082|mom_120_sft <= -4.92|rsi_200_sft >= -1.3,LONG,Ret_72,224,142,1.3086,1.0223
cmo_144_sft <= Close_sft|mfi_48_sft >= 63.139385,LONG,Ret_48,229,173,1.4068,1.2537
rsi_144_sft >= 8.02|force_120_sft >= 18121.945312|mom_55_sft <= 11.248,LONG,Ret_96,289,154,1.2576,1.2877
force_48_sft >= -0.13|rsi_34_sft <= 50.357002,LONG,Ret_96,216,120,1.2756,1.2219
cmo_13_sft >= 35.82144|roc_48_sft <= 0.772961|cmo_200_sft >= -8.760222,LONG,Ret_72,206,136,1.2608,2.0118
mom_48_sft >= 0.569|mfi_24_sft >= 68.029807,LONG,Ret_72,255,187,1.3085,1.2772
force_48_sft >= -7.43|roc_5_sft <= 0.189689,LONG,Ret_96,346,219,1.2649,1.5507
mfi_13_sft >= 73.754567|rsi_5_sft >= 77.301424,LONG,Ret_96,245,178,1.4358,1.4872
mfi_8_sft >= 50.787197|mfi_21_sft >= 69.26593|mom_34_sft <= 17.719999,LONG,Ret_72,268,142,1.3387,1.471
mfi_24_sft >= -1.2|mom_24_sft <= 8.94|cmo_5_sft >= 54.602844,LONG,Ret_96,293,149,1.3429,1.7161
force_48_sft >= Close_sft|force_48_sft <= 774649.90625|force_144_sft <= 15666.625977,LONG,Ret_48,245,158,1.3118,1.1505
cmo_144_sft >= -10.321363|roc_34_sft >= 1.253321,LONG,Ret_48,241,221,1.2722,1.2367
rsi_5_sft >= 77.301424|mom_144_sft <= 19.870001,LONG,Ret_96,261,136,1.3286,1.1542
roc_48_sft <= 0.772961|mfi_24_sft >= 59.951464|force_89_sft <= 628137.0625,LONG,Ret_96,252,148,1.3607,1.1618
force_24_sft >= -965932.75|mfi_200_sft >= 54.207512,LONG,Ret_72,215,162,1.2733,1.1712
cmo_13_sft >= 0.899098|mfi_48_sft >= 63.139385,LONG,Ret_48,226,172,1.3862,1.291
mfi_5_sft >= 1.12|roc_34_sft >= 1.253321,LONG,Ret_48,240,221,1.2675,1.2584
mom_34_sft >= 17.719999|rsi_144_sft >= 44.839319,LONG,Ret_48,229,318,1.3062,1.1627
mom_21_sft >= -12.3684|mfi_200_sft >= 7.91|rsi_5_sft >= 77.301424,LONG,Ret_96,334,217,1.2691,1.4629
rsi_34_sft <= 56.319788|mom_24_sft >= 6.988,LONG,Ret_96,259,208,1.3375,1.2582
cmo_144_sft >= -6.09|rsi_5_sft >= 77.301424,LONG,Ret_96,306,210,1.3076,1.5292
mom_144_sft >= -0.77|rsi_200_sft >= 47.95405|mfi_34_sft >= 65.187675,LONG,Ret_72,201,152,1.3165,1.3495
mom_55_sft >= 11.248|roc_144_sft <= 1.420344|mfi_120_sft <= 58.642133,LONG,Ret_72,217,172,1.2883,1.3753
mom_8_sft >= -0.64|mfi_24_sft >= 68.029807|mfi_8_sft <= 79.499773,LONG,Ret_72,255,183,1.3368,1.2385
mfi_120_sft <= 50.774323|mfi_8_sft >= 2.02|force_48_sft >= Close_sft,LONG,Ret_96,229,147,1.2757,1.8193
mfi_144_sft >= 46.419693|cmo_5_sft >= 54.602844,LONG,Ret_96,301,196,1.2619,1.7485
force_34_sft >= -2.24|mom_34_sft >= 6.36|cmo_34_sft <= 12.639574,LONG,Ret_96,253,181,1.36,1.4675
rsi_5_sft >= 77.301424|cmo_200_sft >= -6.87|rsi_5_sft >= 77.301424,LONG,Ret_96,313,211,1.3321,1.5542
force_120_sft <= 1342171.725|mfi_34_sft >= 65.187675,LONG,Ret_72,204,136,1.2577,1.6488
force_48_sft >= -0.58|mfi_144_sft <= 50.847649|force_34_sft >= Close_sft,LONG,Ret_96,216,137,1.3188,1.4163
force_34_sft >= Close_sft|mfi_120_sft <= 55.01005|cmo_55_sft >= 0.841261,LONG,Ret_96,284,171,1.2563,1.7271
cmo_24_sft >= -24.587959|mom_120_sft <= 17.629001|force_48_sft >= 4972.991211,LONG,Ret_96,308,154,1.2828,1.598
mom_120_sft >= -29.4736|cmo_48_sft >= 8.16|mfi_48_sft >= 57.227482,LONG,Ret_48,324,239,1.2766,1.137
rsi_13_sft >= 41.623053|cmo_200_sft <= 0.69991|force_34_sft >= -3.36,LONG,Ret_96,202,113,1.3653,1.2322
roc_34_sft >= 1.253321|roc_34_sft <= 9.99,LONG,Ret_48,241,221,1.2631,1.2579
mfi_8_sft >= 9.82|roc_34_sft >= 1.253321,LONG,Ret_48,241,221,1.252,1.2579
cmo_21_sft >= 1.03|mom_200_sft <= 2.29,LONG,Ret_96,223,131,1.2641,0.9251
rsi_5_sft >= 77.301424|mfi_55_sft <= 50.516251,LONG,Ret_96,211,141,1.3475,1.5703
mfi_24_sft >= 68.029807|mom_8_sft <= 3.486,LONG,Ret_72,223,151,1.2612,1.4024
mfi_48_sft >= 63.139385|force_5_sft >= 9.83,LONG,Ret_48,220,172,1.3992,1.2457
mfi_120_sft <= 50.774323|force_89_sft >= -647329.84375,LONG,Ret_96,275,156,1.2676,1.6707
rsi_5_sft >= 36.209591|roc_89_sft >= 0.092346|force_24_sft >= 0.83,LONG,Ret_96,302,202,1.2993,1.5937
force_21_sft <= 2718608.9|roc_89_sft >= 1.086906,LONG,Ret_96,213,156,1.251,1.4632
roc_8_sft <= -0.230232|force_8_sft >= Close_sft,LONG,Ret_72,229,175,1.4272,1.0559
mom_8_sft <= 0.109|force_8_sft >= 13648.508789,LONG,Ret_96,367,229,1.2546,1.4613
mom_13_sft >= 4.707|mfi_8_sft >= 66.559189|mfi_21_sft >= 69.26593,LONG,Ret_72,264,194,1.2748,1.3977
cmo_55_sft >= 0.841261|mfi_48_sft >= 63.139385,LONG,Ret_48,222,167,1.4323,1.2831
rsi_24_sft >= 50.393036|mfi_24_sft >= 68.029807|mfi_89_sft >= -0.13,LONG,Ret_96,241,168,1.2522,1.4081
force_8_sft <= 3517347.45|mfi_48_sft >= 63.139385,LONG,Ret_48,217,156,1.2776,1.0812
mom_144_sft <= 1.06|rsi_21_sft <= 43.427792|mom_89_sft >= -11.923,LONG,Ret_48,250,103,1.2644,1.1239
mfi_144_sft <= 54.681004|mom_55_sft >= 0.65|roc_5_sft >= 0.409222,LONG,Ret_72,232,166,1.3047,1.6765
mfi_24_sft <= Close_sft|mfi_48_sft >= 63.139385,LONG,Ret_48,229,173,1.4068,1.2537
rsi_24_sft <= 63.8563|cmo_200_sft >= -8.83|force_24_sft >= -8.76,LONG,Ret_96,372,239,1.2672,1.4653
force_13_sft <= 3116180.5|roc_144_sft <= 2.706932|force_34_sft >= Close_sft,LONG,Ret_96,353,198,1.3101,1.4544
roc_144_sft >= 0.189912|mom_5_sft <= Close_sft|force_55_sft >= 8.38,LONG,Ret_72,353,224,1.2511,1.6627
mfi_24_sft >= 68.029807|roc_120_sft <= 5.03,LONG,Ret_96,241,169,1.2634,1.4918
mom_120_sft <= -0.13|mfi_8_sft <= 22.081969,LONG,Ret_96,239,140,1.2537,1.0858
roc_13_sft >= -0.307263|force_200_sft >= Close_sft|mom_89_sft <= 8.86,LONG,Ret_96,226,113,1.313,1.2494
force_34_sft >= 5934.621094|mfi_55_sft >= 5.89|force_21_sft <= 980778.65625,LONG,Ret_96,353,210,1.2897,1.5159
force_21_sft >= Close_sft|roc_200_sft <= 0.267701,LONG,Ret_96,244,141,1.3159,1.0639
roc_120_sft <= 2.482338|force_89_sft >= 628137.0625,LONG,Ret_72,261,182,1.2512,1.3334
force_24_sft >= -2626432.5|cmo_144_sft >= -5.34|mfi_21_sft >= 60.614326,LONG,Ret_72,387,269,1.3161,1.2334
mfi_55_sft >= 56.83432|force_120_sft >= 570012.21875,LONG,Ret_72,205,163,1.3256,1.3498
mfi_48_sft >= 63.139385|mom_13_sft >= -4.19,LONG,Ret_48,228,173,1.4106,1.2561
mfi_13_sft >= 73.754567|rsi_120_sft >= 47.303051|force_8_sft <= 1168048.875,LONG,Ret_72,238,153,1.5473,1.0504
rsi_8_sft >= 50.462749|mom_144_sft <= 0.32,LONG,Ret_96,254,149,1.2977,1.1067
mfi_48_sft >= 50.552082|rsi_200_sft <= 50.349957,LONG,Ret_96,204,112,1.3161,1.1161
mfi_24_sft >= 68.029807|force_120_sft >= Close_sft,LONG,Ret_72,243,171,1.3392,1.4048
mfi_120_sft <= 50.774323|mfi_8_sft >= 50.787197|roc_5_sft <= Close_sft,LONG,Ret_96,281,174,1.2967,1.4555
mom_34_sft >= 17.719999|mfi_48_sft >= -8.59,LONG,Ret_48,230,318,1.3163,1.1932
mom_144_sft <= Close_sft|mom_34_sft >= 17.719999,LONG,Ret_48,230,318,1.3163,1.1932
mom_89_sft >= 1.27|force_34_sft >= -882131.46875,LONG,Ret_96,323,209,1.2544,1.7003
mfi_120_sft <= 55.01005|force_120_sft >= 18121.945312|mom_120_sft <= Close_sft,LONG,Ret_96,279,171,1.2613,1.2999
mfi_48_sft >= 57.227482|mfi_8_sft <= 66.559189|mom_48_sft <= 22.0144,LONG,Ret_72,271,147,1.3352,1.5397
mfi_120_sft <= 55.01005|mfi_34_sft >= 58.335773|cmo_8_sft >= -21.287083,LONG,Ret_72,294,186,1.4138,1.3886
roc_200_sft <= 0.267701|cmo_34_sft >= 0.714002,LONG,Ret_96,208,129,1.2976,1.1307
force_89_sft >= 1.21|mom_55_sft <= 0.65,LONG,Ret_96,231,130,1.4093,0.9792
mfi_5_sft <= 71.135685|mfi_13_sft >= 73.754567|rsi_120_sft >= 44.363361,LONG,Ret_72,278,199,1.5188,1.245
mom_21_sft >= 3.97|roc_120_sft >= -7.66|mfi_24_sft >= 68.029807,LONG,Ret_96,235,169,1.29,1.3959
rsi_13_sft >= 41.623053|mom_34_sft >= 17.719999|roc_13_sft >= -0.307263,LONG,Ret_48,229,314,1.3062,1.2013
mfi_48_sft >= 63.139385|force_21_sft >= 8.95,LONG,Ret_48,223,172,1.3706,1.2851
mom_21_sft <= 13.6574|rsi_120_sft <= 50.471382|force_34_sft >= 9.36,LONG,Ret_96,214,112,1.2799,1.3006
mom_8_sft >= -7.223|mfi_48_sft >= 63.139385,LONG,Ret_48,228,173,1.4166,1.2375
force_48_sft >= Close_sft|roc_5_sft <= -0.2,LONG,Ret_96,265,182,1.3892,1.3405
force_55_sft >= Close_sft|mom_5_sft <= -2.29,LONG,Ret_96,273,198,1.2726,1.6961
mom_5_sft >= 9.73,LONG,Ret_72,256,276,1.2815,1.3853
roc_34_sft >= 0.48|roc_144_sft <= Close_sft,LONG,Ret_96,327,219,1.28,1.5244
mfi_55_sft >= 50.516251|force_55_sft <= 7923.229004,LONG,Ret_96,268,176,1.2726,1.3391
roc_34_sft >= 1.253321|mfi_13_sft <= Close_sft,LONG,Ret_48,241,221,1.2631,1.2579
mom_120_sft <= 34.8406|force_48_sft >= Close_sft,LONG,Ret_96,345,183,1.2629,1.4715
cmo_5_sft >= 54.602844|roc_21_sft >= -0.412468,LONG,Ret_96,334,217,1.259,1.4674
roc_120_sft <= 0.91|rsi_48_sft >= 50.390789,LONG,Ret_96,271,160,1.3269,1.4978
force_34_sft >= 2.33|mom_55_sft <= 0.65,LONG,Ret_96,284,167,1.338,1.4038
rsi_5_sft >= 77.301424|cmo_48_sft >= -17.491088,LONG,Ret_96,333,216,1.2949,1.5143
mom_34_sft >= 17.719999|rsi_21_sft >= 57.763334,LONG,Ret_48,216,280,1.3299,1.3195
force_48_sft >= 4.87|cmo_5_sft <= 2.56|force_13_sft >= 5.07,LONG,Ret_96,285,181,1.2584,1.4254
roc_21_sft >= 0.954321|mom_89_sft <= 29.907|force_200_sft >= -1288142.325,LONG,Ret_72,230,131,1.251,1.1872
roc_8_sft >= -8.6|rsi_24_sft <= 57.337118|cmo_5_sft >= 54.602844,LONG,Ret_96,240,141,1.2825,1.5535
cmo_21_sft <= 29.435844|force_21_sft <= 980778.65625|mom_34_sft >= 8.6175,LONG,Ret_96,260,205,1.257,1.2905
rsi_21_sft <= Close_sft|roc_34_sft >= 1.253321|mfi_13_sft >= 3.45,LONG,Ret_48,241,221,1.2631,1.2579
rsi_5_sft >= 36.209591|roc_89_sft <= 0.092346|force_120_sft >= 18121.945312,LONG,Ret_48,253,143,1.3088,1.0468
mfi_24_sft >= 68.029807|cmo_55_sft >= 10.116759,LONG,Ret_48,248,171,1.3218,1.28
mom_8_sft >= 3.486|force_34_sft >= Close_sft,LONG,Ret_96,348,232,1.3286,1.4886
cmo_8_sft >= 3.2|mom_5_sft <= -2.4205|rsi_21_sft <= Close_sft,LONG,Ret_96,213,193,1.2566,1.5001
roc_34_sft >= 1.253321|mom_13_sft <= Close_sft,LONG,Ret_48,241,221,1.2631,1.2579
force_5_sft >= 3922685.65|mom_200_sft <= 24.299999,LONG,Ret_96,262,147,1.3788,1.0729
mfi_144_sft >= 43.121041|rsi_5_sft >= 77.301424,LONG,Ret_96,322,211,1.3264,1.5427
mfi_34_sft >= -3.58|mfi_24_sft >= 68.029807,LONG,Ret_96,244,173,1.2927,1.3375
cmo_8_sft >= 23.995831|rsi_89_sft <= Close_sft|force_48_sft >= -798731.84375,LONG,Ret_96,358,234,1.3026,1.4035
force_34_sft >= 2.12|roc_89_sft >= 0.092346,LONG,Ret_96,301,201,1.2814,1.658
mfi_48_sft >= 63.139385|mom_48_sft >= -8.8005,LONG,Ret_48,229,173,1.4032,1.2477
force_34_sft >= Close_sft|roc_120_sft <= 2.2,LONG,Ret_96,352,209,1.2631,1.5476
force_8_sft >= -0.19|mom_8_sft <= 7.757|mfi_34_sft >= 65.187675,LONG,Ret_72,216,150,1.32,1.3853
mfi_48_sft >= 63.139385|mfi_200_sft >= 44.118454,LONG,Ret_48,227,172,1.3701,1.2335
rsi_144_sft <= 53.266479|roc_24_sft >= 0.502807,LONG,Ret_96,252,158,1.2806,1.1356
rsi_55_sft >= 1.91|mom_34_sft >= 17.719999,LONG,Ret_48,230,318,1.3163,1.1932
mfi_24_sft >= 59.951464|force_5_sft <= Close_sft,LONG,Ret_72,346,227,1.2855,1.2592
roc_89_sft >= 0.092346|force_13_sft >= -5.25,LONG,Ret_96,314,208,1.2525,1.5102
cmo_21_sft >= 8.66,LONG,Ret_96,348,224,1.2644,1.3966
force_5_sft <= -3968618.75|mfi_5_sft >= 30.978184,LONG,Ret_96,268,202,1.2611,1.4855
mom_13_sft <= 0.217|roc_5_sft <= -0.174879|force_21_sft >= Close_sft,LONG,Ret_72,217,159,1.251,0.8961
mfi_48_sft >= 63.139385|rsi_5_sft >= -9.71,LONG,Ret_48,229,173,1.4068,1.2537
mom_48_sft <= Close_sft|roc_5_sft >= 0.005459|mfi_120_sft <= 50.774323,LONG,Ret_96,290,187,1.3407,1.6225
force_120_sft <= 570012.21875|mom_21_sft >= 6.417|force_200_sft >= 0.51,LONG,Ret_72,201,131,1.3176,1.1549
cmo_24_sft <= Close_sft|mfi_24_sft >= 68.029807,LONG,Ret_96,244,173,1.2927,1.3375
mfi_21_sft >= 60.614326|mfi_24_sft >= 68.029807,LONG,Ret_96,244,173,1.2816,1.3375
mfi_48_sft >= 63.139385|cmo_5_sft >= -51.670161,LONG,Ret_48,228,173,1.4049,1.2537
rsi_200_sft >= 45.619888|mfi_24_sft >= 68.029807,LONG,Ret_96,240,171,1.2945,1.3593
rsi_13_sft <= 67.910724|mfi_21_sft >= 69.26593,LONG,Ret_96,237,157,1.2594,1.5769
mfi_24_sft >= 59.951464|rsi_13_sft >= 3.29|mom_55_sft <= 2.32,LONG,Ret_96,235,143,1.431,1.2536
mom_8_sft <= 0.109|cmo_34_sft >= 12.639574,LONG,Ret_72,207,151,1.2962,1.373
roc_24_sft <= Close_sft|force_8_sft >= 3517347.45|mfi_34_sft <= 65.187675,LONG,Ret_96,287,208,1.2635,1.493
force_144_sft >= Close_sft|roc_89_sft <= 0.092346,LONG,Ret_48,268,154,1.3111,0.878
rsi_55_sft <= Close_sft|mfi_48_sft >= 63.139385,LONG,Ret_48,229,173,1.4068,1.2537
mfi_48_sft >= 57.227482|rsi_21_sft >= 57.763334|mfi_8_sft >= 22.081969,LONG,Ret_48,330,253,1.3585,1.0071
mom_89_sft <= 29.907|rsi_5_sft >= 77.301424,LONG,Ret_96,312,166,1.2595,1.4371
mfi_48_sft >= 63.139385|mfi_120_sft >= -9.7,LONG,Ret_48,229,173,1.4068,1.2537
force_34_sft >= -2342065.75|mfi_21_sft <= 40.662081|roc_5_sft <= -0.395822,LONG,Ret_96,213,121,1.2585,1.3418
rsi_89_sft >= 4.76|roc_8_sft <= -0.230232|force_8_sft >= 13648.508789,LONG,Ret_72,225,174,1.4516,1.0606
mfi_55_sft >= 56.83432|force_34_sft >= Close_sft|cmo_13_sft <= 19.088308,LONG,Ret_72,254,175,1.336,1.3068
mom_144_sft >= 2.657|mfi_34_sft >= 58.335773,LONG,Ret_72,288,202,1.2676,1.3453
rsi_200_sft >= 50.349957|mfi_200_sft >= 54.207512,LONG,Ret_72,200,159,1.307,1.1748
roc_89_sft >= 0.092346|force_24_sft >= 8057.183594|mom_144_sft <= 36.734401,LONG,Ret_96,279,143,1.3445,1.8723
roc_48_sft <= 1.544718|force_24_sft >= 8057.183594|cmo_24_sft >= -9.29,LONG,Ret_96,374,238,1.2548,1.4299
mom_144_sft <= 36.734401|mfi_24_sft >= 68.029807|cmo_48_sft >= 10.774477,LONG,Ret_48,216,82,1.334,1.246
mom_144_sft <= 19.870001|mom_89_sft >= -25.543999|force_5_sft >= 1261102.5,LONG,Ret_96,313,153,1.2577,1.6056
roc_24_sft >= -0.949891|cmo_5_sft >= 54.602844,LONG,Ret_96,335,217,1.2522,1.4972
force_144_sft >= Close_sft|mom_144_sft >= 9.04,LONG,Ret_96,242,166,1.2584,1.7439
rsi_5_sft >= 7.6|mfi_24_sft >= 68.029807,LONG,Ret_96,244,173,1.2927,1.3375
mfi_48_sft >= 57.227482|roc_48_sft >= 0.772961,LONG,Ret_48,320,243,1.2663,1.2154
force_24_sft >= -2626432.5|mfi_24_sft >= 68.029807,LONG,Ret_96,244,172,1.2927,1.3418
rsi_34_sft <= Close_sft|force_55_sft <= -8.79|mom_200_sft >= 3.38,LONG,Ret_96,218,148,1.2729,1.3465
mfi_48_sft >= 63.139385|cmo_34_sft >= -20.779138|roc_120_sft >= -1.008683,LONG,Ret_48,222,163,1.3436,1.509
cmo_200_sft >= -4.0919|mfi_21_sft >= 60.614326,LONG,Ret_72,378,267,1.2746,1.2075
mfi_48_sft >= 57.227482|cmo_144_sft >= -4.860069,LONG,Ret_72,315,227,1.2585,1.2966
rsi_5_sft >= 77.301424|roc_21_sft >= -0.412468,LONG,Ret_96,334,217,1.259,1.4674
rsi_21_sft >= 57.763334|mfi_48_sft >= 57.227482|cmo_144_sft <= Close_sft,LONG,Ret_48,330,253,1.3585,1.0071
cmo_8_sft >= -40.457375|mfi_24_sft >= 68.029807,LONG,Ret_96,244,173,1.2927,1.3416
mom_5_sft <= 2.28|rsi_21_sft >= 50.411991|mom_55_sft <= 23.58,LONG,Ret_96,352,204,1.2837,1.3933
mfi_8_sft >= 50.787197|force_8_sft >= 3517347.45,LONG,Ret_96,286,211,1.3145,1.4297
mfi_24_sft >= 9.79|mfi_48_sft >= 63.139385,LONG,Ret_48,229,173,1.4068,1.2537
cmo_89_sft <= 8.042563|rsi_5_sft >= 77.301424,LONG,Ret_96,255,149,1.3193,1.3209
mfi_21_sft <= Close_sft|roc_34_sft >= 1.253321,LONG,Ret_48,241,221,1.2631,1.2579
mom_8_sft <= Close_sft|cmo_21_sft >= 8.68|cmo_200_sft <= Close_sft,LONG,Ret_96,348,224,1.2596,1.3818
mfi_55_sft >= 56.83432|rsi_34_sft >= 39.610432|cmo_5_sft <= -6.08,LONG,Ret_96,213,157,1.3092,1.9544
mom_21_sft >= 6.417|roc_13_sft <= 0.339135|force_34_sft >= 4.47,LONG,Ret_72,339,250,1.2523,1.3719
rsi_144_sft <= 53.266479|cmo_89_sft >= 0.960655|mfi_200_sft <= Close_sft,LONG,Ret_96,275,172,1.2581,1.3907
roc_24_sft >= 0.029852|mfi_24_sft >= 68.029807|mfi_24_sft >= 50.55991,LONG,Ret_96,244,170,1.2802,1.365
mfi_120_sft >= 50.774323|mfi_21_sft >= 69.26593,LONG,Ret_96,202,136,1.272,2.1227
mom_89_sft <= 0.16|roc_120_sft >= -1.008683,LONG,Ret_96,279,169,1.2662,1.1137
mom_89_sft <= 1.27|roc_120_sft >= -0.71,LONG,Ret_96,274,165,1.3213,1.0802
mom_200_sft >= -39.087601|mfi_34_sft >= -7.37|mfi_24_sft >= 68.029807,LONG,Ret_96,236,162,1.2688,1.492
cmo_48_sft >= 10.774477|force_200_sft <= 461822.953125|force_8_sft >= Close_sft,LONG,Ret_48,216,119,1.2526,1.6561
mfi_55_sft >= 56.83432|mfi_5_sft <= 50.859138,LONG,Ret_96,221,165,1.4226,1.7757
mom_5_sft >= 8.77,LONG,Ret_72,298,284,1.2541,1.451
mom_89_sft <= 29.907|force_24_sft >= Close_sft,LONG,Ret_96,373,210,1.2604,1.3427
roc_34_sft >= 1.253321|rsi_24_sft >= 37.70602,LONG,Ret_48,241,221,1.2631,1.2579
mfi_24_sft >= 68.029807|mom_5_sft >= -5.55|cmo_21_sft >= -13.144417,LONG,Ret_96,244,169,1.2692,1.3911
force_89_sft >= Close_sft|mom_55_sft <= 0.65,LONG,Ret_96,231,130,1.4093,0.982
force_55_sft >= 0.13|force_5_sft <= Close_sft,LONG,Ret_96,307,200,1.2657,1.5786
cmo_48_sft >= -8.815736|force_55_sft >= Close_sft|cmo_200_sft <= 0.69991,LONG,Ret_72,212,117,1.2535,1.2379
cmo_34_sft <= Close_sft|mfi_24_sft >= 68.029807|rsi_13_sft >= 67.910724,LONG,Ret_48,249,182,1.2749,1.2998
cmo_48_sft >= 0.78158|mfi_24_sft >= 68.029807,LONG,Ret_72,261,188,1.3074,1.3895
force_34_sft >= Close_sft|force_8_sft <= 1168048.875,LONG,Ret_96,352,218,1.2558,1.4239
cmo_5_sft >= 54.602844|mfi_34_sft >= 58.335773,LONG,Ret_96,235,165,1.367,1.8255
force_34_sft <= -3.95|force_21_sft >= 9212.429688|mfi_200_sft <= 56.934808,LONG,Ret_96,223,139,1.2535,1.1892
force_8_sft >= 3517347.45|mom_144_sft <= 5.03,LONG,Ret_48,243,166,1.2806,1.2456
mfi_89_sft <= 50.597168|mfi_5_sft >= 71.135685|mfi_120_sft <= 50.774323,LONG,Ret_96,228,141,1.2644,1.3242
mfi_24_sft >= 68.029807|roc_13_sft >= 0.339135,LONG,Ret_96,221,162,1.2903,1.5101
mom_144_sft <= 19.870001|mom_24_sft >= 1.89,LONG,Ret_96,325,171,1.3263,1.2653
rsi_34_sft >= 50.357002|mom_55_sft <= 4.55|force_89_sft >= Close_sft,LONG,Ret_96,249,144,1.5388,1.2319
rsi_89_sft >= 50.480328|mfi_120_sft <= 50.774323,LONG,Ret_72,214,147,1.2918,1.7951
mom_200_sft <= 24.299999|cmo_21_sft >= 15.52667,LONG,Ret_96,246,123,1.2511,1.2892
cmo_144_sft <= 9.29|mfi_21_sft >= 69.26593,LONG,Ret_96,214,132,1.2771,1.4091
mom_144_sft <= 36.734401|force_48_sft >= Close_sft,LONG,Ret_96,342,180,1.2674,1.4383
roc_24_sft <= Close_sft|roc_34_sft >= 1.253321,LONG,Ret_48,241,221,1.2631,1.2579
force_34_sft >= 5934.621094|mfi_13_sft <= 38.218019|force_144_sft >= -1411953.0,LONG,Ret_48,332,194,1.2731,1.1142
cmo_24_sft >= 14.674236|mom_144_sft <= 9.61,LONG,Ret_72,211,115,1.2723,1.4351
mom_55_sft <= -2.01|force_89_sft >= Close_sft,LONG,Ret_96,204,121,1.3215,1.2353
force_21_sft >= 980778.65625|mom_34_sft >= 17.719999,LONG,Ret_48,216,287,1.2522,1.2244
mom_34_sft >= 17.719999|mom_48_sft <= Close_sft,LONG,Ret_48,230,318,1.3163,1.1932
mfi_48_sft >= 50.552082|mom_24_sft <= -6.1795|rsi_144_sft <= 53.266479,LONG,Ret_72,211,161,1.3045,1.0793
roc_34_sft >= 1.253321|roc_89_sft <= Close_sft,LONG,Ret_48,241,221,1.2631,1.2579
cmo_120_sft >= -6.8|force_13_sft <= -3159099.6,LONG,Ret_96,212,171,1.3662,1.3824
cmo_48_sft >= -17.491088|rsi_5_sft >= 77.301424,LONG,Ret_96,333,216,1.2949,1.5143
mfi_13_sft <= Close_sft|rsi_5_sft >= 77.301424|cmo_144_sft <= 11.854179,LONG,Ret_96,309,186,1.2577,1.3137
mom_55_sft <= 0.65|force_89_sft >= Close_sft|cmo_48_sft <= Close_sft,LONG,Ret_96,231,130,1.4093,0.982
mfi_24_sft >= 59.951464|force_5_sft <= 9.08,LONG,Ret_72,346,227,1.2831,1.2592
mfi_24_sft >= 68.029807|cmo_200_sft <= Close_sft,LONG,Ret_96,244,173,1.2927,1.3375
mfi_200_sft <= 50.639187|force_55_sft >= Close_sft,LONG,Ret_96,207,118,1.2733,1.5219
force_34_sft >= -2.24|roc_200_sft <= 1.707907,LONG,Ret_96,309,177,1.3497,1.3985
force_55_sft >= 7.16|roc_55_sft <= 0.047226,LONG,Ret_96,260,149,1.3626,1.5312
force_89_sft >= 1.96|roc_144_sft <= 1.420344|mom_89_sft >= 1.27,LONG,Ret_72,290,160,1.3613,1.719
cmo_34_sft >= -10.465685|roc_34_sft >= 1.253321,LONG,Ret_48,241,221,1.2582,1.2579
rsi_5_sft >= 77.301424|force_200_sft <= 461822.953125,LONG,Ret_96,257,152,1.3794,1.6579
cmo_24_sft <= Close_sft|rsi_8_sft >= 39.356457|roc_34_sft >= 1.253321,LONG,Ret_48,241,220,1.2722,1.249
mom_34_sft >= 8.6175|mfi_5_sft >= 5.06|force_21_sft <= 980778.65625,LONG,Ret_96,262,204,1.2669,1.3258
rsi_21_sft <= Close_sft|force_144_sft >= -1411953.0|mfi_120_sft <= 50.774323,LONG,Ret_96,296,172,1.3076,1.6529
mfi_120_sft <= 55.01005|force_24_sft >= Close_sft,LONG,Ret_96,338,199,1.3432,1.4194
cmo_24_sft >= 14.674236|roc_34_sft <= 0.626954,LONG,Ret_96,248,159,1.3485,1.561
force_34_sft >= -7.0|mfi_120_sft <= 55.01005|rsi_21_sft <= Close_sft,LONG,Ret_96,331,194,1.3563,1.6263
mom_34_sft >= 6.32|mfi_13_sft >= 38.218019,LONG,Ret_96,319,228,1.2909,1.3916
mfi_24_sft >= 68.029807|rsi_13_sft >= -3.6,LONG,Ret_96,244,173,1.2927,1.3375
rsi_8_sft >= 71.994859|rsi_13_sft <= 67.910724,LONG,Ret_96,245,149,1.2847,1.4906
cmo_5_sft >= 54.602844|mom_89_sft <= 29.907,LONG,Ret_96,312,166,1.2595,1.4371
roc_34_sft >= 0.626954|mom_13_sft <= 4.707,LONG,Ret_96,276,189,1.318,1.1667
cmo_200_sft <= Close_sft|roc_21_sft <= 6.91|roc_34_sft >= 1.253321,LONG,Ret_48,241,221,1.2631,1.2579
mfi_48_sft >= 63.139385|cmo_48_sft <= Close_sft,LONG,Ret_48,229,173,1.4068,1.2537
cmo_5_sft <= 1.79|force_34_sft >= 9.99|roc_24_sft <= 0.502807,LONG,Ret_96,293,176,1.2851,1.6123
force_5_sft <= 18865.238281|rsi_120_sft <= 53.517298|mom_13_sft >= 4.707,LONG,Ret_96,202,171,1.2765,1.3001
mom_200_sft <= 24.299999|rsi_21_sft >= 57.763334,LONG,Ret_96,246,123,1.2511,1.2892
roc_144_sft <= 2.706932|mfi_24_sft >= 68.029807,LONG,Ret_72,255,161,1.29,1.2639
cmo_24_sft >= 6.99,LONG,Ret_96,348,220,1.2748,1.4584
mom_34_sft >= 6.87|cmo_13_sft <= Close_sft,LONG,Ret_96,321,231,1.2709,1.3814
rsi_24_sft >= 57.337118|rsi_200_sft >= -2.54|mfi_24_sft >= 68.029807,LONG,Ret_72,243,174,1.3562,1.4873
mom_120_sft <= 34.8406|roc_21_sft <= Close_sft|force_48_sft >= Close_sft,LONG,Ret_96,345,183,1.2629,1.4715
mfi_55_sft >= 56.83432|mfi_5_sft >= 50.859138,LONG,Ret_72,310,220,1.2662,1.3682
rsi_120_sft <= 53.517298|mom_24_sft >= 7.65|force_34_sft >= -7.75,LONG,Ret_96,220,155,1.4219,1.287
roc_200_sft >= -2.845036|rsi_21_sft >= 57.763334|mfi_48_sft >= 57.227482,LONG,Ret_48,327,247,1.3383,1.0523
mfi_55_sft >= 50.516251|force_55_sft <= -6.62,LONG,Ret_96,264,176,1.2966,1.3477
cmo_34_sft <= -8.5|force_120_sft >= -593327.0,LONG,Ret_96,210,103,1.3822,1.3192
mom_8_sft <= 6.56|roc_89_sft >= 1.086906|cmo_5_sft <= 54.602844,LONG,Ret_96,209,156,1.297,1.5127
mfi_200_sft >= 54.207512|mfi_5_sft >= 71.135685,LONG,Ret_72,201,154,1.2632,1.3413
force_13_sft <= 19496.171875|mom_34_sft <= 17.719999|force_21_sft >= 9212.429688,LONG,Ret_96,254,140,1.2695,1.5983
mom_55_sft <= 0.65|force_144_sft >= Close_sft,LONG,Ret_96,211,120,1.2874,1.107
roc_200_sft <= 1.707907|force_48_sft >= 6.18,LONG,Ret_96,300,170,1.2508,1.2943
cmo_13_sft >= 19.088308|roc_48_sft <= 0.040634,LONG,Ret_96,219,135,1.342,1.6582
rsi_5_sft >= 77.301424|mfi_144_sft >= 46.419693,LONG,Ret_96,301,196,1.2619,1.7485
force_21_sft <= 2718608.9|cmo_8_sft >= 43.989711,LONG,Ret_96,248,120,1.2732,1.6621
cmo_5_sft <= 1.056262|mfi_13_sft >= -4.14|force_24_sft >= 8057.183594,LONG,Ret_96,327,203,1.2916,1.4364
mfi_34_sft >= 58.335773|mom_34_sft >= 5.29,LONG,Ret_96,285,206,1.2964,1.2512
mfi_13_sft >= 73.754567|mfi_13_sft >= 38.218019|mfi_8_sft >= 79.499773,LONG,Ret_96,262,186,1.3587,1.4584
mfi_55_sft <= 50.516251|force_200_sft >= -4.97,LONG,Ret_96,211,129,1.2557,1.282
force_200_sft <= 461822.953125|mfi_5_sft >= 71.135685|force_89_sft >= 9.42,LONG,Ret_96,246,141,1.3569,1.1616
cmo_13_sft <= -32.527008|mfi_8_sft >= 34.892616,LONG,Ret_48,263,156,1.2503,1.3138
mom_34_sft >= 17.719999|cmo_21_sft >= -26.221742,LONG,Ret_48,230,318,1.3163,1.1932
cmo_48_sft <= 20.35201|mfi_21_sft >= 69.26593|rsi_21_sft >= 43.427792,LONG,Ret_96,229,148,1.4046,1.3478
rsi_48_sft <= 60.176003|cmo_5_sft >= 54.602844,LONG,Ret_96,305,196,1.2664,1.4628
roc_144_sft <= 2.706932|force_89_sft <= 1550081.0|cmo_120_sft >= 0.942767,LONG,Ret_96,285,182,1.2686,1.7295
force_48_sft >= Close_sft|roc_5_sft <= 0.189689,LONG,Ret_96,346,218,1.2649,1.5996
cmo_48_sft >= 0.78158|mfi_120_sft <= 50.774323,LONG,Ret_72,250,161,1.2774,1.8128
mfi_21_sft >= 69.26593|mfi_5_sft >= 86.041183,LONG,Ret_96,205,149,1.3641,1.6953
force_89_sft >= -7.72|mfi_144_sft >= 43.121041|roc_24_sft >= 1.034501,LONG,Ret_96,200,158,1.3014,1.4591
cmo_21_sft <= Close_sft|rsi_34_sft <= 50.357002|force_34_sft >= 5934.621094,LONG,Ret_96,233,125,1.2513,0.9603
mom_13_sft <= 7.42|mfi_34_sft >= 65.187675|mfi_89_sft >= -8.94,LONG,Ret_72,218,149,1.3269,1.2715
mfi_48_sft >= 63.139385|roc_21_sft <= 8.88,LONG,Ret_48,229,173,1.4068,1.2537
mfi_55_sft >= 56.83432|mfi_34_sft <= Close_sft|mom_55_sft >= 0.65,LONG,Ret_72,309,220,1.2853,1.3977
mom_200_sft <= 3.638|force_24_sft >= 0.41,LONG,Ret_96,235,136,1.3504,0.9885
rsi_21_sft <= Close_sft|roc_34_sft >= 1.253321,LONG,Ret_48,241,221,1.2631,1.2579
force_55_sft >= Close_sft|cmo_89_sft >= -6.362713|roc_89_sft >= 0.092346,LONG,Ret_96,296,200,1.2963,1.5637
roc_8_sft >= 0.540557|mfi_21_sft >= 60.614326,LONG,Ret_96,243,183,1.2621,1.3569
rsi_8_sft >= 29.771312|mom_120_sft <= 17.629001|force_34_sft >= Close_sft,LONG,Ret_96,316,159,1.2869,1.556
mfi_5_sft >= 71.135685|force_34_sft >= 860495.4375,LONG,Ret_96,275,205,1.2503,1.4898
cmo_55_sft >= 4.81|mom_144_sft <= 19.870001,LONG,Ret_72,299,142,1.3698,1.2874
rsi_13_sft >= 59.544155|cmo_5_sft >= 54.602844,LONG,Ret_96,322,208,1.2755,1.5162
mom_34_sft >= 17.719999|mom_13_sft >= -4.19,LONG,Ret_48,230,308,1.3166,1.3217
force_34_sft >= 860495.4375|mom_55_sft <= 11.248,LONG,Ret_72,302,190,1.2528,1.6958
roc_200_sft <= 1.707907|force_34_sft >= Close_sft,LONG,Ret_96,309,177,1.3432,1.3985
cmo_89_sft <= 9.71|cmo_21_sft >= 9.03,LONG,Ret_96,287,170,1.2825,1.3421
mfi_34_sft >= 35.920062|mfi_48_sft >= 63.139385,LONG,Ret_48,229,173,1.4068,1.2537
cmo_34_sft <= Close_sft|cmo_21_sft >= -4.94|rsi_5_sft >= 77.301424,LONG,Ret_96,334,216,1.2508,1.4956
roc_34_sft >= 1.253321|rsi_144_sft <= Close_sft,LONG,Ret_48,241,221,1.2631,1.2579
roc_24_sft >= -3.91|force_144_sft >= Close_sft|mom_55_sft <= 0.65,LONG,Ret_96,211,120,1.2874,1.107
mfi_24_sft >= 68.029807|mom_48_sft >= 0.569,LONG,Ret_72,255,187,1.3085,1.2772
mfi_48_sft >= 50.552082|cmo_8_sft <= -21.287083,LONG,Ret_96,270,179,1.3572,1.1654
mom_200_sft <= 8.34|rsi_55_sft >= 50.420631,LONG,Ret_96,214,123,1.2876,1.2778
roc_48_sft <= 6.12|roc_34_sft >= 1.253321,LONG,Ret_48,241,221,1.2631,1.2579
rsi_5_sft >= 77.301424|roc_120_sft <= 2.482338,LONG,Ret_96,308,182,1.2766,1.4609
mom_24_sft >= 2.73|force_5_sft >= 3922685.65,LONG,Ret_96,288,212,1.2505,1.4212
rsi_34_sft >= 56.319788|roc_5_sft <= 0.409222|rsi_8_sft >= 29.771312,LONG,Ret_72,303,209,1.3206,1.5828
force_34_sft >= Close_sft|mfi_200_sft <= 54.207512,LONG,Ret_96,317,196,1.2662,1.606
roc_34_sft >= 1.03,LONG,Ret_72,263,210,1.3142,1.6255
roc_144_sft >= -2.339845|mom_34_sft >= 17.719999|cmo_144_sft >= -4.6,LONG,Ret_48,220,305,1.2668,1.2437
mfi_48_sft >= 63.139385|cmo_200_sft >= -3.81,LONG,Ret_48,220,167,1.3968,1.3787
cmo_200_sft >= -4.0919|mfi_48_sft >= 57.227482,LONG,Ret_72,308,225,1.2606,1.2954
force_8_sft >= 1168048.875|mfi_24_sft >= 68.029807,LONG,Ret_96,219,156,1.4116,1.5772
mom_8_sft >= 3.486|force_55_sft <= 1932598.225|mfi_21_sft >= 69.26593,LONG,Ret_72,220,141,1.4533,1.5208
cmo_8_sft >= 23.995831|mom_144_sft <= 36.734401,LONG,Ret_96,342,187,1.2823,1.2696
mfi_24_sft >= 68.029807|rsi_13_sft <= 67.910724|rsi_24_sft >= 37.70602,LONG,Ret_96,220,150,1.3374,1.4026
mom_24_sft >= 6.988|mfi_24_sft >= 68.029807,LONG,Ret_96,227,167,1.2924,1.3997
mfi_24_sft >= 59.951464|force_8_sft <= Close_sft,LONG,Ret_72,325,210,1.2723,1.051
cmo_8_sft <= -40.457375|force_55_sft >= -765378.0,LONG,Ret_96,215,100,1.2551,1.3699
force_48_sft >= 4972.991211|cmo_48_sft <= Close_sft|cmo_144_sft <= 9.49,LONG,Ret_96,332,194,1.2752,1.3212
mfi_48_sft >= 63.139385|rsi_13_sft >= 41.623053,LONG,Ret_48,228,173,1.4049,1.2515
force_8_sft >= 13648.508789|mom_8_sft <= -3.16|mfi_120_sft <= 55.01005,LONG,Ret_48,225,218,1.2658,1.3445
force_8_sft >= 1168048.875|mom_200_sft <= 24.299999|roc_5_sft <= 0.189689,LONG,Ret_96,271,144,1.2535,1.163
roc_89_sft <= 0.16|cmo_120_sft >= -1.61,LONG,Ret_96,231,152,1.2649,1.1595
rsi_5_sft >= 77.301424|force_21_sft >= -9.83,LONG,Ret_96,331,213,1.2647,1.4514
cmo_24_sft <= 14.674236|cmo_24_sft >= 8.12|mom_34_sft <= 17.719999,LONG,Ret_96,319,190,1.2809,1.4848
mfi_200_sft <= 50.639187|force_48_sft >= Close_sft,LONG,Ret_96,211,122,1.3204,1.308
roc_24_sft >= 0.502807|force_21_sft >= 980778.65625,LONG,Ret_96,282,207,1.2643,1.41
cmo_24_sft >= 6.69|roc_13_sft <= 0.015546,LONG,Ret_72,284,196,1.2515,1.4891
roc_200_sft <= 1.707907|force_24_sft >= -2.63,LONG,Ret_96,322,182,1.2794,1.2441
roc_89_sft <= 0.91|rsi_24_sft >= 50.393036|cmo_13_sft <= 5.29,LONG,Ret_96,238,143,1.3276,1.8617
force_48_sft >= 4972.991211|mom_55_sft <= 3.49|cmo_8_sft <= 6.17,LONG,Ret_96,207,112,1.2503,1.341
mfi_8_sft >= 66.559189|mfi_24_sft >= 68.029807,LONG,Ret_96,222,162,1.3045,1.3845
mfi_200_sft >= -2.01|force_34_sft >= -882131.46875|force_24_sft <= -965932.75,LONG,Ret_96,207,141,1.2541,1.6798
mom_55_sft >= 6.35|mom_120_sft <= 34.8406,LONG,Ret_96,289,175,1.2541,1.5714
cmo_200_sft <= -0.04|mom_89_sft >= 0.61|mom_21_sft <= Close_sft,LONG,Ret_48,227,119,1.3562,1.1649
mfi_48_sft >= 57.227482|force_48_sft >= 774649.90625,LONG,Ret_72,241,197,1.3427,1.3962
rsi_5_sft <= 50.52813|mfi_55_sft >= 56.83432|mom_55_sft >= 0.65,LONG,Ret_96,209,157,1.4542,2.0087
mfi_144_sft >= 46.419693|force_55_sft <= Close_sft|force_144_sft >= 15666.625977,LONG,Ret_48,245,139,1.3063,1.1896
rsi_144_sft <= 53.266479|force_34_sft >= -5.53,LONG,Ret_96,313,174,1.2595,1.3112
cmo_144_sft >= -4.860069|cmo_24_sft >= 9.5,LONG,Ret_96,314,209,1.2654,1.5714
force_48_sft >= Close_sft|force_5_sft <= 18865.238281,LONG,Ret_96,319,201,1.3231,1.5682
mfi_24_sft >= 68.029807|mfi_5_sft >= 86.041183|force_21_sft >= -2749202.25,LONG,Ret_72,217,163,1.3363,1.6668
rsi_5_sft >= 77.301424|cmo_120_sft >= -5.393899,LONG,Ret_96,304,206,1.3036,1.5696
mfi_24_sft >= 68.029807|cmo_89_sft <= 15.10026,LONG,Ret_96,215,142,1.4382,1.0724
mfi_120_sft >= 46.115835|rsi_48_sft >= 5.71|mfi_48_sft >= 63.139385,LONG,Ret_48,224,172,1.3913,1.2376
mom_24_sft <= Close_sft|roc_200_sft <= 1.707907|force_34_sft >= 0.93,LONG,Ret_96,309,177,1.3497,1.3985
cmo_24_sft <= 0.786075|force_34_sft >= Close_sft,LONG,Ret_96,237,137,1.3394,1.4516
force_55_sft >= -3.74|cmo_13_sft >= 3.28|roc_200_sft <= 0.267701,LONG,Ret_96,202,117,1.2847,1.4591
mfi_48_sft >= 63.139385|mom_200_sft <= Close_sft,LONG,Ret_48,229,173,1.4068,1.2537
force_13_sft >= -3159099.6|mfi_24_sft >= 68.029807,LONG,Ret_96,244,172,1.2929,1.3534
force_200_sft >= Close_sft|mfi_24_sft >= 50.55991|mom_48_sft <= 9.46,LONG,Ret_72,282,147,1.3945,1.3253
force_21_sft >= Close_sft|mfi_24_sft >= 68.029807,LONG,Ret_96,243,171,1.256,1.3366
mom_144_sft >= -1.44|mfi_200_sft >= 54.207512,LONG,Ret_72,208,159,1.3336,1.0135
mfi_89_sft <= 55.650263|mfi_21_sft >= 69.26593,LONG,Ret_96,205,128,1.2871,1.8411
roc_144_sft >= -1.107563|mfi_89_sft <= 50.597168|mom_144_sft <= 4.14,LONG,Ret_96,238,126,1.3069,1.3739
rsi_5_sft >= 77.301424|mfi_13_sft >= 73.754567,LONG,Ret_96,245,178,1.4358,1.4872
roc_48_sft <= 1.544718|rsi_5_sft >= 77.301424,LONG,Ret_96,317,206,1.2604,1.2648
roc_21_sft <= Close_sft|force_34_sft >= Close_sft|mom_200_sft <= 43.857599,LONG,Ret_96,357,182,1.2513,1.3452
force_21_sft >= 980778.65625|rsi_5_sft <= 65.274124,LONG,Ret_96,272,202,1.2918,1.4528
force_5_sft <= 3922685.65|force_13_sft >= Close_sft|mfi_24_sft >= 68.029807,LONG,Ret_72,255,183,1.4657,1.1348
roc_34_sft >= 1.253321|mfi_24_sft >= 50.55991,LONG,Ret_48,232,214,1.2606,1.1973
force_48_sft >= 4972.991211|force_5_sft <= -0.36,LONG,Ret_96,316,201,1.2938,1.5771
force_8_sft <= Close_sft|mfi_24_sft >= 59.951464,LONG,Ret_72,325,210,1.2723,1.051
force_55_sft >= 7923.229004|force_5_sft <= 3.21,LONG,Ret_96,306,200,1.2667,1.5791
mfi_144_sft <= 54.681004|mfi_8_sft >= 66.559189|mom_120_sft <= -4.15,LONG,Ret_96,205,128,1.2689,1.1191
force_89_sft >= 7990.140625|roc_13_sft >= -0.37|force_144_sft <= 1231428.475,LONG,Ret_96,319,193,1.2756,1.3945
cmo_5_sft >= 54.602844|mfi_24_sft >= 41.40654|cmo_200_sft <= Close_sft,LONG,Ret_96,331,212,1.2754,1.5432
force_5_sft <= -1178842.5|roc_89_sft <= 2.150699|force_34_sft >= -4.84,LONG,Ret_96,243,162,1.2969,1.7572
rsi_8_sft <= 71.994859|rsi_24_sft >= 57.337118|cmo_144_sft <= 6.532958,LONG,Ret_72,211,128,1.4718,1.2725
mfi_48_sft >= 57.227482|mfi_13_sft >= 50.566456,LONG,Ret_72,316,227,1.3006,1.3925
rsi_13_sft >= 1.21|roc_34_sft >= 1.253321,LONG,Ret_48,241,221,1.2631,1.2579
roc_21_sft >= -0.877718|rsi_5_sft >= 77.301424,LONG,Ret_96,335,217,1.2526,1.5064
rsi_5_sft >= 77.301424|roc_21_sft >= 0.954321,LONG,Ret_96,203,163,1.2527,1.4961
mom_34_sft >= 6.23|cmo_34_sft >= -10.465685,LONG,Ret_96,328,230,1.264,1.373
mfi_24_sft >= 68.029807|force_89_sft >= Close_sft,LONG,Ret_72,255,181,1.3073,1.3664
mfi_48_sft >= 63.139385|mfi_34_sft >= 8.68,LONG,Ret_48,229,173,1.4068,1.2537
mom_48_sft <= 0.569|force_34_sft >= -882131.46875|cmo_21_sft <= -13.144417,LONG,Ret_96,201,85,1.3046,1.3173
cmo_13_sft >= 5.92|cmo_120_sft <= 7.034594|cmo_5_sft >= 54.602844,LONG,Ret_96,252,151,1.415,1.3565
force_24_sft >= Close_sft|cmo_144_sft <= 6.532958,LONG,Ret_96,323,184,1.2529,1.1588
roc_34_sft >= 0.626954|rsi_5_sft <= 36.209591,LONG,Ret_48,227,183,1.2693,1.167
mfi_120_sft <= 50.774323|mfi_89_sft <= Close_sft|mom_200_sft >= 7.9,LONG,Ret_48,225,167,1.251,1.5903
mfi_24_sft >= 59.951464|roc_34_sft <= 1.253321|roc_55_sft <= 0.047226,LONG,Ret_96,223,140,1.4848,1.2527
rsi_55_sft >= 3.94|mfi_48_sft >= 57.227482|force_5_sft >= -0.9,LONG,Ret_72,318,227,1.2685,1.3218
roc_55_sft >= -0.700301|rsi_13_sft >= 59.544155|mfi_24_sft >= 68.029807,LONG,Ret_72,255,185,1.3924,1.3365
mom_5_sft >= 2.62|roc_21_sft >= 0.954321|roc_21_sft >= 0.64,LONG,Ret_96,214,177,1.3174,1.4019
roc_21_sft >= 0.462011|mfi_5_sft >= 86.041183,LONG,Ret_96,267,188,1.2713,1.4022
mfi_24_sft >= 33.003491|mfi_24_sft >= 68.029807|force_89_sft >= -1739481.125,LONG,Ret_72,284,195,1.2527,1.4105
cmo_24_sft >= 0.786075|force_34_sft >= 5934.621094|mfi_48_sft >= 50.552082,LONG,Ret_96,332,212,1.2518,1.5643
mfi_200_sft <= Close_sft|mfi_48_sft >= 63.139385,LONG,Ret_48,229,173,1.4068,1.2537
mfi_48_sft <= 63.139385|force_24_sft >= Close_sft,LONG,Ret_96,381,239,1.2724,1.4603
mfi_120_sft <= 50.774323|rsi_8_sft >= -9.13|roc_89_sft >= -4.17,LONG,Ret_96,315,194,1.2615,1.4626
mfi_48_sft >= 63.139385|rsi_5_sft >= 50.52813,LONG,Ret_48,221,173,1.4311,1.2338
force_8_sft >= 1168048.875|force_5_sft >= 18865.238281|mfi_21_sft >= 69.26593,LONG,Ret_96,234,167,1.2516,1.5516
mom_200_sft <= 3.638|force_48_sft >= Close_sft|rsi_144_sft >= 8.71,LONG,Ret_96,213,122,1.4687,1.2769
mfi_48_sft >= 63.139385|cmo_21_sft >= -26.221742,LONG,Ret_48,229,173,1.4068,1.2537
force_13_sft >= -3159099.6|cmo_8_sft >= 43.989711|roc_144_sft <= 1.420344,LONG,Ret_96,233,136,1.2736,1.2782
rsi_144_sft <= 53.266479|rsi_5_sft >= 77.301424,LONG,Ret_96,259,149,1.2766,1.2474
force_48_sft >= -2110439.75|mfi_48_sft >= 63.139385,LONG,Ret_48,229,173,1.4068,1.2537
roc_144_sft <= 9.36|roc_34_sft >= 1.253321,LONG,Ret_48,241,218,1.269,1.3416
rsi_55_sft >= 45.890608|mfi_144_sft <= 54.681004|force_144_sft >= 15666.625977,LONG,Ret_96,262,159,1.2708,1.4263
force_24_sft <= 2605860.6|mfi_21_sft >= 69.26593,LONG,Ret_96,233,137,1.336,1.7899
force_89_sft >= Close_sft|mom_89_sft >= -1.97,LONG,Ret_96,307,200,1.322,1.7924
rsi_13_sft >= 59.544155|mom_144_sft >= 2.04,LONG,Ret_72,317,221,1.2667,1.4246
mfi_120_sft >= 50.774323|mom_120_sft <= 17.629001,LONG,Ret_96,260,134,1.3263,1.6795
force_48_sft >= Close_sft|mfi_13_sft <= 38.218019,LONG,Ret_48,345,210,1.2678,1.2202
force_8_sft >= -7.01|roc_8_sft <= 0.007914,LONG,Ret_96,369,229,1.2722,1.4653
force_48_sft >= 4972.991211|cmo_8_sft <= 43.989711|force_5_sft <= -7.4,LONG,Ret_96,316,201,1.2998,1.5692
roc_34_sft <= 1.33|cmo_5_sft <= 30.548246|force_48_sft >= Close_sft,LONG,Ret_96,343,208,1.2505,1.564
mfi_13_sft >= 27.640554|rsi_5_sft <= 50.52813|force_24_sft >= -4.97,LONG,Ret_96,326,203,1.295,1.4347
mfi_55_sft >= 56.83432|mom_55_sft >= 5.9,LONG,Ret_72,292,217,1.3023,1.3542
mom_8_sft <= Close_sft|mfi_24_sft >= 68.029807,LONG,Ret_96,244,173,1.2927,1.3375
mfi_13_sft >= 73.754567|cmo_21_sft >= 15.52667|roc_55_sft <= 1.667344,LONG,Ret_72,271,187,1.4355,1.484
force_144_sft <= 532244.5|mfi_55_sft <= Close_sft|rsi_8_sft >= 71.994859,LONG,Ret_96,216,126,1.2905,1.6433
force_120_sft >= -593327.0|mom_34_sft >= 17.719999|mom_24_sft >= -13.2322,LONG,Ret_48,220,287,1.2818,1.1951
rsi_120_sft <= 53.517298|mfi_34_sft >= 35.920062|mfi_34_sft >= 58.335773,LONG,Ret_72,294,178,1.2766,1.1514
force_48_sft >= Close_sft|roc_120_sft <= 2.482338,LONG,Ret_96,344,204,1.2877,1.5603
roc_144_sft <= Close_sft|mfi_24_sft >= 68.029807,LONG,Ret_96,244,173,1.2927,1.3375
roc_48_sft <= -0.66|rsi_55_sft >= 45.890608,LONG,Ret_96,213,158,1.267,1.4686
mom_24_sft >= 2.5|mfi_200_sft <= Close_sft|force_24_sft >= 6.49,LONG,Ret_96,364,238,1.25,1.288
cmo_34_sft <= 12.639574|roc_34_sft >= 0.626954,LONG,Ret_96,249,176,1.3386,1.02
mom_34_sft >= 17.719999|cmo_5_sft >= 1.056262,LONG,Ret_48,221,308,1.3106,1.2549
mfi_24_sft >= 68.029807|cmo_34_sft <= Close_sft,LONG,Ret_96,244,173,1.2927,1.3375
mfi_120_sft >= 42.367754|mom_21_sft >= 0.33|rsi_5_sft >= 77.301424,LONG,Ret_96,317,206,1.3291,1.533
rsi_120_sft <= Close_sft|mom_34_sft >= 17.719999|roc_144_sft >= -2.339845,LONG,Ret_48,221,310,1.2822,1.1683
mfi_48_sft >= 63.139385|rsi_48_sft >= 50.390789,LONG,Ret_48,222,168,1.4166,1.298
mom_5_sft <= -2.4205|rsi_8_sft >= 50.462749,LONG,Ret_96,227,196,1.2739,1.5657
force_200_sft >= -8.73|rsi_89_sft >= 46.818644|cmo_120_sft <= 2.67,LONG,Ret_48,263,138,1.2932,1.0609
force_13_sft >= -3159099.6|force_89_sft >= Close_sft|mfi_89_sft >= 50.597168,LONG,Ret_96,282,186,1.2569,1.4941
mfi_24_sft >= 68.029807|mom_89_sft >= 1.27,LONG,Ret_72,237,170,1.4275,1.497
rsi_24_sft >= 37.70602|rsi_13_sft >= 67.910724|roc_144_sft <= 1.420344,LONG,Ret_72,210,131,1.3285,1.3256
mfi_5_sft >= 5.79|mom_8_sft <= 3.486|cmo_34_sft >= 12.639574,LONG,Ret_72,261,169,1.2802,1.4835
roc_89_sft >= -0.891893|mfi_48_sft >= 63.139385,LONG,Ret_48,228,170,1.4048,1.364
rsi_200_sft >= 45.619888|roc_120_sft <= Close_sft|force_34_sft >= Close_sft,LONG,Ret_96,366,239,1.2525,1.4497
cmo_24_sft <= 0.786075|cmo_24_sft <= 14.674236|force_34_sft >= Close_sft,LONG,Ret_96,237,137,1.3394,1.4516
rsi_48_sft <= Close_sft|mfi_48_sft >= 63.139385,LONG,Ret_48,229,173,1.4068,1.2537
force_21_sft >= Close_sft|mom_200_sft <= 1.39,LONG,Ret_96,234,137,1.2554,1.1842
mom_34_sft >= 17.719999|force_21_sft >= 9212.429688|mom_24_sft <= Close_sft,LONG,Ret_48,225,304,1.318,1.3667
mfi_48_sft <= 63.139385|cmo_8_sft >= 23.995831|roc_48_sft <= 0.040634,LONG,Ret_96,265,170,1.2527,1.4183
roc_24_sft >= -0.448428|roc_34_sft >= 1.253321,LONG,Ret_48,241,219,1.2582,1.3866
force_144_sft >= 1.15|mfi_200_sft <= 56.934808|mom_89_sft <= 1.27,LONG,Ret_48,263,141,1.3298,0.8785
mfi_24_sft >= 68.029807|cmo_24_sft >= -24.587959,LONG,Ret_96,244,173,1.2927,1.3375
cmo_120_sft <= 8.21|force_24_sft >= -8.83,LONG,Ret_96,339,201,1.2775,1.2606
mfi_55_sft >= 44.411974|mom_144_sft <= -5.82,LONG,Ret_96,231,139,1.3923,1.1984
mom_5_sft <= 5.89|cmo_8_sft >= 43.989711,LONG,Ret_96,248,126,1.3929,1.271
mfi_144_sft <= 50.847649|force_48_sft >= Close_sft|force_21_sft >= Close_sft,LONG,Ret_96,215,136,1.2758,1.4589
mom_34_sft >= 8.6175|roc_34_sft >= 1.253321,LONG,Ret_48,241,221,1.2631,1.2579
cmo_5_sft >= 54.602844|mom_24_sft <= 6.988,LONG,Ret_96,273,141,1.3339,1.7056
mom_144_sft <= 8.05|force_34_sft >= -4.76,LONG,Ret_96,272,141,1.2831,1.1189
roc_120_sft <= 1.11|cmo_89_sft >= 0.960655,LONG,Ret_96,262,164,1.2764,1.8693
force_8_sft >= 3517347.45|force_8_sft >= -3582290.35|cmo_8_sft >= 23.995831,LONG,Ret_96,285,209,1.3302,1.4388
rsi_55_sft >= 41.795971|rsi_5_sft >= 77.301424|mfi_55_sft >= -7.79,LONG,Ret_96,333,216,1.2941,1.5215
roc_55_sft >= 0.822681|roc_21_sft <= 0.462011,LONG,Ret_48,334,246,1.274,1.4715
mfi_24_sft >= 59.951464|cmo_120_sft <= Close_sft|roc_24_sft <= 0.502807,LONG,Ret_96,268,166,1.3012,1.5243
cmo_48_sft >= 0.78158|rsi_120_sft <= 53.517298|mom_55_sft <= 0.65,LONG,Ret_96,216,137,1.3936,1.3434
mfi_89_sft <= 55.650263|mom_24_sft >= 6.988,LONG,Ret_96,277,194,1.2704,1.2981
mfi_55_sft <= 56.83432|mfi_34_sft >= 35.920062|mfi_48_sft >= 57.227482,LONG,Ret_96,234,159,1.3269,1.4358
roc_144_sft <= 2.706932|force_120_sft <= 1342171.725|cmo_55_sft >= 0.841261,LONG,Ret_96,318,198,1.2517,1.5114
mom_34_sft >= 17.719999|mfi_5_sft >= 50.859138,LONG,Ret_48,221,308,1.2966,1.2439
roc_55_sft <= 0.047226|force_120_sft >= Close_sft,LONG,Ret_96,215,125,1.3855,0.9939
force_21_sft >= 980778.65625|mfi_13_sft <= 73.754567,LONG,Ret_96,324,220,1.2636,1.2619
roc_5_sft <= -0.174879|force_55_sft >= -9.85,LONG,Ret_96,271,189,1.2849,1.4761
cmo_144_sft <= 3.76|mfi_24_sft <= 50.55991|force_89_sft >= Close_sft,LONG,Ret_48,250,136,1.29,1.3366
force_55_sft >= -7.22|mom_200_sft <= 3.638,LONG,Ret_96,206,118,1.2673,1.4768
mfi_21_sft >= 60.614326|roc_21_sft >= 0.462011|mom_24_sft <= 14.8274,LONG,Ret_72,356,199,1.2524,1.0688
force_5_sft <= 18865.238281|mfi_24_sft >= 59.951464,LONG,Ret_72,347,228,1.2653,1.2447
mom_55_sft <= 11.248|force_200_sft >= 23393.960938,LONG,Ret_96,262,138,1.261,1.4069
force_24_sft >= 945736.46875|mom_55_sft <= 0.65,LONG,Ret_96,203,141,1.294,1.3474
mom_34_sft >= 6.18,LONG,Ret_96,328,233,1.2879,1.3534
force_55_sft >= 4.25|mom_144_sft >= 2.657,LONG,Ret_72,353,226,1.2881,1.6779
rsi_144_sft <= 50.435356|roc_89_sft >= 0.092346|cmo_144_sft <= 6.532958,LONG,Ret_48,245,135,1.2536,1.3486
mfi_24_sft >= 50.55991|cmo_24_sft >= 0.786075,LONG,Ret_96,360,233,1.2657,1.4828
force_24_sft >= 8057.183594|mfi_48_sft >= 63.139385,LONG,Ret_48,223,172,1.3723,1.2871
mfi_48_sft >= 44.007746|roc_144_sft <= 0.189912,LONG,Ret_96,277,162,1.2853,1.1333
cmo_13_sft >= 35.82144|mfi_24_sft >= 68.029807|cmo_21_sft <= Close_sft,LONG,Ret_48,249,182,1.2749,1.2998
mfi_200_sft <= 54.207512|force_8_sft >= 3517347.45,LONG,Ret_96,237,173,1.2594,1.4356
force_24_sft >= -8.44|cmo_5_sft <= 3.92|rsi_34_sft <= Close_sft,LONG,Ret_96,337,208,1.2912,1.4719
roc_55_sft >= 0.047226|mom_55_sft <= 1.3,LONG,Ret_96,221,53,1.3095,0.8615
force_5_sft <= 1261102.5|force_8_sft >= 1168048.875|rsi_34_sft >= 7.16,LONG,Ret_72,318,226,1.3232,1.3287
mfi_48_sft >= 63.139385|cmo_21_sft <= Close_sft|force_8_sft >= 13648.508789,LONG,Ret_48,220,173,1.4345,1.2375
mfi_24_sft >= 68.029807|mfi_8_sft >= -0.96,LONG,Ret_96,244,173,1.2927,1.3375
force_34_sft >= 5934.621094|cmo_55_sft <= Close_sft|roc_89_sft >= 0.092346,LONG,Ret_96,301,201,1.2767,1.6597
mom_48_sft <= -3.37|force_55_sft >= Close_sft,LONG,Ret_96,206,141,1.3249,1.7509
rsi_55_sft >= 50.420631|mom_144_sft <= Close_sft|rsi_13_sft >= 59.544155,LONG,Ret_96,305,206,1.3062,1.6186
rsi_5_sft >= 77.301424|force_21_sft >= 9212.429688,LONG,Ret_96,331,213,1.2658,1.4514
mfi_24_sft >= 68.029807|force_144_sft <= 1231428.475,LONG,Ret_96,216,134,1.4058,1.2213
mom_48_sft <= 4.01|cmo_55_sft >= -8.218787|cmo_24_sft >= 14.674236,LONG,Ret_72,201,111,1.4164,2.0196
force_8_sft >= Close_sft|roc_8_sft <= -0.230232,LONG,Ret_72,229,175,1.4272,1.0559
rsi_34_sft >= 56.319788|roc_5_sft <= 0.409222|force_24_sft >= 945736.46875,LONG,Ret_72,268,197,1.3909,1.5281
force_34_sft >= 9.76|mfi_120_sft <= 50.774323,LONG,Ret_96,244,150,1.3746,1.8349
force_89_sft >= 0.22|mom_55_sft <= 11.248,LONG,Ret_96,306,167,1.2639,1.2523
mfi_24_sft >= 68.029807|cmo_120_sft >= -5.393899,LONG,Ret_72,271,194,1.2878,1.3141
mfi_24_sft >= 68.029807|force_34_sft >= Close_sft,LONG,Ret_72,276,195,1.2737,1.3398
force_34_sft >= -3.9|mfi_55_sft <= 50.516251,LONG,Ret_96,287,173,1.2761,1.5267
force_48_sft >= Close_sft|roc_24_sft <= 0.502807,LONG,Ret_96,345,211,1.262,1.6197
mom_200_sft <= Close_sft|mfi_48_sft >= 63.139385,LONG,Ret_48,229,173,1.4068,1.2537
roc_13_sft <= 0.719682|force_34_sft >= 860495.4375|mfi_8_sft >= 66.559189,LONG,Ret_72,300,229,1.3101,1.531
roc_55_sft <= 0.822681|cmo_55_sft >= 10.116759,LONG,Ret_72,219,124,1.483,1.8537
force_34_sft >= 8.24|force_8_sft >= Close_sft|mfi_48_sft >= 63.139385,LONG,Ret_48,218,172,1.4343,1.2317
mom_55_sft <= -0.87|rsi_200_sft >= 47.95405|force_48_sft >= -4.56,LONG,Ret_96,204,136,1.3521,1.3088
rsi_34_sft <= 61.891071|mfi_34_sft >= 65.187675,LONG,Ret_72,215,157,1.3622,1.7068
roc_34_sft >= 1.253321|roc_13_sft <= Close_sft,LONG,Ret_48,241,221,1.2631,1.2579
force_24_sft >= 945736.46875|force_34_sft <= 860495.4375,LONG,Ret_96,209,123,1.4012,1.1487
force_89_sft >= Close_sft|mfi_89_sft <= 50.597168,LONG,Ret_96,231,134,1.2559,1.5006
mfi_21_sft >= 69.26593|roc_55_sft <= 1.667344,LONG,Ret_96,244,155,1.2952,1.5494
force_120_sft >= 3.79|roc_144_sft <= 2.706932,LONG,Ret_96,306,181,1.2596,1.5959
cmo_144_sft <= 6.532958|mom_48_sft >= 10.59,LONG,Ret_72,220,184,1.3418,1.311
force_21_sft <= 980778.65625|force_89_sft >= 7990.140625|mom_13_sft <= Close_sft,LONG,Ret_96,289,182,1.2593,1.61
mfi_34_sft >= 65.187675|force_8_sft <= 1168048.875,LONG,Ret_72,206,157,1.4524,1.2244
rsi_8_sft >= 61.997915|roc_8_sft >= 0.540557,LONG,Ret_96,287,208,1.2577,1.2438
cmo_5_sft >= 54.602844|mfi_24_sft >= 41.40654,LONG,Ret_96,331,212,1.2754,1.5432
cmo_200_sft <= Close_sft|rsi_34_sft <= 50.357002|force_48_sft >= 4972.991211,LONG,Ret_96,213,120,1.2661,1.2229
mom_120_sft <= 2.288|mom_55_sft >= 4.85,LONG,Ret_72,218,141,1.2997,1.279
mfi_200_sft >= 54.207512|force_34_sft >= -1.59,LONG,Ret_72,206,152,1.2516,1.2618
cmo_55_sft <= 19.077594|mfi_21_sft >= 69.26593,LONG,Ret_96,232,150,1.2974,1.4112
mom_5_sft >= -2.4205|roc_55_sft <= 0.047226|mfi_120_sft <= 50.774323,LONG,Ret_96,263,160,1.2579,1.6271
mfi_144_sft <= 57.973013|mom_24_sft >= 6.988,LONG,Ret_96,302,220,1.2661,1.3369
cmo_34_sft >= 6.45|cmo_13_sft <= 35.82144|force_5_sft >= -3968618.75,LONG,Ret_96,316,209,1.2641,1.5656
roc_55_sft >= -1.483987|mfi_24_sft >= 68.029807,LONG,Ret_72,283,197,1.2593,1.3747
rsi_5_sft <= Close_sft|mfi_48_sft >= 63.139385,LONG,Ret_48,229,173,1.4068,1.2537
cmo_5_sft >= 30.548246|mfi_24_sft >= 68.029807,LONG,Ret_96,226,160,1.4191,1.5272
mom_120_sft <= 2.288|force_48_sft >= 9.2|roc_89_sft >= 0.092346,LONG,Ret_48,225,124,1.3606,1.1525
cmo_5_sft >= 54.602844|mfi_13_sft >= 73.754567,LONG,Ret_96,245,178,1.4358,1.4872
mom_200_sft >= -39.087601|mfi_48_sft >= 63.139385,LONG,Ret_48,227,167,1.3489,1.2815
roc_89_sft >= 0.092346|mfi_48_sft >= 44.007746|mom_200_sft <= 24.299999,LONG,Ret_96,267,128,1.2684,1.365
force_48_sft >= Close_sft|roc_89_sft <= 2.150699,LONG,Ret_96,352,216,1.335,1.6286
cmo_5_sft <= Close_sft|force_200_sft >= 9.84|mfi_120_sft <= 50.774323,LONG,Ret_72,214,126,1.2645,1.6354
mfi_24_sft >= 50.55991|cmo_8_sft >= 23.995831,LONG,Ret_96,346,226,1.2962,1.2882
force_48_sft >= Close_sft|force_5_sft <= Close_sft,LONG,Ret_96,316,201,1.3465,1.5739
roc_144_sft <= 2.04|mom_21_sft <= Close_sft|force_48_sft >= 0.82,LONG,Ret_96,330,194,1.3095,1.3944
force_144_sft >= 0.75|roc_144_sft <= 2.706932|cmo_5_sft >= 30.548246,LONG,Ret_72,346,195,1.2581,1.394
mom_34_sft >= 17.719999|force_24_sft >= -6.69,LONG,Ret_48,226,304,1.2946,1.3768
mfi_21_sft >= 50.517838|mom_34_sft >= 17.719999,LONG,Ret_48,225,299,1.3011,1.1538
mom_200_sft >= -39.087601|mfi_24_sft >= 68.029807,LONG,Ret_96,236,162,1.2688,1.492
mom_34_sft >= 17.719999|force_48_sft >= 4972.991211|mfi_5_sft >= 9.54,LONG,Ret_48,223,294,1.2894,1.2255
rsi_120_sft >= 47.303051|mfi_48_sft >= 57.227482|cmo_24_sft <= 14.674236,LONG,Ret_96,219,161,1.2847,1.6766
mfi_200_sft <= 54.207512|force_34_sft >= 5934.621094,LONG,Ret_96,317,196,1.2662,1.6063
mom_48_sft <= 2.42|rsi_5_sft >= 77.301424,LONG,Ret_96,232,133,1.391,1.5422
mom_24_sft <= 14.8274|cmo_5_sft >= 54.602844|cmo_13_sft <= Close_sft,LONG,Ret_96,317,174,1.2696,1.6363
cmo_34_sft >= -20.779138|rsi_5_sft >= 77.301424,LONG,Ret_96,334,217,1.2678,1.4684
force_89_sft >= Close_sft|cmo_120_sft <= 7.034594|rsi_55_sft <= 59.538796,LONG,Ret_96,288,157,1.3216,1.522
rsi_55_sft >= 55.05838|mom_55_sft <= 11.248,LONG,Ret_72,210,91,1.4781,2.3232
mom_55_sft <= 0.65|mfi_34_sft >= 50.579842,LONG,Ret_96,291,176,1.2755,1.0797
cmo_13_sft >= 35.82144|mfi_89_sft >= 50.597168,LONG,Ret_96,213,156,1.2913,1.3813
force_34_sft >= Close_sft|mfi_144_sft <= 54.681004,LONG,Ret_96,328,195,1.2607,1.6848
roc_144_sft <= 4.39|roc_48_sft >= -0.651132|mfi_5_sft <= 5.69,LONG,Ret_96,247,152,1.2694,1.7013
rsi_55_sft <= Close_sft|roc_8_sft <= 0.540557|mfi_24_sft >= 68.029807,LONG,Ret_72,262,190,1.3526,1.1021
mom_55_sft <= -3.17|force_55_sft >= 7923.229004|mom_120_sft <= 34.8406,LONG,Ret_96,205,117,1.5116,1.5591
mfi_55_sft >= 56.83432|roc_5_sft <= 0.005459,LONG,Ret_96,231,170,1.2605,1.7832
mfi_24_sft >= 68.029807|rsi_48_sft <= Close_sft|rsi_24_sft >= -4.21,LONG,Ret_96,244,173,1.2927,1.3375
roc_8_sft <= 0.540557|cmo_8_sft >= 43.989711,LONG,Ret_96,248,158,1.3049,1.2783
roc_48_sft <= 1.544718|force_34_sft >= Close_sft,LONG,Ret_96,372,232,1.2503,1.5472
roc_48_sft <= -0.651132|mfi_55_sft >= 44.411974,LONG,Ret_96,249,161,1.2968,1.3944
mom_55_sft <= -0.19|force_48_sft >= -9.0,LONG,Ret_96,256,156,1.4138,1.3796
roc_8_sft <= 0.007914|rsi_13_sft >= 59.544155,LONG,Ret_72,215,152,1.2831,1.734
roc_200_sft <= 0.267701|rsi_34_sft >= 50.357002,LONG,Ret_96,208,129,1.2976,1.1307
mom_48_sft >= 0.569|force_48_sft >= 7.46|roc_120_sft <= 0.166461,LONG,Ret_72,239,133,1.2601,1.3349
rsi_34_sft >= 56.319788|force_55_sft <= 1932598.225|mom_89_sft <= 15.168,LONG,Ret_96,210,87,1.3663,2.0403
cmo_5_sft >= 54.602844|roc_48_sft <= 0.772961,LONG,Ret_96,292,175,1.307,1.5046
force_144_sft <= 532244.5|mom_24_sft >= 6.988|force_55_sft >= -765378.0,LONG,Ret_96,239,168,1.2827,1.2397
roc_34_sft >= -4.11|force_120_sft >= 18121.945312|mom_120_sft <= 34.8406,LONG,Ret_96,302,158,1.2802,1.6137
mfi_24_sft >= 68.029807|roc_24_sft <= 1.034501,LONG,Ret_72,221,141,1.2842,1.196
mom_34_sft >= -15.832|force_55_sft >= 739821.46875|roc_48_sft <= 0.772961,LONG,Ret_96,216,162,1.3316,1.6101
mfi_48_sft >= 57.227482|rsi_120_sft <= 53.517298,LONG,Ret_96,203,135,1.2667,1.4691
mfi_48_sft >= 63.139385|roc_34_sft >= -0.541601,LONG,Ret_48,228,173,1.4031,1.2537
roc_55_sft <= 0.047226|rsi_5_sft <= 77.301424|force_89_sft >= Close_sft,LONG,Ret_96,222,126,1.3374,1.0306
mom_5_sft <= 2.62|cmo_24_sft >= 14.674236,LONG,Ret_72,298,191,1.2692,1.3322
cmo_89_sft <= 0.66|force_34_sft >= Close_sft,LONG,Ret_96,214,119,1.2593,1.1067
mom_89_sft <= 29.907|force_21_sft >= 980778.65625,LONG,Ret_96,318,185,1.2964,1.2478
cmo_8_sft >= 43.989711|mom_5_sft <= 5.56,LONG,Ret_96,243,124,1.4191,1.2538
rsi_21_sft >= -3.12|mom_34_sft >= 17.719999,LONG,Ret_48,230,318,1.3163,1.1932
rsi_55_sft <= Close_sft|mom_144_sft >= -7.34|mfi_34_sft >= 65.187675,LONG,Ret_72,218,160,1.2787,1.353
roc_48_sft <= 4.16|mfi_24_sft >= 68.029807,LONG,Ret_96,243,173,1.2644,1.3756
force_89_sft >= 7990.140625|roc_55_sft <= 1.667344|cmo_8_sft <= Close_sft,LONG,Ret_96,327,204,1.2714,1.5132
roc_5_sft >= -1.83|mfi_24_sft >= 68.029807,LONG,Ret_96,244,173,1.2927,1.3375
mom_55_sft >= -9.552|mom_120_sft <= 34.8406|force_5_sft >= 3922685.65,LONG,Ret_96,282,159,1.286,1.3167
cmo_55_sft <= Close_sft|mfi_24_sft >= 68.029807|cmo_48_sft <= Close_sft,LONG,Ret_96,244,173,1.2927,1.3375
roc_13_sft <= 0.719682|mfi_34_sft >= 65.187675,LONG,Ret_72,225,171,1.4034,1.3967
roc_13_sft <= 0.339135|mom_21_sft >= 6.417|force_34_sft >= Close_sft,LONG,Ret_72,339,250,1.2523,1.3775
mfi_5_sft >= 86.041183|roc_13_sft <= 0.719682|mfi_24_sft >= 59.951464,LONG,Ret_96,235,146,1.4959,1.6026
cmo_55_sft >= -6.29|force_24_sft >= Close_sft|rsi_120_sft <= 53.517298,LONG,Ret_96,304,183,1.3086,1.2901
roc_55_sft <= 0.047226|cmo_5_sft <= 30.548246|force_24_sft >= -5.95,LONG,Ret_96,270,167,1.3975,1.2725
mom_13_sft >= -2.97|mom_34_sft >= 17.719999,LONG,Ret_48,229,307,1.3164,1.3383
force_55_sft >= 7923.229004|cmo_48_sft <= 0.78158,LONG,Ret_96,199,103,1.2984,1.471
mfi_48_sft >= 44.007746|mom_34_sft >= 17.719999|cmo_8_sft >= 0.9255,LONG,Ret_48,222,305,1.3622,1.3427
mfi_55_sft >= 50.516251|rsi_200_sft <= 55.043404|roc_34_sft <= 0.035466,LONG,Ret_96,274,168,1.265,1.4387
force_34_sft >= 6.55|cmo_200_sft <= 0.69991,LONG,Ret_96,202,113,1.3569,1.2123
force_120_sft >= 18121.945312|mom_55_sft <= 0.65,LONG,Ret_96,210,122,1.3756,0.9452
mom_48_sft <= 8.36|mom_48_sft >= -8.8005|cmo_34_sft <= -10.465685,LONG,Ret_96,235,108,1.2797,1.3927
force_21_sft >= Close_sft|mom_48_sft <= Close_sft|mom_89_sft >= 1.55,LONG,Ret_96,302,203,1.2955,1.6013
force_21_sft >= -4.76|mom_34_sft >= 17.719999,LONG,Ret_48,225,304,1.318,1.368
force_5_sft <= Close_sft|force_48_sft >= 4972.991211|mom_5_sft >= -5.55,LONG,Ret_96,316,196,1.301,1.5593
force_48_sft >= 3.51|cmo_144_sft <= 2.78|rsi_55_sft <= 59.538796,LONG,Ret_96,231,133,1.2759,1.0688
force_48_sft >= -798731.84375|cmo_8_sft >= 23.995831,LONG,Ret_96,358,234,1.3026,1.4035
force_48_sft >= 4972.991211|mfi_8_sft <= 66.559189|rsi_144_sft <= 53.266479,LONG,Ret_96,291,160,1.2513,1.2567
mom_200_sft <= 3.638|mfi_34_sft >= 50.579842,LONG,Ret_96,235,141,1.3262,1.2483
cmo_21_sft >= 15.52667|mfi_24_sft >= 68.029807,LONG,Ret_72,249,179,1.3976,1.4143
mfi_55_sft <= 56.83432|mfi_120_sft <= 50.774323,LONG,Ret_96,311,191,1.2558,1.5186
mfi_48_sft >= 57.227482|force_13_sft >= 1072989.0,LONG,Ret_72,271,211,1.2885,1.3111
mfi_48_sft >= 57.227482|mom_144_sft <= 36.734401,LONG,Ret_72,303,166,1.2569,1.4457
rsi_200_sft <= Close_sft|force_120_sft >= 18121.945312|mom_120_sft <= 34.8406,LONG,Ret_96,302,158,1.2802,1.6137
cmo_13_sft >= 19.088308|roc_8_sft <= 0.007914,LONG,Ret_72,215,152,1.2831,1.734
mom_200_sft <= 7.26|force_48_sft >= 4972.991211|mom_55_sft <= Close_sft,LONG,Ret_96,232,124,1.2899,1.314
roc_24_sft >= 1.04|mfi_24_sft >= 68.029807,LONG,Ret_48,222,189,1.3242,1.1724
force_8_sft <= 3517347.45|mfi_24_sft >= 68.029807,LONG,Ret_72,258,181,1.4124,1.1781
cmo_8_sft <= 43.989711|cmo_5_sft >= 54.602844,LONG,Ret_96,259,165,1.314,1.5718
roc_34_sft >= 0.035466|mom_89_sft >= 1.27|force_34_sft >= Close_sft,LONG,Ret_96,291,192,1.2859,1.7247
force_5_sft <= -6.32|force_34_sft >= Close_sft,LONG,Ret_96,327,209,1.2797,1.5628
cmo_144_sft >= -10.321363|rsi_5_sft >= 77.301424,LONG,Ret_96,326,216,1.2875,1.5197
mfi_34_sft >= 65.187675|force_120_sft <= 1342171.725,LONG,Ret_72,204,136,1.2577,1.6488
mom_34_sft >= 17.719999|cmo_8_sft <= Close_sft,LONG,Ret_48,230,318,1.3163,1.1932
force_21_sft >= 980778.65625|mom_144_sft <= 0.22,LONG,Ret_72,216,138,1.308,1.1492
cmo_24_sft <= Close_sft|roc_34_sft >= 1.253321,LONG,Ret_48,241,221,1.2631,1.2579
mfi_24_sft >= 68.029807|cmo_34_sft >= -1.0|mom_34_sft <= Close_sft,LONG,Ret_72,276,196,1.2819,1.3321
rsi_24_sft <= 57.337118|roc_34_sft >= 0.626954,LONG,Ret_96,252,186,1.2807,1.2104
force_34_sft >= Close_sft|roc_89_sft >= 0.092346|cmo_24_sft >= 0.786075,LONG,Ret_96,298,198,1.2566,1.6959
roc_120_sft <= 1.28032|force_120_sft >= 18121.945312,LONG,Ret_96,275,156,1.3529,1.6696
mfi_24_sft >= 68.029807|rsi_200_sft >= 4.54,LONG,Ret_96,244,173,1.2927,1.3375
mom_120_sft <= 2.288|roc_21_sft >= 0.462011,LONG,Ret_96,203,126,1.252,1.1312
force_144_sft >= 4.46|mom_120_sft <= 17.629001,LONG,Ret_96,274,129,1.3466,1.7357
mom_13_sft >= -4.19|mom_34_sft >= 17.719999|cmo_200_sft <= Close_sft,LONG,Ret_48,230,308,1.3166,1.3217
rsi_55_sft >= 41.795971|roc_5_sft <= -0.174879|force_8_sft >= 13648.508789,LONG,Ret_96,211,152,1.3147,1.424
roc_144_sft <= 2.706932|rsi_55_sft >= 41.795971|force_120_sft >= 2.37,LONG,Ret_96,306,181,1.2596,1.5959
mfi_48_sft >= 63.139385|mom_89_sft <= Close_sft,LONG,Ret_48,229,173,1.4068,1.2537
mom_8_sft <= Close_sft|mom_5_sft >= 5.89|mfi_21_sft >= 60.614326,LONG,Ret_96,249,196,1.2603,1.6425
rsi_21_sft >= 57.763334|mfi_24_sft >= 68.029807,LONG,Ret_72,249,179,1.3976,1.4143
mom_24_sft >= 0.409|mom_200_sft <= -4.53,LONG,Ret_96,202,128,1.4003,1.4463
force_200_sft >= Close_sft|roc_55_sft <= Close_sft|mfi_120_sft <= 50.774323,LONG,Ret_72,214,125,1.2645,1.7402
roc_24_sft <= 0.502807|cmo_34_sft >= 12.639574,LONG,Ret_48,310,195,1.259,1.5327
mfi_21_sft >= 50.517838|rsi_21_sft >= 50.411991|rsi_8_sft >= 61.997915,LONG,Ret_96,349,229,1.2823,1.2629
rsi_8_sft <= 61.997915|mom_120_sft <= 17.629001|force_55_sft >= Close_sft,LONG,Ret_72,348,166,1.2964,1.4823
mfi_48_sft >= 63.139385|mfi_120_sft >= 42.367754|roc_34_sft >= -0.541601,LONG,Ret_48,228,173,1.4031,1.2537
mfi_5_sft <= 30.978184|force_13_sft >= -6.51|force_144_sft <= 1231428.475,LONG,Ret_96,274,155,1.3435,1.1912
mom_34_sft >= 8.6175|mfi_89_sft >= 50.597168,LONG,Ret_96,241,190,1.257,1.6599
rsi_5_sft >= 77.301424|roc_55_sft >= -1.483987,LONG,Ret_96,328,211,1.2773,1.4862
mfi_48_sft <= 63.139385|force_24_sft >= Close_sft|mom_13_sft >= -9.4892,LONG,Ret_96,381,239,1.2728,1.433
force_21_sft <= 980778.65625|force_48_sft >= 7.71,LONG,Ret_96,334,201,1.3019,1.4692
roc_21_sft >= -0.877718|mfi_24_sft >= 68.029807,LONG,Ret_96,244,172,1.2927,1.3373
cmo_5_sft <= 1.056262|force_24_sft >= Close_sft,LONG,Ret_96,328,203,1.3127,1.4364
force_89_sft >= -647329.84375|force_34_sft >= Close_sft|roc_89_sft <= 2.150699,LONG,Ret_96,356,215,1.2551,1.5921
mom_144_sft <= 4.74|force_34_sft >= Close_sft|rsi_34_sft >= -4.44,LONG,Ret_96,252,136,1.2527,1.1374
roc_24_sft >= 0.502807|mfi_5_sft >= 86.041183|force_8_sft >= 6.54,LONG,Ret_96,255,184,1.2633,1.4719
roc_5_sft <= -0.174879|force_55_sft >= Close_sft,LONG,Ret_96,270,189,1.2844,1.4761
rsi_8_sft >= 61.997915|force_55_sft >= -765378.0|cmo_89_sft >= -6.362713,LONG,Ret_96,339,225,1.2705,1.3958
cmo_34_sft <= -6.75|force_34_sft >= -882131.46875|rsi_48_sft >= 41.254455,LONG,Ret_96,242,109,1.2763,1.3103
roc_144_sft <= 2.706932|mom_48_sft >= 3.96|force_8_sft <= 13648.508789,LONG,Ret_96,275,182,1.2958,1.5223
mom_55_sft <= 0.65|force_34_sft >= 5934.621094,LONG,Ret_96,284,166,1.3349,1.3712
roc_34_sft >= 1.253321|roc_21_sft <= 3.63,LONG,Ret_48,241,221,1.2694,1.2513
cmo_5_sft >= 54.602844|roc_21_sft >= -0.877718|roc_21_sft >= -8.08,LONG,Ret_96,335,217,1.2526,1.5064
force_21_sft <= 980778.65625|force_55_sft >= Close_sft,LONG,Ret_96,322,196,1.252,1.5346
mom_24_sft >= -3.98|cmo_5_sft >= 54.602844,LONG,Ret_96,331,213,1.2666,1.4032
mfi_120_sft <= 55.01005|force_24_sft >= 9.24,LONG,Ret_96,338,199,1.3435,1.4194
mfi_48_sft >= 63.139385|mom_48_sft <= Close_sft,LONG,Ret_48,229,173,1.4068,1.2537
force_21_sft >= 3.62|mom_48_sft <= -1.58|mom_144_sft <= 36.734401,LONG,Ret_96,282,153,1.3025,1.1738
mfi_200_sft >= 54.207512|mom_24_sft <= Close_sft|cmo_48_sft >= 0.78158,LONG,Ret_72,202,159,1.2557,1.1374
mom_89_sft >= 6.72|mfi_21_sft >= 69.26593,LONG,Ret_72,220,159,1.2849,1.6353
force_34_sft >= 5934.621094|cmo_200_sft <= 0.69991,LONG,Ret_96,202,113,1.3551,1.2123
force_8_sft >= 2.96|mfi_24_sft >= 68.029807,LONG,Ret_96,243,168,1.304,1.3442
mom_34_sft >= 17.719999|force_24_sft >= 945736.46875,LONG,Ret_48,216,283,1.2914,1.2372
force_48_sft >= 4972.991211|mom_200_sft <= 1.45,LONG,Ret_96,204,119,1.3855,1.3246
mfi_120_sft <= 50.774323|rsi_5_sft >= 50.52813,LONG,Ret_96,280,177,1.2933,1.6427
mfi_120_sft <= 50.774323|cmo_8_sft >= -21.287083|cmo_34_sft >= -2.81,LONG,Ret_96,241,161,1.2542,1.5488
mom_34_sft <= 0.497|mfi_120_sft <= 50.774323|mom_24_sft <= 6.988,LONG,Ret_96,285,172,1.2687,1.4932
roc_200_sft <= 0.17|cmo_8_sft >= 0.9255|mom_89_sft <= 29.907,LONG,Ret_96,243,142,1.3129,1.1546
mfi_24_sft >= 68.029807|cmo_55_sft <= 19.077594,LONG,Ret_96,215,145,1.4516,1.1414
cmo_8_sft >= -6.64|mom_144_sft <= 0.37,LONG,Ret_96,268,153,1.2903,1.1875
mom_89_sft <= 15.168|rsi_13_sft >= 67.910724|cmo_21_sft >= -26.221742,LONG,Ret_96,209,107,1.2743,1.1503
cmo_24_sft >= 14.674236|force_120_sft <= 1342171.725|roc_55_sft <= 0.822681,LONG,Ret_96,247,139,1.306,1.671
force_24_sft >= 8057.183594|force_8_sft <= 3517347.45|mom_89_sft >= 1.27,LONG,Ret_96,295,192,1.3564,1.6513
mfi_24_sft >= 68.029807|cmo_48_sft <= 20.35201|rsi_21_sft >= 36.889128,LONG,Ret_96,219,144,1.4888,1.1291
mom_89_sft >= 1.27|cmo_144_sft <= 0.58,LONG,Ret_48,239,137,1.3219,1.3636
cmo_5_sft >= 54.602844|force_48_sft <= 774649.90625|mfi_24_sft <= 59.951464,LONG,Ret_96,219,132,1.4277,1.9122
mom_34_sft >= 17.719999|force_21_sft >= 980778.65625,LONG,Ret_48,216,287,1.2522,1.2244
mfi_24_sft >= 68.029807|cmo_5_sft <= 54.602844|mfi_89_sft <= Close_sft,LONG,Ret_72,257,191,1.3335,1.1607
mom_34_sft >= 17.719999|force_5_sft >= -1178842.5,LONG,Ret_48,227,310,1.3161,1.2245
mom_5_sft >= 9.57|mfi_89_sft >= 6.38,LONG,Ret_72,264,278,1.2821,1.3845
mom_120_sft <= 17.629001|rsi_8_sft >= 50.462749|mfi_144_sft >= 50.847649,LONG,Ret_96,231,119,1.3134,1.7061
rsi_5_sft >= 77.301424|mom_144_sft >= 2.657,LONG,Ret_72,288,200,1.2976,1.4611
mfi_21_sft >= 69.26593|mfi_89_sft >= 50.597168,LONG,Ret_72,256,172,1.3614,1.5409
force_21_sft >= 980778.65625|roc_5_sft <= 0.409222,LONG,Ret_96,315,219,1.2766,1.3397
rsi_120_sft <= 53.517298|mfi_21_sft >= 69.26593,LONG,Ret_72,204,130,1.3637,1.2896
rsi_120_sft >= 50.471382|roc_200_sft <= 1.707907|force_48_sft >= 4972.991211,LONG,Ret_96,229,124,1.252,2.0196
force_34_sft >= Close_sft|mfi_200_sft <= 50.639187,LONG,Ret_96,225,132,1.3575,1.2936
force_24_sft >= 5.62|cmo_5_sft <= 1.056262,LONG,Ret_96,329,203,1.2856,1.4364
roc_120_sft <= 1.28032|rsi_21_sft <= 64.71792|force_120_sft >= 18121.945312,LONG,Ret_96,266,150,1.3346,1.6841
roc_8_sft >= -0.230232|mfi_24_sft >= 68.029807,LONG,Ret_96,244,172,1.2936,1.2975
mfi_55_sft >= 56.83432|roc_13_sft >= 0.339135,LONG,Ret_72,267,195,1.2977,1.4392
roc_200_sft <= 0.267701|force_34_sft >= 5934.621094,LONG,Ret_96,224,130,1.5945,1.2814
mom_21_sft >= -1.51|mom_200_sft <= -0.48,LONG,Ret_96,240,140,1.2518,1.3889
roc_120_sft <= 0.166461|mfi_24_sft >= 59.951464,LONG,Ret_96,205,119,1.3625,1.1174
rsi_8_sft >= 71.994859|mfi_21_sft >= 69.26593,LONG,Ret_96,203,151,1.3907,1.7002
force_120_sft >= -593327.0|cmo_8_sft >= 23.995831,LONG,Ret_96,339,218,1.2599,1.3839
mfi_120_sft <= 55.01005|force_34_sft >= Close_sft,LONG,Ret_96,331,194,1.3553,1.623
roc_34_sft >= 0.626954|cmo_5_sft <= -27.580817,LONG,Ret_48,227,183,1.2693,1.167
force_24_sft >= -2.72|mom_89_sft >= 1.27,LONG,Ret_96,303,202,1.271,1.6888
mom_34_sft >= 17.719999|mfi_120_sft >= -1.52,LONG,Ret_48,230,318,1.3163,1.1932
force_200_sft <= 461822.953125|cmo_24_sft >= 14.674236,LONG,Ret_96,208,130,1.2851,1.3648
rsi_5_sft >= 77.301424|force_24_sft >= 945736.46875,LONG,Ret_96,287,201,1.2966,1.419
mfi_144_sft <= 50.847649|mfi_120_sft >= 50.774323,LONG,Ret_48,232,152,1.2972,2.0614
rsi_89_sft <= 54.02128|mom_144_sft >= 2.89|force_200_sft >= Close_sft,LONG,Ret_96,213,121,1.2765,1.574
cmo_5_sft <= -51.670161|mom_120_sft <= 34.8406|mom_34_sft >= -1.17,LONG,Ret_96,213,104,1.267,1.5582
force_21_sft >= 980778.65625|cmo_21_sft <= Close_sft|mom_55_sft <= 0.65,LONG,Ret_96,221,144,1.2883,1.2861
force_120_sft >= 18121.945312|roc_144_sft <= 2.706932,LONG,Ret_96,301,180,1.3111,1.5639
roc_55_sft <= Close_sft|force_8_sft <= 3517347.45|cmo_8_sft >= 43.989711,LONG,Ret_96,239,123,1.262,1.4607
roc_21_sft >= 0.954321|force_5_sft <= 3922685.65,LONG,Ret_72,250,190,1.2573,1.305
mom_89_sft >= 1.27|roc_89_sft >= 0.092346|mom_120_sft <= 17.629001,LONG,Ret_96,292,155,1.2652,1.9333
mom_89_sft <= 1.27|force_200_sft >= 1.31|force_144_sft >= -9.3,LONG,Ret_48,245,134,1.2738,0.9935
cmo_89_sft <= 8.042563|mom_21_sft >= 6.417|rsi_48_sft <= 55.387239,LONG,Ret_96,255,188,1.2506,1.3966
rsi_5_sft >= 77.301424|force_21_sft <= 2718608.9,LONG,Ret_96,290,163,1.2942,1.6172
force_24_sft >= Close_sft|force_48_sft <= Close_sft|cmo_48_sft >= -8.815736,LONG,Ret_96,208,129,1.3264,1.3722
cmo_34_sft >= 4.16|mom_48_sft <= 2.86,LONG,Ret_96,255,151,1.3135,1.3722
mom_55_sft <= 0.65|force_89_sft >= Close_sft,LONG,Ret_96,231,130,1.4093,0.982
roc_8_sft >= -0.230232|force_89_sft >= 7990.140625|mfi_13_sft >= 50.566456,LONG,Ret_96,319,208,1.2558,1.6482
roc_55_sft >= -1.483987|mom_34_sft >= 17.719999,LONG,Ret_48,228,309,1.3204,1.2276
mfi_48_sft >= 63.139385|roc_21_sft <= Close_sft,LONG,Ret_48,229,173,1.4068,1.2537
force_89_sft >= 7.5|roc_120_sft <= 2.482338,LONG,Ret_96,320,191,1.266,1.5779
mfi_89_sft <= 55.650263|force_89_sft >= Close_sft|cmo_34_sft >= 0.714002,LONG,Ret_96,289,177,1.268,1.532
force_34_sft >= 860495.4375|cmo_144_sft <= 6.532958,LONG,Ret_96,220,145,1.2567,1.1244
force_120_sft >= -593327.0|force_200_sft >= Close_sft|mfi_55_sft <= 50.516251,LONG,Ret_96,210,128,1.3113,1.3045
mom_34_sft >= -9.07|mfi_48_sft >= 63.139385,LONG,Ret_48,228,173,1.4031,1.2583
rsi_5_sft >= 77.301424|force_144_sft <= 532244.5,LONG,Ret_96,257,149,1.3044,1.59
mfi_34_sft >= 58.335773|rsi_21_sft >= 57.763334|mom_55_sft <= 23.58,LONG,Ret_72,291,165,1.2784,1.1998
mom_200_sft <= 2.94|force_21_sft >= -1.65|mom_24_sft <= 6.988,LONG,Ret_96,229,126,1.38,1.1969
mfi_144_sft >= 43.121041|force_55_sft <= 7923.229004|mfi_120_sft <= 50.774323,LONG,Ret_96,267,167,1.2699,1.5562
cmo_13_sft >= 8.64|roc_200_sft <= 0.267701,LONG,Ret_96,229,133,1.2929,0.9606
force_8_sft <= Close_sft|mfi_55_sft >= 56.83432|cmo_55_sft >= -3.54,LONG,Ret_96,206,148,1.3749,1.8706
mfi_21_sft >= 69.26593|roc_89_sft <= 2.150699,LONG,Ret_96,249,153,1.2737,1.6238
cmo_120_sft >= -0.1|roc_13_sft <= 0.339135|mom_55_sft <= 0.65,LONG,Ret_96,206,129,1.2594,1.3944
cmo_21_sft <= Close_sft|mom_34_sft >= 6.65,LONG,Ret_96,323,232,1.3047,1.3601
roc_8_sft <= 0.007914|cmo_24_sft >= 14.674236,LONG,Ret_72,220,153,1.3473,1.4995
roc_13_sft <= 0.339135|cmo_34_sft >= 0.714002,LONG,Ret_96,340,219,1.3389,1.3632
mfi_48_sft >= 63.139385|cmo_13_sft >= -32.527008,LONG,Ret_48,229,173,1.4068,1.2537
mom_55_sft >= 0.65|force_8_sft <= -3582290.35,LONG,Ret_48,236,216,1.2907,1.4539
force_21_sft <= 980778.65625|force_55_sft >= 7923.229004,LONG,Ret_96,322,195,1.2512,1.5383
force_24_sft >= 5.63|rsi_120_sft <= 53.517298|rsi_48_sft <= Close_sft,LONG,Ret_96,322,190,1.25,1.1897
force_89_sft >= -6.62|cmo_89_sft <= 6.49,LONG,Ret_96,285,153,1.2863,1.4072
mom_55_sft <= Close_sft|mfi_48_sft >= 63.139385,LONG,Ret_48,229,173,1.4068,1.2537
roc_120_sft <= Close_sft|roc_34_sft >= 1.253321,LONG,Ret_48,241,221,1.2631,1.2579
force_120_sft >= -593327.0|roc_8_sft >= 0.540557,LONG,Ret_96,270,192,1.2686,1.3099
mfi_24_sft >= 68.029807|force_55_sft >= -765378.0|mom_24_sft >= -3.55,LONG,Ret_72,279,193,1.2793,1.3899
cmo_21_sft >= 9.3|rsi_5_sft >= 65.274124,LONG,Ret_96,338,216,1.2594,1.5308
mfi_48_sft >= 63.139385|cmo_24_sft >= -12.308913|mfi_200_sft >= 46.982355,LONG,Ret_48,220,163,1.3335,1.3264
mfi_120_sft <= 50.774323|mfi_48_sft >= 44.007746,LONG,Ret_96,284,178,1.3908,1.4393
mom_48_sft <= 10.59|mfi_24_sft >= 68.029807|mfi_8_sft >= 50.787197,LONG,Ret_48,220,113,1.2521,0.9392
roc_120_sft <= 1.28032|roc_89_sft >= 0.092346,LONG,Ret_96,287,175,1.2958,1.8085
roc_144_sft >= 0.189912|mfi_120_sft <= 50.774323,LONG,Ret_72,217,144,1.3127,1.6584
roc_21_sft <= 0.462011|mfi_144_sft <= 57.973013|mfi_48_sft >= 50.552082,LONG,Ret_96,326,201,1.2522,1.3474
rsi_8_sft >= 50.462749|mom_5_sft <= -2.4205,LONG,Ret_96,227,196,1.2739,1.5657
mfi_89_sft <= 55.650263|cmo_5_sft >= 54.602844,LONG,Ret_96,280,171,1.3566,1.6996
force_144_sft >= Close_sft|mfi_24_sft >= 68.029807,LONG,Ret_72,238,164,1.3559,1.4539
cmo_34_sft <= -8.42|roc_13_sft <= 0.339135|force_13_sft >= 6.6,LONG,Ret_48,221,118,1.267,1.5063
mom_48_sft <= -4.34|force_34_sft >= -2.23,LONG,Ret_96,230,160,1.2827,1.5731
mom_34_sft >= 17.719999|rsi_13_sft >= 50.449551,LONG,Ret_48,227,309,1.3052,1.315
mom_200_sft <= 24.299999|mom_21_sft >= 6.417,LONG,Ret_96,267,157,1.2501,1.1435
roc_5_sft <= 0.189689|force_34_sft >= -3.7,LONG,Ret_96,361,225,1.2533,1.5816
cmo_120_sft <= 0.942767|force_48_sft <= 2052419.025|force_34_sft >= Close_sft,LONG,Ret_96,214,112,1.275,1.2658
mfi_55_sft >= 50.516251|force_55_sft <= 6.38,LONG,Ret_96,264,176,1.2966,1.3477
mom_8_sft <= 2.7|mfi_13_sft >= 73.754567,LONG,Ret_72,259,146,1.2863,1.2613
force_120_sft >= 18121.945312|mom_144_sft <= 19.870001,LONG,Ret_96,268,130,1.3164,1.3079
mom_34_sft >= 7.3|mfi_13_sft >= 73.754567,LONG,Ret_96,224,177,1.3103,1.3344
force_34_sft >= 860495.4375|roc_55_sft <= 0.822681,LONG,Ret_72,304,212,1.2911,1.5109
mfi_13_sft >= 73.754567|cmo_13_sft <= 35.82144|cmo_21_sft >= 0.823984,LONG,Ret_72,294,208,1.2812,1.1933
mom_55_sft <= 0.65|force_34_sft >= Close_sft,LONG,Ret_96,284,167,1.3368,1.4007
rsi_5_sft >= 77.301424|cmo_24_sft <= 14.674236,LONG,Ret_96,240,141,1.2825,1.5535
roc_200_sft >= 0.77|rsi_13_sft <= 59.544155,LONG,Ret_96,237,157,1.2864,1.4639
mom_48_sft <= 0.569|mfi_24_sft >= 59.951464|mfi_24_sft >= 33.003491,LONG,Ret_96,207,138,1.2625,1.174
force_55_sft >= 7923.229004|cmo_5_sft >= 54.602844,LONG,Ret_96,303,200,1.256,1.4374
roc_8_sft <= Close_sft|mom_34_sft >= 17.719999,LONG,Ret_48,230,318,1.3163,1.1932
cmo_34_sft >= 9.55|cmo_120_sft <= 7.034594,LONG,Ret_96,213,124,1.2675,1.377
force_8_sft >= -3582290.35|mfi_48_sft >= 63.139385,LONG,Ret_48,229,173,1.4003,1.2537
mfi_5_sft >= 50.859138|mfi_8_sft <= 34.892616|force_21_sft >= -1002022.3125,LONG,Ret_72,234,132,1.3644,1.0988
mfi_48_sft >= 63.139385|rsi_55_sft >= 9.42,LONG,Ret_48,229,173,1.4068,1.2537
mfi_34_sft >= 58.335773|roc_21_sft <= Close_sft|mom_144_sft >= 2.657,LONG,Ret_72,288,202,1.2676,1.3453
mom_24_sft <= 6.988|force_13_sft >= 3116180.5,LONG,Ret_72,208,155,1.3194,1.2951
force_34_sft >= 5934.621094|mom_200_sft <= 43.857599|rsi_89_sft >= 43.480112,LONG,Ret_96,351,180,1.2885,1.3335
roc_34_sft >= 1.253321|roc_120_sft >= -2.160297,LONG,Ret_48,233,214,1.2542,1.2188
cmo_89_sft >= -13.039774|roc_34_sft <= Close_sft|mom_34_sft >= 17.719999,LONG,Ret_48,229,318,1.3062,1.1642
force_144_sft <= 532244.5|force_24_sft >= 8057.183594|cmo_8_sft <= 0.9255,LONG,Ret_96,225,132,1.324,1.3445
mfi_89_sft >= 41.208059|force_8_sft >= 1168048.875|force_5_sft <= 1261102.5,LONG,Ret_72,308,218,1.3702,1.4794
roc_48_sft >= 0.040634|mfi_24_sft >= 68.029807|rsi_89_sft >= 43.480112,LONG,Ret_72,254,187,1.3118,1.2771
mfi_34_sft >= 65.187675|cmo_34_sft <= 23.782142,LONG,Ret_72,215,157,1.3622,1.7068
mom_55_sft <= 11.248|roc_48_sft >= 0.772961,LONG,Ret_72,267,133,1.3008,1.7891
mfi_24_sft >= 68.029807|rsi_13_sft <= Close_sft,LONG,Ret_96,244,173,1.2927,1.3375
force_13_sft >= 8.17|rsi_24_sft <= Close_sft|roc_89_sft >= 0.092346,LONG,Ret_96,314,208,1.2525,1.5102
mom_13_sft <= 9.67|roc_24_sft >= 1.034501,LONG,Ret_72,225,159,1.3449,1.1796
mom_34_sft <= Close_sft|roc_34_sft >= 1.253321,LONG,Ret_48,241,221,1.2631,1.2579
roc_8_sft <= 0.007914|rsi_21_sft >= 57.763334|rsi_21_sft >= 50.411991,LONG,Ret_72,225,155,1.3316,1.5487
mom_89_sft >= 1.27|rsi_5_sft >= 77.301424|roc_48_sft <= 0.772961,LONG,Ret_72,236,143,1.3216,2.4318
mom_24_sft >= -13.2322|mfi_48_sft >= 63.139385,LONG,Ret_48,229,172,1.4068,1.2933
rsi_5_sft >= 77.301424|rsi_48_sft <= 60.176003,LONG,Ret_96,305,196,1.2664,1.4628
mfi_24_sft >= 68.029807|rsi_89_sft >= 50.480328,LONG,Ret_96,210,146,1.2776,1.8301
force_89_sft >= 7990.140625|rsi_200_sft <= 52.808514,LONG,Ret_96,264,149,1.2709,1.5341
mfi_48_sft >= 63.139385|mom_5_sft >= -3.57,LONG,Ret_48,227,173,1.4193,1.2607
mfi_55_sft >= 44.411974|mfi_24_sft >= 68.029807,LONG,Ret_96,243,171,1.2663,1.4068
cmo_48_sft <= 7.03|mfi_34_sft >= 58.335773,LONG,Ret_72,255,170,1.2811,1.2059
force_89_sft >= 7990.140625|roc_55_sft <= 1.667344,LONG,Ret_96,327,204,1.2714,1.5132
roc_21_sft <= 5.08|force_144_sft >= Close_sft|mom_55_sft <= 0.65,LONG,Ret_96,211,120,1.2874,1.149
mom_5_sft >= -2.4205|mom_89_sft >= 1.97|force_21_sft >= Close_sft,LONG,Ret_96,298,201,1.3089,1.6283
roc_24_sft >= -0.448428|force_8_sft >= 3517347.45|mom_8_sft <= 7.757,LONG,Ret_96,254,160,1.3048,1.2848
cmo_144_sft >= -8.15|cmo_120_sft <= 7.74|cmo_21_sft >= 15.52667,LONG,Ret_96,227,139,1.2535,1.4038
mom_120_sft <= -13.59|mfi_55_sft >= 44.411974,LONG,Ret_72,208,156,1.3053,1.0246
force_13_sft <= 0.05|mom_48_sft >= 0.569|rsi_34_sft <= 50.357002,LONG,Ret_96,257,166,1.3002,1.2211
rsi_5_sft >= 77.301424|force_34_sft >= -1.7,LONG,Ret_96,318,206,1.318,1.4403
mfi_24_sft >= 68.029807|force_8_sft <= 3517347.45,LONG,Ret_72,258,181,1.4124,1.1781
mfi_120_sft <= Close_sft|roc_34_sft >= 1.253321,LONG,Ret_48,241,221,1.2631,1.2579
force_144_sft >= Close_sft|mom_120_sft <= 17.629001,LONG,Ret_96,274,129,1.3401,1.7357
mom_48_sft >= -8.8005|mom_8_sft <= Close_sft|force_13_sft >= 3116180.5,LONG,Ret_96,258,201,1.2649,1.3807
mfi_21_sft >= 69.26593|force_21_sft >= 980778.65625,LONG,Ret_96,224,166,1.2741,1.5367
mfi_89_sft <= 55.650263|force_34_sft >= 860495.4375,LONG,Ret_96,253,171,1.2962,1.577
force_89_sft >= 628137.0625|mom_55_sft <= 11.248,LONG,Ret_72,206,129,1.3944,1.171
cmo_55_sft >= -16.40806|mfi_24_sft >= 68.029807,LONG,Ret_96,243,173,1.2858,1.337
force_24_sft <= -965932.75|mom_5_sft <= -2.4205|mfi_48_sft >= 50.552082,LONG,Ret_96,204,160,1.2703,1.1826
force_8_sft >= 3517347.45|mom_21_sft <= Close_sft|mom_200_sft <= 24.299999,LONG,Ret_96,233,135,1.3144,1.249
mom_34_sft <= 8.6175|cmo_8_sft >= 43.989711,LONG,Ret_96,244,105,1.2648,1.9093
mom_120_sft <= 34.8406|force_120_sft >= 18121.945312,LONG,Ret_96,302,158,1.2802,1.6137
force_5_sft <= 2.38|force_48_sft >= Close_sft|cmo_21_sft >= -3.86,LONG,Ret_96,310,200,1.2845,1.5577
mom_55_sft >= 3.47|mfi_24_sft >= 68.029807,LONG,Ret_72,231,174,1.334,1.372
force_48_sft >= 7.27|roc_21_sft <= 0.954321,LONG,Ret_96,361,229,1.2542,1.6482
rsi_24_sft >= 50.393036|mom_48_sft <= -0.94,LONG,Ret_96,268,180,1.2517,1.2512
force_5_sft >= -1178842.5|mfi_5_sft <= 71.135685|mom_48_sft >= 9.68,LONG,Ret_72,312,251,1.254,1.5
cmo_34_sft >= -10.465685|cmo_34_sft <= Close_sft|mfi_120_sft <= 50.774323,LONG,Ret_96,279,177,1.349,1.5212
mom_55_sft >= 0.65|mfi_200_sft >= 54.207512,LONG,Ret_72,202,155,1.2771,1.2179
roc_120_sft <= 2.482338|mfi_55_sft >= 56.83432,LONG,Ret_72,278,193,1.3179,1.3211
mfi_120_sft <= 50.774323|force_120_sft >= -593327.0,LONG,Ret_96,269,154,1.2865,1.6361
mom_34_sft >= 1.0|roc_48_sft <= 0.040634|force_8_sft >= Close_sft,LONG,Ret_96,264,166,1.287,1.28
cmo_24_sft <= 27.712602|mfi_13_sft >= 73.754567|force_21_sft >= 980778.65625,LONG,Ret_72,237,175,1.3069,1.1292
mom_5_sft <= 0.071|mfi_55_sft >= 56.83432,LONG,Ret_96,231,170,1.2605,1.7929
roc_21_sft <= Close_sft|mom_34_sft >= 6.96,LONG,Ret_96,320,231,1.2677,1.3814
mfi_89_sft <= 59.931632|mfi_48_sft >= 57.227482|cmo_200_sft >= 0.69991,LONG,Ret_72,242,172,1.2774,1.335
mom_89_sft <= 1.27|force_120_sft >= -0.14,LONG,Ret_96,206,108,1.2843,1.257
force_24_sft >= Close_sft|roc_200_sft <= 1.707907,LONG,Ret_96,321,182,1.2687,1.2365
mom_89_sft >= 0.65|mfi_55_sft >= 56.83432,LONG,Ret_72,281,198,1.3095,1.485
force_34_sft >= Close_sft|mom_89_sft <= 29.907,LONG,Ret_96,365,205,1.2709,1.3709
mfi_48_sft >= 63.139385|mfi_200_sft <= Close_sft,LONG,Ret_48,229,173,1.4068,1.2537
mfi_13_sft >= 73.754567|mfi_5_sft <= 71.135685,LONG,Ret_72,291,200,1.4432,1.2482
mfi_55_sft >= -7.43|mfi_8_sft <= 66.559189|force_8_sft >= 3517347.45,LONG,Ret_96,232,189,1.2743,1.2598
mom_200_sft <= 24.299999|mfi_24_sft >= 59.951464,LONG,Ret_96,271,137,1.2611,1.0986
mfi_144_sft <= 50.847649|force_34_sft >= Close_sft,LONG,Ret_96,232,141,1.3256,1.4916
roc_89_sft >= 0.092346|force_8_sft <= 3517347.45|force_89_sft >= 7990.140625,LONG,Ret_96,281,187,1.2756,1.5091
force_89_sft >= -1739481.125|mom_34_sft >= -7.372|mfi_200_sft >= 54.207512,LONG,Ret_72,212,160,1.3024,1.1335
mfi_120_sft <= 50.774323|roc_89_sft >= 0.22,LONG,Ret_72,228,144,1.4162,1.746
force_120_sft <= 1342171.725|mfi_89_sft >= 50.597168,LONG,Ret_96,315,196,1.2653,1.5786
mfi_24_sft >= 68.029807|cmo_120_sft <= 8.91,LONG,Ret_72,213,134,1.3331,1.1567
rsi_120_sft >= 9.89|roc_34_sft >= 1.253321,LONG,Ret_48,241,221,1.2631,1.2579
mfi_24_sft >= 68.029807|mfi_13_sft >= 38.218019,LONG,Ret_96,244,173,1.2927,1.3147
force_89_sft <= 1550081.0|rsi_89_sft >= 6.01|mfi_89_sft >= 50.597168,LONG,Ret_96,316,201,1.2848,1.5234
cmo_21_sft >= 8.69|cmo_55_sft <= Close_sft,LONG,Ret_96,348,224,1.2596,1.3818
mfi_24_sft >= 68.029807|roc_48_sft <= 1.69,LONG,Ret_72,263,179,1.2853,1.4231
mom_144_sft >= 2.657|mfi_24_sft >= 68.029807,LONG,Ret_72,214,152,1.2881,1.5669
roc_21_sft >= -9.21|mfi_48_sft >= 63.139385,LONG,Ret_48,229,173,1.4068,1.2537
force_34_sft >= Close_sft|rsi_200_sft >= 45.619888,LONG,Ret_96,366,239,1.2525,1.4497
mfi_34_sft >= 65.187675|mom_120_sft <= 34.8406,LONG,Ret_72,216,115,1.3951,1.542
roc_144_sft >= 0.189912|mom_13_sft <= 10.2784|force_89_sft >= -9.64,LONG,Ret_96,262,162,1.2581,1.5912
rsi_8_sft >= 71.994859|roc_34_sft <= 0.626954,LONG,Ret_96,245,139,1.3439,1.3534
cmo_34_sft <= Close_sft|mom_34_sft >= 17.719999,LONG,Ret_48,230,318,1.3163,1.1932
force_48_sft >= 774649.90625|mfi_55_sft >= 56.83432,LONG,Ret_72,231,187,1.4024,1.423
force_5_sft <= -3968618.75|mom_55_sft >= 0.65,LONG,Ret_72,245,200,1.3124,1.4352
force_34_sft >= -882131.46875|mom_55_sft <= -8.1|mom_8_sft <= 3.486,LONG,Ret_96,243,142,1.2547,1.4606
mom_5_sft <= Close_sft|roc_34_sft >= 0.626954|rsi_34_sft <= 56.319788,LONG,Ret_96,249,176,1.3386,1.02
roc_48_sft <= 1.544718|cmo_13_sft >= -16.753895|mfi_34_sft >= 65.187675,LONG,Ret_72,214,156,1.3961,1.5003
mom_120_sft <= 34.8406|mom_55_sft >= 9.31|roc_13_sft <= 0.719682,LONG,Ret_72,291,193,1.3313,1.4688
mom_55_sft >= 11.248|roc_144_sft <= 1.420344,LONG,Ret_72,222,178,1.2566,1.3043
mom_21_sft <= 1.38|roc_34_sft >= 0.626954,LONG,Ret_96,216,149,1.2576,1.2286
rsi_5_sft >= 77.301424|cmo_24_sft >= 0.786075,LONG,Ret_96,324,211,1.2566,1.5102
mfi_200_sft <= 46.982355|cmo_8_sft >= 0.9255,LONG,Ret_48,247,138,1.2722,0.9642
force_55_sft >= -6.13|roc_5_sft <= -0.174879|cmo_89_sft <= Close_sft,LONG,Ret_96,271,189,1.2849,1.4761
roc_200_sft <= 1.707907|force_34_sft >= 5934.621094|rsi_24_sft <= 57.337118,LONG,Ret_96,298,166,1.2771,1.3557
force_89_sft >= 7990.140625|force_200_sft <= 461822.953125,LONG,Ret_96,273,157,1.3086,1.4077
mom_89_sft <= 29.907|roc_34_sft >= 0.626954,LONG,Ret_96,291,178,1.2724,1.2569
mom_24_sft >= -13.2322|roc_34_sft >= 1.253321,LONG,Ret_48,241,219,1.2722,1.3763
force_89_sft >= 7990.140625|mom_55_sft <= 4.03,LONG,Ret_96,257,147,1.3869,1.0731
roc_144_sft <= 7.76|mom_21_sft <= 6.417|force_34_sft >= 5934.621094,LONG,Ret_96,359,207,1.3616,1.6428
force_5_sft <= 8.9|force_55_sft >= Close_sft,LONG,Ret_96,307,200,1.2724,1.5791
rsi_89_sft >= -7.63|mom_34_sft >= 17.719999,LONG,Ret_48,230,318,1.3163,1.1932
mfi_8_sft >= 66.559189|roc_144_sft <= 0.189912,LONG,Ret_96,251,147,1.2804,1.1254
roc_34_sft >= -5.58|force_34_sft >= 860495.4375|mom_120_sft <= 34.8406,LONG,Ret_96,274,161,1.2571,1.4276
cmo_5_sft >= 54.602844|force_48_sft >= -798731.84375,LONG,Ret_96,326,212,1.3536,1.262
cmo_24_sft >= -24.587959|roc_34_sft >= 1.253321,LONG,Ret_48,241,221,1.2631,1.2579
mfi_24_sft >= 68.029807|mom_13_sft >= 0.217,LONG,Ret_96,237,170,1.3211,1.3027
mom_34_sft >= 6.26|roc_120_sft <= 2.482338,LONG,Ret_96,306,208,1.3498,1.4382
mom_200_sft >= 9.39|force_13_sft <= 1072989.0,LONG,Ret_96,245,179,1.2575,1.3002
cmo_200_sft <= 2.6|force_89_sft >= -7.08,LONG,Ret_96,211,110,1.268,1.4491
mfi_120_sft <= 55.01005|force_8_sft <= 3517347.45|mfi_21_sft >= 50.517838,LONG,Ret_96,331,198,1.2617,1.313
mfi_21_sft >= 69.26593|force_120_sft >= 18121.945312|mom_21_sft >= 7.53,LONG,Ret_48,277,206,1.254,1.0736
rsi_24_sft >= 57.337118|roc_8_sft <= 0.007914,LONG,Ret_72,220,153,1.3473,1.4995
cmo_48_sft <= 10.774477|force_144_sft >= 1.24|force_24_sft >= 945736.46875,LONG,Ret_72,227,137,1.3952,1.0816
cmo_34_sft >= 12.639574|roc_8_sft <= 0.007914,LONG,Ret_72,207,151,1.279,1.373
cmo_5_sft >= 54.602844|roc_5_sft >= 0.189689,LONG,Ret_96,329,217,1.2643,1.463
mom_5_sft >= 9.62,LONG,Ret_72,262,278,1.2895,1.3665
mom_24_sft >= 3.38|cmo_5_sft >= 54.602844|roc_13_sft <= 0.719682,LONG,Ret_96,272,167,1.4379,1.8882
roc_55_sft >= -1.483987|mfi_48_sft >= 63.139385,LONG,Ret_48,229,173,1.4013,1.2477
mfi_8_sft <= Close_sft|mfi_48_sft >= 63.139385,LONG,Ret_48,229,173,1.4068,1.2537
mfi_24_sft >= 68.029807|rsi_120_sft >= 50.471382,LONG,Ret_96,203,143,1.2791,1.8956
mfi_48_sft >= 63.139385|mom_48_sft >= -2.58,LONG,Ret_48,228,173,1.405,1.2477
force_48_sft >= -798731.84375|mom_89_sft <= 1.27|mom_5_sft <= -3.18,LONG,Ret_96,228,144,1.2817,1.424
roc_21_sft >= -0.877718|mom_34_sft >= 17.719999,LONG,Ret_48,230,318,1.3163,1.1895
cmo_5_sft <= 6.81|mfi_200_sft <= 54.207512|mfi_89_sft >= 50.597168,LONG,Ret_96,246,159,1.318,1.6234
mom_34_sft >= 17.719999|mom_13_sft >= -9.4892,LONG,Ret_48,230,311,1.3163,1.2979
mfi_48_sft >= 63.139385|roc_48_sft <= Close_sft,LONG,Ret_48,229,173,1.4068,1.2537
mfi_200_sft <= Close_sft|force_120_sft >= 18121.945312|roc_55_sft <= 0.06,LONG,Ret_96,210,125,1.3925,0.997
roc_5_sft <= 0.409222|mfi_48_sft >= 63.139385,LONG,Ret_48,217,163,1.3417,1.121
force_120_sft >= Close_sft|mom_144_sft <= 19.870001,LONG,Ret_96,271,130,1.2987,1.3769
roc_5_sft <= 0.409222|rsi_24_sft >= 57.337118,LONG,Ret_72,343,230,1.2642,1.3615
mom_34_sft >= 17.719999|force_13_sft >= -3159099.6,LONG,Ret_48,230,312,1.3053,1.2823
roc_144_sft >= -7.65|mfi_24_sft >= 68.029807,LONG,Ret_96,243,172,1.291,1.3448
mfi_48_sft >= 63.139385|cmo_13_sft >= -2.58,LONG,Ret_48,226,172,1.3862,1.291
roc_120_sft >= -2.160297|mfi_89_sft >= 50.597168|roc_144_sft <= 2.706932,LONG,Ret_96,301,197,1.2631,1.6772
force_5_sft <= 3922685.65|rsi_8_sft >= 71.994859|mfi_24_sft >= -2.09,LONG,Ret_96,246,138,1.3349,1.3598
force_21_sft >= 9212.429688|mom_5_sft >= -2.4205|mfi_200_sft >= 54.207512,LONG,Ret_72,207,155,1.2887,1.2699
roc_13_sft <= 0.719682|force_8_sft >= 3517347.45,LONG,Ret_96,272,201,1.2875,1.4705
mfi_13_sft >= 73.754567|mfi_89_sft <= 59.931632|mom_144_sft <= 36.734401,LONG,Ret_72,312,168,1.2784,1.3583
roc_120_sft <= 0.166461|force_8_sft >= Close_sft|force_34_sft >= 4.6,LONG,Ret_96,239,140,1.2704,1.3724
force_13_sft <= Close_sft|roc_8_sft <= -0.230232|force_48_sft >= Close_sft,LONG,Ret_96,221,150,1.2674,1.4001
force_120_sft >= 18121.945312|mfi_24_sft >= 68.029807,LONG,Ret_72,242,169,1.3585,1.4015
force_13_sft >= 3116180.5|roc_48_sft >= 0.040634,LONG,Ret_96,234,194,1.2556,1.3343
mfi_200_sft >= 54.207512|force_144_sft >= -555866.96875,LONG,Ret_72,214,156,1.3019,1.1453
rsi_5_sft >= 77.301424|force_24_sft >= -4.72,LONG,Ret_96,328,212,1.3183,1.4251
force_200_sft <= 461822.953125|force_89_sft >= Close_sft,LONG,Ret_96,281,157,1.2717,1.4115
mom_21_sft >= 0.33|force_34_sft >= 4.5|rsi_5_sft <= 50.52813,LONG,Ret_72,371,239,1.2565,1.2973
mom_34_sft >= 5.52|mom_89_sft <= 15.168,LONG,Ret_96,288,180,1.3291,1.3706
mfi_5_sft >= 86.041183|rsi_8_sft >= 71.994859,LONG,Ret_96,258,180,1.2511,1.409
roc_120_sft <= 0.12|mom_89_sft >= 1.27|cmo_144_sft >= -10.321363,LONG,Ret_72,241,137,1.3045,1.3677
mfi_120_sft <= 55.01005|force_21_sft >= Close_sft,LONG,Ret_96,341,203,1.2672,1.3872
mom_5_sft <= Close_sft|cmo_21_sft >= 8.91,LONG,Ret_96,346,224,1.2804,1.3687
mom_13_sft >= -4.83|roc_34_sft >= -1.148594|mfi_48_sft >= 63.139385,LONG,Ret_48,228,173,1.4156,1.2544
cmo_120_sft <= 6.52|rsi_48_sft <= Close_sft|cmo_5_sft >= 54.602844,LONG,Ret_96,251,147,1.3357,1.3483
mfi_24_sft >= 68.029807|mfi_120_sft >= 9.21|rsi_48_sft >= 4.29,LONG,Ret_96,244,173,1.2927,1.3375
force_8_sft >= 3517347.45|mom_48_sft >= 0.569,LONG,Ret_96,252,199,1.2611,1.4109
rsi_120_sft <= Close_sft|roc_34_sft >= 1.253321,LONG,Ret_48,241,221,1.2631,1.2579
mfi_24_sft >= 68.029807|cmo_24_sft >= 0.786075,LONG,Ret_96,241,168,1.2522,1.4081
rsi_8_sft <= 61.997915|mom_34_sft >= 6.17,LONG,Ret_96,302,227,1.3237,1.2227
mfi_21_sft >= 31.999155|mfi_48_sft >= 63.139385,LONG,Ret_48,229,173,1.4068,1.2537
force_55_sft >= -8.28|roc_13_sft >= 0.015546|mom_5_sft <= -2.4205,LONG,Ret_96,240,177,1.3915,1.7744
mfi_8_sft >= 22.081969|force_200_sft <= 461822.953125|cmo_34_sft >= 12.639574,LONG,Ret_48,257,151,1.2724,1.4574
roc_13_sft <= 0.339135|roc_200_sft <= 3.168674|mom_21_sft >= 6.417,LONG,Ret_96,276,197,1.3077,1.3464
force_21_sft >= 980778.65625|mom_24_sft >= 6.988,LONG,Ret_96,283,215,1.2743,1.2096
mfi_34_sft >= 65.187675|mom_24_sft <= 14.8274,LONG,Ret_72,212,122,1.5278,2.0039
cmo_48_sft >= 7.03|force_200_sft <= 461822.953125,LONG,Ret_96,216,127,1.3319,1.6741
roc_8_sft <= -0.230232|force_8_sft >= 8.7,LONG,Ret_72,231,175,1.4405,1.0559
rsi_24_sft >= 57.337118|mom_55_sft <= 9.4,LONG,Ret_96,251,129,1.2854,1.9398
cmo_8_sft >= 6.9|mfi_48_sft >= 63.139385,LONG,Ret_48,221,172,1.3907,1.2762
mfi_24_sft >= 68.029807|mfi_89_sft >= 45.558933,LONG,Ret_72,276,190,1.2592,1.2086
force_55_sft >= -7.91|force_5_sft <= 9.91,LONG,Ret_96,307,200,1.2693,1.5786
roc_8_sft <= 0.540557|force_200_sft >= -8.01,LONG,Ret_96,289,187,1.2598,1.3397
force_89_sft >= Close_sft|mfi_200_sft >= 54.207512,LONG,Ret_72,200,152,1.4449,1.1496
force_55_sft >= 7923.229004|mfi_55_sft >= 56.83432,LONG,Ret_72,302,208,1.259,1.4176
cmo_21_sft <= 29.435844|mfi_34_sft >= 65.187675,LONG,Ret_72,212,165,1.3988,1.4799
mfi_48_sft >= 63.139385|rsi_55_sft >= 45.890608,LONG,Ret_48,229,173,1.4058,1.2537
mfi_13_sft <= 38.218019|force_89_sft >= -647329.84375|rsi_21_sft <= 43.427792,LONG,Ret_96,208,96,1.4182,1.2958
mom_13_sft >= -9.77|mom_21_sft >= -12.3684|mfi_48_sft >= 63.139385,LONG,Ret_48,229,172,1.4068,1.2933
mfi_13_sft >= 50.566456|cmo_144_sft <= 6.6|force_24_sft >= 8057.183594,LONG,Ret_96,311,179,1.2588,1.0298
mfi_24_sft >= 4.31|mfi_24_sft >= 68.029807,LONG,Ret_96,244,173,1.2927,1.3375
mom_34_sft >= 17.719999|roc_5_sft >= -8.9,LONG,Ret_48,230,318,1.3163,1.1932
rsi_8_sft >= 71.994859|mfi_48_sft >= 57.227482,LONG,Ret_96,208,152,1.2672,1.4511
force_21_sft >= 8.22|rsi_200_sft >= 45.619888|roc_55_sft <= 0.047226,LONG,Ret_96,282,181,1.3335,1.3005
mom_144_sft <= Close_sft|mom_55_sft <= 0.65|force_48_sft >= 1.02,LONG,Ret_96,266,157,1.3338,1.3782
force_5_sft <= -3968618.75|mfi_5_sft >= 30.978184|mfi_5_sft <= 86.041183,LONG,Ret_96,268,202,1.2611,1.4756
roc_34_sft <= 0.626954|mfi_120_sft <= 50.774323|cmo_13_sft >= -9.28,LONG,Ret_96,271,164,1.2876,1.5845
force_89_sft >= 628137.0625|mom_120_sft <= 17.629001,LONG,Ret_72,199,112,1.4,1.4116
mom_200_sft >= -39.087601|rsi_5_sft >= 77.301424,LONG,Ret_96,316,196,1.3096,1.6012
roc_200_sft <= 9.76|mfi_24_sft >= 68.029807,LONG,Ret_96,244,172,1.2927,1.428
cmo_55_sft >= 7.83|mom_144_sft <= 19.870001|cmo_200_sft <= Close_sft,LONG,Ret_96,209,97,1.2629,1.3467
rsi_21_sft <= 57.763334|force_21_sft >= Close_sft|cmo_5_sft <= 1.056262,LONG,Ret_96,308,192,1.3074,1.4496
roc_144_sft <= 0.189912|roc_13_sft >= 0.015546|mfi_13_sft <= 50.566456,LONG,Ret_96,223,130,1.257,1.1692
force_48_sft >= Close_sft|mom_89_sft >= 1.27,LONG,Ret_96,296,201,1.2886,1.7277
mfi_48_sft >= 57.227482|mfi_144_sft <= 57.973013,LONG,Ret_96,242,162,1.3003,1.8976
force_5_sft <= -3968618.75|mom_200_sft >= -7.89,LONG,Ret_96,233,167,1.2714,1.4897
roc_5_sft >= 0.409222|mfi_21_sft >= 60.614326,LONG,Ret_96,258,187,1.3131,1.4931
mfi_144_sft <= 57.973013|mfi_55_sft >= 56.83432|rsi_21_sft >= 43.427792,LONG,Ret_72,291,199,1.2502,1.4057
force_55_sft >= -765378.0|mfi_48_sft >= 63.139385,LONG,Ret_48,229,172,1.4068,1.294
cmo_48_sft <= 20.35201|rsi_5_sft >= 77.301424,LONG,Ret_96,305,196,1.2664,1.4628
cmo_5_sft <= -0.69|mfi_55_sft >= 56.83432|roc_200_sft <= 3.168674,LONG,Ret_72,235,162,1.2588,1.3442
force_13_sft >= 3116180.5|mom_48_sft >= 0.569,LONG,Ret_96,234,194,1.2556,1.3663
rsi_5_sft >= 50.52813|roc_55_sft <= -0.03|cmo_5_sft >= 54.602844,LONG,Ret_96,201,117,1.4379,1.7953
cmo_200_sft <= 3.13|mfi_34_sft >= 50.579842,LONG,Ret_96,262,158,1.3146,1.1768
roc_48_sft <= 0.040634|rsi_13_sft >= 59.544155,LONG,Ret_96,219,135,1.342,1.6582
force_8_sft <= Close_sft|force_24_sft >= Close_sft|roc_89_sft <= 1.086906,LONG,Ret_72,309,172,1.2919,1.2961
mom_55_sft <= 6.41|rsi_21_sft >= 57.763334,LONG,Ret_96,244,130,1.2951,1.3337
force_34_sft >= Close_sft|roc_200_sft <= 1.707907,LONG,Ret_96,309,177,1.3432,1.3985
cmo_144_sft >= -10.321363|mom_34_sft >= 17.719999,LONG,Ret_48,229,318,1.3062,1.1627
mfi_48_sft >= 63.139385|mfi_8_sft <= Close_sft,LONG,Ret_48,229,173,1.4068,1.2537
force_34_sft >= Close_sft|mfi_48_sft >= 63.139385|rsi_13_sft >= 50.449551,LONG,Ret_48,223,172,1.3819,1.2387
rsi_24_sft >= 43.845545|rsi_5_sft >= 77.301424,LONG,Ret_96,334,217,1.2769,1.4659
cmo_5_sft >= 54.602844|cmo_34_sft >= -7.24,LONG,Ret_96,328,214,1.2635,1.5286
force_55_sft >= 739821.46875|cmo_55_sft <= 10.116759,LONG,Ret_72,212,162,1.3187,1.3577
mfi_24_sft >= 68.029807,LONG,Ret_96,244,173,1.2927,1.3375
force_89_sft >= Close_sft|mom_89_sft >= 1.27,LONG,Ret_96,291,197,1.323,1.741
force_34_sft >= Close_sft|mom_120_sft <= 17.629001|cmo_5_sft <= 30.548246,LONG,Ret_96,301,152,1.2752,1.5522
mom_200_sft <= 7.92|cmo_55_sft >= 0.841261,LONG,Ret_96,209,123,1.3343,1.2778
mom_13_sft <= -0.12|mom_34_sft >= 8.6175,LONG,Ret_96,222,196,1.2564,1.3642
rsi_24_sft >= 43.845545|roc_34_sft >= 1.253321,LONG,Ret_48,241,221,1.2722,1.2579
rsi_48_sft >= 45.592133|mfi_21_sft >= 69.26593|rsi_21_sft >= 57.763334,LONG,Ret_72,265,188,1.268,1.3817
mfi_34_sft >= 65.187675|rsi_24_sft <= 63.8563,LONG,Ret_72,211,161,1.4369,1.5938
mfi_144_sft <= 57.973013|mfi_24_sft >= 68.029807,LONG,Ret_96,214,149,1.4992,1.3877
roc_200_sft <= 0.267701|rsi_24_sft >= 50.393036,LONG,Ret_96,228,136,1.2966,1.1345
mom_144_sft <= 19.870001|mfi_24_sft >= 59.951464,LONG,Ret_96,272,135,1.2597,0.9099
roc_89_sft >= 0.092346|rsi_24_sft >= 57.337118|roc_200_sft <= 3.168674,LONG,Ret_96,244,143,1.2631,2.0145
mfi_89_sft <= 50.597168|mfi_21_sft >= 60.614326|cmo_21_sft <= 15.52667,LONG,Ret_96,201,117,1.291,1.2409
force_55_sft >= 7923.229004|mom_89_sft <= 29.907,LONG,Ret_96,347,193,1.2589,1.7182
force_48_sft >= -8.25|force_5_sft <= Close_sft,LONG,Ret_96,316,201,1.3481,1.5739
mfi_200_sft >= 54.207512|force_144_sft >= -7.51,LONG,Ret_72,203,153,1.4049,1.1419
mom_89_sft >= 1.27|force_13_sft >= 19496.171875,LONG,Ret_96,313,211,1.2518,1.5169
roc_48_sft >= -0.651132|cmo_34_sft <= -10.465685,LONG,Ret_96,241,138,1.2939,1.4964
rsi_48_sft >= 41.254455|mfi_24_sft >= 68.029807,LONG,Ret_96,244,173,1.2927,1.3375
cmo_89_sft <= 4.72|mom_24_sft >= 6.988,LONG,Ret_96,211,157,1.2651,1.0295
mom_55_sft >= -9.552|rsi_5_sft >= 77.301424|cmo_55_sft >= 0.841261,LONG,Ret_96,287,193,1.2679,1.5426
mfi_120_sft <= 55.01005|mom_24_sft >= 0.409,LONG,Ret_96,340,212,1.2993,1.4409
roc_34_sft >= 1.253321,LONG,Ret_48,241,221,1.2631,1.2579
mom_34_sft >= 17.719999|cmo_89_sft <= Close_sft,LONG,Ret_48,230,318,1.3163,1.1932
roc_13_sft <= 0.339135|mfi_89_sft >= 50.597168|force_24_sft >= 4.53,LONG,Ret_96,283,182,1.2948,1.5714
force_89_sft >= 8.26|roc_89_sft >= 0.092346,LONG,Ret_96,291,197,1.331,1.7154
roc_120_sft <= 2.482338|rsi_13_sft >= 33.736496|mfi_48_sft >= 57.227482,LONG,Ret_72,295,198,1.2831,1.3918
force_89_sft >= -647329.84375|mfi_200_sft >= 54.207512,LONG,Ret_72,215,160,1.3,1.1153
mfi_55_sft >= 56.83432|mfi_120_sft <= 58.642133,LONG,Ret_72,283,197,1.3107,1.2648
mom_144_sft <= -1.29|force_34_sft >= -2342065.75,LONG,Ret_96,283,154,1.2601,1.1197
force_24_sft >= 8057.183594|rsi_5_sft <= 50.52813,LONG,Ret_96,327,203,1.2916,1.4364
mfi_48_sft >= 63.139385|roc_24_sft <= Close_sft,LONG,Ret_48,229,173,1.4068,1.2537
cmo_34_sft >= 0.714002|force_55_sft <= Close_sft,LONG,Ret_96,215,151,1.2859,1.2038
force_55_sft <= 1932598.225|cmo_8_sft >= 43.989711,LONG,Ret_96,269,151,1.2712,1.6302
roc_48_sft >= -1.387169|force_13_sft >= 2.16|cmo_48_sft <= -2.81,LONG,Ret_96,222,117,1.3006,1.0386
roc_34_sft >= 1.253321|rsi_200_sft <= Close_sft,LONG,Ret_48,241,221,1.2631,1.2579
cmo_144_sft <= 6.532958|mfi_34_sft >= 58.335773,LONG,Ret_72,288,178,1.2987,1.1368
mom_200_sft <= 43.857599|force_34_sft >= 5934.621094,LONG,Ret_96,357,182,1.2521,1.3476
force_120_sft >= 18121.945312|mom_120_sft <= 17.629001,LONG,Ret_96,280,136,1.4101,1.7592
cmo_48_sft <= Close_sft|roc_34_sft >= 0.626954|mom_34_sft >= 17.719999,LONG,Ret_48,230,313,1.3163,1.2174
rsi_5_sft >= -6.15|mom_34_sft >= 8.6175|roc_34_sft >= 1.253321,LONG,Ret_48,241,221,1.2631,1.2579
cmo_200_sft >= -5.74|rsi_8_sft >= 61.997915,LONG,Ret_96,333,231,1.3013,1.4385
mom_34_sft >= 17.719999|mfi_8_sft >= 9.12,LONG,Ret_48,230,318,1.3163,1.1932
mfi_48_sft >= 57.227482|roc_8_sft >= -6.25|mfi_120_sft <= 58.642133,LONG,Ret_72,294,198,1.3252,1.372
cmo_13_sft >= 19.088308|mfi_5_sft >= 71.135685|mom_55_sft <= 0.65,LONG,Ret_96,205,121,1.3087,1.5491
mfi_48_sft >= 63.139385,LONG,Ret_48,229,173,1.4068,1.2537
roc_8_sft >= 0.251397|force_8_sft <= 13648.508789|mfi_21_sft >= 1.39,LONG,Ret_96,209,163,1.2627,1.166
rsi_5_sft >= 77.301424|cmo_120_sft <= 7.034594,LONG,Ret_96,254,151,1.3766,1.3857
mom_34_sft >= 17.719999,LONG,Ret_48,230,318,1.3163,1.1932
force_34_sft >= 3.95|mfi_24_sft >= 68.029807,LONG,Ret_72,276,195,1.2737,1.3398
mfi_48_sft >= 57.227482|cmo_120_sft <= 7.034594,LONG,Ret_96,203,135,1.2667,1.4691
rsi_5_sft >= 77.301424|mfi_48_sft >= 38.163783,LONG,Ret_96,331,213,1.258,1.5327
ema_48_sft <= 1820.151318|efficiency_120_sft <= 0.090539,LONG,Ret_96,313,32,1.3138,1.5205
macdh_200_sft <= 0.346711|plus_di_8_sft >= 26.529333|plus_di_8_sft >= 33.824101,LONG,Ret_96,277,165,1.407,1.6177
efficiency_89_sft <= 0.178958|plus_di_48_sft >= 20.502817,LONG,Ret_96,325,214,1.3459,1.4764
linreg_5_sft >= 0.57255|plus_di_34_sft <= ema_21_sft|slope_144_sft >= -0.04814,LONG,Ret_96,378,254,1.2533,1.426
aroon_5_sft <= -6.26|efficiency_120_sft <= 0.090539,LONG,Ret_96,328,204,1.2697,1.4228
slope_144_sft >= -0.04814|linreg_5_sft >= 0.57255,LONG,Ret_96,378,254,1.2533,1.426
plus_di_13_sft <= 31.343732|plus_di_21_sft >= 20.270658|slope_89_sft <= 0.034779,LONG,Ret_96,341,203,1.307,1.5888
ema_24_sft <= 1821.353101|plus_di_21_sft >= 24.672607,LONG,Ret_96,281,30,1.3984,2.6531
trix_8_sft >= -0.040151|aroon_5_sft <= -80.0|efficiency_120_sft <= 0.090539,LONG,Ret_96,292,177,1.353,1.6824
macdh_48_sft <= ema_200_sft|plus_di_5_sft <= 27.747387|efficiency_120_sft <= 0.090539,LONG,Ret_96,341,213,1.259,1.4864
plus_di_48_sft >= 20.502817|linreg_89_sft <= 0.374144,LONG,Ret_96,328,194,1.2965,1.7613
slope_5_sft >= -0.086632|macdh_8_sft <= 0.409604|trix_55_sft >= -0.007616,LONG,Ret_96,355,217,1.2554,1.4941
plus_di_48_sft >= 20.502817|ema_8_sft <= 1821.299512,LONG,Ret_96,311,31,1.3248,1.7746
plus_di_21_sft >= 24.672607|ema_13_sft <= 1821.289453,LONG,Ret_96,281,30,1.3984,2.6531
plus_di_21_sft >= 20.270658|ema_24_sft <= 1821.353101|slope_200_sft >= -0.041,LONG,Ret_96,336,36,1.3394,1.8107
ema_89_sft <= 1641.957336|efficiency_120_sft <= 0.090539,LONG,Ret_96,256,3,1.3798,92853570.0249
minus_di_200_sft <= 22.809317|plus_di_21_sft >= 20.270658|plus_di_144_sft >= -4.27,LONG,Ret_96,333,223,1.2997,1.4238
plus_di_48_sft >= 20.502817|efficiency_34_sft <= 0.282634|trix_55_sft <= 0.019001,LONG,Ret_96,307,191,1.2931,1.6105
plus_di_48_sft >= 20.502817|aroon_120_sft <= ema_13_sft|ema_24_sft <= 1821.353101,LONG,Ret_96,312,34,1.3127,1.9217
efficiency_48_sft <= 3.13|efficiency_120_sft <= 0.090539|plus_di_5_sft <= 18.701385,LONG,Ret_96,326,202,1.2508,1.4908
macdh_48_sft >= -0.280099|trix_5_sft <= 0.024925|plus_di_200_sft >= 19.087056,LONG,Ret_96,336,215,1.288,1.7746
slope_144_sft <= 0.055996|plus_di_8_sft >= 33.824101,LONG,Ret_96,274,171,1.3873,1.509
macdh_89_sft <= 0.483612|plus_di_24_sft >= 24.478443,LONG,Ret_96,281,167,1.3505,1.6139
ema_13_sft <= 1821.289453|trix_5_sft >= 0.000867|trix_48_sft >= -0.00827,LONG,Ret_96,304,26,1.2777,1.659
linreg_8_sft <= 0.01331|efficiency_120_sft <= 0.090539,LONG,Ret_96,326,203,1.2912,1.3986
macdh_8_sft <= 0.409604|slope_21_sft >= 0.002737|minus_di_21_sft >= 16.470973,LONG,Ret_96,345,213,1.3113,1.448
efficiency_120_sft <= 0.090539|plus_di_5_sft <= 18.701385,LONG,Ret_96,326,202,1.2508,1.4908
macdh_21_sft <= 0.770179|trix_13_sft >= -0.015286|minus_di_120_sft <= 21.184851,LONG,Ret_96,294,188,1.3158,1.5627
plus_di_34_sft >= 20.409904|minus_di_200_sft <= 22.809317,LONG,Ret_96,321,218,1.2784,1.424
trix_13_sft >= 0.001017|macdh_144_sft <= 5.02|trix_24_sft >= -0.011625,LONG,Ret_96,353,223,1.2882,1.4989
slope_55_sft <= 0.08611|plus_di_8_sft >= 33.824101,LONG,Ret_96,279,178,1.349,1.6736
plus_di_24_sft >= 20.302818|slope_89_sft <= 0.034779,LONG,Ret_96,341,207,1.2699,1.5625
plus_di_48_sft >= 20.502817|macdh_200_sft <= 0.346711|aroon_13_sft >= 53.846153,LONG,Ret_96,288,170,1.294,1.5854
aroon_13_sft <= 53.846153|efficiency_120_sft <= 0.090539,LONG,Ret_96,336,211,1.2531,1.3682
minus_di_8_sft <= 9.068035|macdh_24_sft <= 1.45,LONG,Ret_96,271,149,1.2898,1.5479
efficiency_48_sft <= 0.142178|plus_di_13_sft >= 25.549025,LONG,Ret_96,293,191,1.2937,1.6811
linreg_55_sft >= -0.185778|plus_di_8_sft >= 26.529333,LONG,Ret_96,333,211,1.2829,1.4663
plus_di_48_sft >= 17.550961|efficiency_34_sft >= 0.282634|efficiency_5_sft <= ema_8_sft,LONG,Ret_72,344,231,1.2809,1.554
plus_di_13_sft >= 25.549025|slope_48_sft <= 0.044284,LONG,Ret_96,292,173,1.3587,1.5923
efficiency_120_sft <= 0.090539|aroon_200_sft <= 57.0,LONG,Ret_96,309,183,1.2768,1.5403
efficiency_55_sft <= 0.227701|plus_di_34_sft >= 20.409904|linreg_120_sft >= -0.126013,LONG,Ret_96,312,192,1.2812,1.4115
trix_8_sft <= 0.044097|plus_di_21_sft >= 24.672607,LONG,Ret_96,300,190,1.2877,1.9544
adx_120_sft >= -8.91|ema_144_sft <= ema_34_sft|ema_120_sft <= 1819.635034,LONG,Ret_96,267,24,1.3183,1.5807
trix_48_sft <= Close_sft|adx_8_sft >= 23.855003|plus_di_24_sft >= 24.478443,LONG,Ret_96,289,194,1.319,1.5429
aroon_200_sft >= -5.39|ema_21_sft <= 1821.49585,LONG,Ret_96,257,22,1.3606,2.3249
slope_5_sft <= 0.003039|efficiency_120_sft <= 0.090539,LONG,Ret_96,325,202,1.295,1.3595
plus_di_24_sft >= 24.478443|macdh_5_sft >= -0.410792|ema_21_sft <= 1821.49585,LONG,Ret_96,274,29,1.3715,2.5876
plus_di_24_sft >= 24.478443|efficiency_200_sft >= 0.013435,LONG,Ret_96,293,196,1.3006,1.6236
plus_di_8_sft >= 26.529333|adx_13_sft <= 25.908184,LONG,Ret_96,313,205,1.2716,1.6018
efficiency_144_sft >= 0.04|plus_di_21_sft <= 29.344823|efficiency_120_sft <= 0.090539,LONG,Ret_96,332,209,1.2842,1.3982
adx_8_sft <= Close_sft|adx_144_sft >= 8.674729|aroon_21_sft >= 3.82,LONG,Ret_96,227,136,1.3433,1.5292
plus_di_21_sft >= 24.672607|adx_200_sft <= ema_55_sft|efficiency_8_sft >= 0.543346,LONG,Ret_96,281,188,1.3477,1.7791
plus_di_21_sft >= 24.672607|trix_21_sft >= -0.026271,LONG,Ret_96,304,206,1.2815,1.5902
macdh_200_sft <= 0.346711|slope_120_sft >= 0.002734,LONG,Ret_96,316,181,1.2935,1.4886
plus_di_120_sft >= 17.179078|adx_144_sft >= 8.674729|efficiency_21_sft <= 0.039904,LONG,Ret_48,300,183,1.352,1.5666
macdh_5_sft <= -0.410792|plus_di_13_sft >= 19.937256,LONG,Ret_96,300,213,1.2858,1.575
macdh_8_sft <= -0.412386|minus_di_55_sft <= 21.074759,LONG,Ret_72,307,230,1.2981,1.6456
plus_di_13_sft >= 25.549025|plus_di_21_sft >= 24.672607,LONG,Ret_96,303,204,1.2795,1.6313
plus_di_21_sft >= 24.672607|minus_di_5_sft <= 36.897367,LONG,Ret_96,305,207,1.2735,1.5735
efficiency_48_sft <= 0.338221|plus_di_21_sft >= 24.672607|macdh_55_sft <= 2.21,LONG,Ret_96,300,195,1.2731,1.7701
plus_di_21_sft >= 24.672607|linreg_48_sft >= -0.433203,LONG,Ret_96,305,202,1.2791,1.6963
macdh_120_sft <= ema_8_sft|aroon_200_sft >= -3.89|ema_200_sft <= 1820.673877,LONG,Ret_96,257,20,1.3472,2.5828
aroon_8_sft <= -8.99|efficiency_120_sft <= 0.090539,LONG,Ret_96,324,203,1.3126,1.3393
macdh_8_sft <= -0.412386|adx_144_sft >= 8.4|minus_di_48_sft >= -6.08,LONG,Ret_96,230,142,1.3453,1.4216
plus_di_24_sft >= 24.478443|trix_144_sft >= -0.01005,LONG,Ret_96,271,184,1.2996,1.612
ema_8_sft <= 1651.191833|efficiency_120_sft <= 0.090539,LONG,Ret_96,257,4,1.3205,7.4983
plus_di_24_sft >= 20.302818|efficiency_24_sft <= 0.458272|slope_200_sft <= 0.024596,LONG,Ret_96,319,179,1.2879,1.5836
plus_di_34_sft >= 20.409904|minus_di_55_sft >= 15.956176|minus_di_5_sft <= 11.554769,LONG,Ret_96,311,202,1.3023,1.7271
minus_di_13_sft <= 15.19733|trix_48_sft >= 0.000938,LONG,Ret_96,216,143,1.393,2.5161
macdh_13_sft <= -0.00398|plus_di_24_sft >= 20.302818,LONG,Ret_96,305,202,1.2572,1.4062
aroon_21_sft >= -4.68|efficiency_48_sft >= 0.142178,LONG,Ret_96,346,219,1.3216,1.4059
efficiency_13_sft >= 0.433265|ema_144_sft <= ema_24_sft,LONG,Ret_96,276,184,1.2633,1.5607
linreg_89_sft >= -0.03|macdh_8_sft >= -0.002172,LONG,Ret_96,307,201,1.2597,1.6445
plus_di_21_sft >= 24.672607|slope_21_sft >= -0.114631,LONG,Ret_96,305,207,1.2694,1.5851
minus_di_48_sft <= 18.148701|aroon_144_sft <= 80.555557|efficiency_21_sft <= 0.351036,LONG,Ret_72,252,169,1.3638,1.739
minus_di_13_sft <= 15.19733|plus_di_8_sft >= 33.824101,LONG,Ret_96,259,180,1.3095,1.6084
plus_di_21_sft >= 24.672607|slope_144_sft >= -0.04814,LONG,Ret_96,304,207,1.2752,1.5352
plus_di_21_sft >= 24.672607|aroon_34_sft <= Close_sft,LONG,Ret_96,306,207,1.2658,1.5851
plus_di_21_sft >= 24.672607|aroon_55_sft >= -80.0,LONG,Ret_96,304,206,1.2709,1.5726
efficiency_120_sft <= 0.090539|plus_di_200_sft >= 17.951158,LONG,Ret_96,339,213,1.2733,1.3183
efficiency_120_sft <= 0.090539|efficiency_55_sft >= 0.133579|ema_13_sft >= ema_48_sft,LONG,Ret_72,234,137,1.4623,1.7665
slope_8_sft <= 0.178176|linreg_48_sft <= 0.232999|minus_di_34_sft <= 17.529027,LONG,Ret_72,230,97,1.4321,1.8703
plus_di_21_sft >= 24.672607|linreg_24_sft <= 3.29,LONG,Ret_96,306,202,1.2658,1.767
plus_di_21_sft >= 24.672607|minus_di_24_sft >= 2.15,LONG,Ret_96,306,207,1.2658,1.5851
plus_di_21_sft >= 20.270658|aroon_200_sft >= -53.5,LONG,Ret_96,320,208,1.2524,1.6042
adx_24_sft <= ema_8_sft|plus_di_21_sft >= 24.672607,LONG,Ret_96,306,207,1.2658,1.5851
plus_di_21_sft >= 24.672607|adx_13_sft <= ema_144_sft,LONG,Ret_96,306,207,1.2658,1.5851
linreg_200_sft <= 0.240093|slope_120_sft >= 0.002734,LONG,Ret_96,301,148,1.2942,1.5586
plus_di_5_sft >= 11.362903|plus_di_21_sft >= 24.672607,LONG,Ret_96,305,207,1.2691,1.5851
adx_24_sft >= -1.04|plus_di_21_sft >= 24.672607,LONG,Ret_96,306,207,1.2658,1.5851
aroon_5_sft <= 100.0|plus_di_21_sft >= 24.672607,LONG,Ret_96,306,207,1.2658,1.5851
plus_di_21_sft >= 24.672607|aroon_55_sft <= ema_5_sft,LONG,Ret_96,306,207,1.2658,1.5851
plus_di_21_sft >= 24.672607|trix_120_sft <= ema_89_sft,LONG,Ret_96,306,207,1.2658,1.5851
ema_120_sft >= -7.23|plus_di_21_sft >= 24.672607,LONG,Ret_96,306,207,1.2658,1.5851
adx_144_sft <= ema_13_sft|plus_di_21_sft >= 24.672607,LONG,Ret_96,306,207,1.2658,1.5851
plus_di_21_sft >= 24.672607|plus_di_24_sft <= ema_89_sft,LONG,Ret_96,306,207,1.2658,1.5851
adx_144_sft <= ema_120_sft|plus_di_21_sft >= 24.672607,LONG,Ret_96,306,207,1.2658,1.5851
adx_55_sft <= ema_5_sft|plus_di_21_sft >= 24.672607,LONG,Ret_96,306,207,1.2658,1.5851
ema_8_sft >= -9.4|plus_di_21_sft >= 24.672607,LONG,Ret_96,306,207,1.2658,1.5851
plus_di_21_sft >= 24.672607|efficiency_120_sft <= ema_144_sft,LONG,Ret_96,306,207,1.2658,1.5851
plus_di_21_sft >= 24.672607|linreg_8_sft <= Close_sft,LONG,Ret_96,306,207,1.2658,1.5851
plus_di_21_sft >= 24.672607|ema_5_sft >= -2.96,LONG,Ret_96,306,207,1.2658,1.5851
linreg_55_sft <= ema_13_sft|plus_di_21_sft >= 24.672607,LONG,Ret_96,306,207,1.2658,1.5851
minus_di_89_sft <= ema_200_sft|plus_di_21_sft >= 24.672607,LONG,Ret_96,306,207,1.2658,1.5851
plus_di_21_sft >= 24.672607|minus_di_8_sft <= ema_13_sft,LONG,Ret_96,306,207,1.2658,1.5851
plus_di_21_sft >= 24.672607|linreg_8_sft >= -9.75,LONG,Ret_96,306,207,1.2658,1.5882
slope_89_sft >= -5.89|plus_di_21_sft >= 24.672607,LONG,Ret_96,306,207,1.2658,1.5851
plus_di_21_sft >= 24.672607|plus_di_8_sft >= 13.375357,LONG,Ret_96,306,207,1.2658,1.5851
trix_8_sft >= -6.59|plus_di_21_sft >= 24.672607,LONG,Ret_96,306,207,1.2658,1.5851
plus_di_21_sft >= 24.672607|minus_di_89_sft <= ema_13_sft,LONG,Ret_96,306,207,1.2658,1.5851
trix_89_sft <= 4.97|plus_di_21_sft >= 24.672607,LONG,Ret_96,306,207,1.2658,1.5851
adx_120_sft <= ema_24_sft|plus_di_21_sft >= 24.672607,LONG,Ret_96,306,207,1.2658,1.5851
slope_48_sft <= 1.72|plus_di_21_sft >= 24.672607,LONG,Ret_96,306,207,1.2658,1.5851
plus_di_21_sft >= 24.672607|minus_di_48_sft >= 5.77,LONG,Ret_96,306,207,1.2658,1.5851
plus_di_21_sft >= 24.672607|macdh_144_sft <= ema_200_sft,LONG,Ret_96,306,207,1.2658,1.5851
plus_di_5_sft <= ema_34_sft|minus_di_13_sft <= ema_144_sft|plus_di_21_sft >= 24.672607,LONG,Ret_96,306,207,1.2658,1.5851
plus_di_21_sft >= 24.672607|plus_di_200_sft >= 9.54,LONG,Ret_96,306,207,1.2658,1.5851
adx_55_sft <= ema_48_sft|plus_di_21_sft >= 24.672607,LONG,Ret_96,306,207,1.2658,1.5851
plus_di_21_sft >= 24.672607|plus_di_55_sft >= 4.35,LONG,Ret_96,306,207,1.2658,1.5851
plus_di_21_sft >= 24.672607|plus_di_13_sft >= 19.937256,LONG,Ret_96,306,207,1.2658,1.5851
plus_di_48_sft >= 15.214584|plus_di_21_sft >= 24.672607,LONG,Ret_96,306,207,1.2658,1.5851
plus_di_21_sft >= 24.672607|plus_di_21_sft >= 16.055331,LONG,Ret_96,306,207,1.2658,1.5851
slope_120_sft <= ema_8_sft|plus_di_21_sft >= 24.672607,LONG,Ret_96,306,207,1.2658,1.5851
plus_di_21_sft >= 24.672607|efficiency_120_sft >= -7.65,LONG,Ret_96,306,207,1.2658,1.5851
plus_di_21_sft >= 24.672607|macdh_55_sft >= -5.63,LONG,Ret_96,306,207,1.2658,1.5851
plus_di_144_sft >= 1.19|plus_di_21_sft >= 24.672607,LONG,Ret_96,306,207,1.2658,1.5851
plus_di_21_sft >= 24.672607|adx_13_sft >= -9.56,LONG,Ret_96,306,207,1.2658,1.5851
plus_di_13_sft >= -4.49|plus_di_21_sft >= 24.672607|linreg_8_sft <= ema_21_sft,LONG,Ret_96,306,207,1.2658,1.5851
minus_di_48_sft <= ema_24_sft|adx_144_sft >= 8.674729|aroon_24_sft >= 4.45,LONG,Ret_96,225,132,1.384,1.4839
plus_di_21_sft >= 24.672607|minus_di_34_sft <= 27.987693,LONG,Ret_96,306,207,1.2654,1.5804
plus_di_21_sft >= 24.672607|aroon_5_sft >= -60.0,LONG,Ret_96,306,206,1.2646,1.6232
linreg_8_sft >= -0.982476|plus_di_24_sft >= 24.478443,LONG,Ret_96,298,197,1.2899,1.8037
slope_8_sft >= -0.167023|plus_di_24_sft >= 24.478443,LONG,Ret_96,298,198,1.2901,1.6348
plus_di_21_sft >= 24.672607|aroon_55_sft >= -50.909092,LONG,Ret_96,295,200,1.2614,1.5245
plus_di_21_sft >= 24.672607|slope_34_sft >= -0.094117,LONG,Ret_96,306,207,1.2654,1.5851
minus_di_5_sft <= 6.560701|aroon_55_sft >= -50.909092|aroon_120_sft <= 58.333332,LONG,Ret_96,248,138,1.3183,2.0062
plus_di_24_sft >= 24.478443|plus_di_21_sft >= 24.672607,LONG,Ret_96,296,197,1.2899,1.6185
plus_di_21_sft >= 24.672607|slope_48_sft >= -0.080823,LONG,Ret_96,306,207,1.2637,1.5851
adx_144_sft >= 8.674729|adx_48_sft >= 10.71991,LONG,Ret_96,235,141,1.3421,1.5757
adx_24_sft <= ema_89_sft|plus_di_24_sft >= 24.478443,LONG,Ret_96,298,198,1.2893,1.6348
minus_di_120_sft <= 23.144876|ema_48_sft <= 1820.151318,LONG,Ret_96,343,37,1.2633,1.3889
slope_34_sft <= ema_55_sft|plus_di_24_sft >= 24.478443,LONG,Ret_96,298,198,1.2893,1.6348
adx_144_sft >= 8.674729|aroon_24_sft >= 5.37,LONG,Ret_96,225,132,1.384,1.4839
slope_200_sft <= ema_13_sft|plus_di_24_sft >= 24.478443,LONG,Ret_96,298,198,1.2893,1.6348
plus_di_24_sft >= 24.478443|minus_di_144_sft <= ema_55_sft,LONG,Ret_96,298,198,1.2893,1.6348
plus_di_24_sft >= 24.478443|trix_48_sft >= -3.57,LONG,Ret_96,298,198,1.2893,1.6348
adx_21_sft >= 4.28|plus_di_24_sft >= 24.478443,LONG,Ret_96,298,198,1.2893,1.6348
trix_89_sft <= ema_144_sft|efficiency_89_sft <= 0.81|plus_di_24_sft >= 24.478443,LONG,Ret_96,298,198,1.2893,1.6348
plus_di_24_sft >= 24.478443|plus_di_8_sft >= 13.375357|linreg_13_sft <= ema_5_sft,LONG,Ret_96,298,198,1.2893,1.6348
plus_di_24_sft >= 24.478443|plus_di_34_sft >= 14.262314,LONG,Ret_96,298,198,1.2893,1.6348
plus_di_24_sft >= 24.478443|trix_13_sft <= ema_8_sft,LONG,Ret_96,298,198,1.2893,1.6348
plus_di_24_sft >= 24.478443|plus_di_34_sft >= -9.67,LONG,Ret_96,298,198,1.2893,1.6348
plus_di_24_sft >= 24.478443|ema_120_sft >= 6.48,LONG,Ret_96,298,198,1.2893,1.6348
adx_21_sft <= ema_200_sft|plus_di_24_sft >= 24.478443,LONG,Ret_96,298,198,1.2893,1.6348
plus_di_24_sft >= 24.478443|minus_di_34_sft <= ema_34_sft,LONG,Ret_96,298,198,1.2893,1.6348
plus_di_24_sft >= 24.478443|linreg_24_sft <= ema_55_sft,LONG,Ret_96,298,198,1.2893,1.6348
efficiency_8_sft <= ema_34_sft|plus_di_24_sft >= 24.478443,LONG,Ret_96,298,198,1.2893,1.6348
plus_di_24_sft >= 24.478443|trix_24_sft <= ema_200_sft,LONG,Ret_96,298,198,1.2893,1.6348
plus_di_5_sft >= 6.407198|plus_di_24_sft >= 24.478443,LONG,Ret_96,298,198,1.2893,1.6348
plus_di_21_sft >= -3.06|plus_di_24_sft >= 24.478443,LONG,Ret_96,298,198,1.2893,1.6348
plus_di_24_sft >= 24.478443|adx_48_sft >= -1.25,LONG,Ret_96,298,198,1.2893,1.6348
plus_di_24_sft >= 24.478443|efficiency_5_sft <= ema_13_sft,LONG,Ret_96,298,198,1.2893,1.6348
plus_di_24_sft >= 24.478443|trix_144_sft <= Close_sft,LONG,Ret_96,298,198,1.2893,1.6348
minus_di_89_sft >= 1.6|plus_di_24_sft >= 24.478443,LONG,Ret_96,298,198,1.2893,1.6348
plus_di_24_sft >= 24.478443|adx_24_sft <= ema_55_sft,LONG,Ret_96,298,198,1.2893,1.6348
ema_200_sft >= -2.61|plus_di_24_sft >= 24.478443,LONG,Ret_96,298,198,1.2893,1.6348
plus_di_24_sft >= 24.478443|macdh_13_sft <= ema_24_sft,LONG,Ret_96,298,198,1.2893,1.6348
minus_di_34_sft >= -6.03|plus_di_24_sft >= 24.478443,LONG,Ret_96,298,198,1.2893,1.6348
plus_di_24_sft >= 24.478443|adx_24_sft <= ema_34_sft,LONG,Ret_96,298,198,1.2893,1.6348
adx_89_sft >= -2.19|plus_di_24_sft >= 24.478443|ema_200_sft >= -8.58,LONG,Ret_96,298,198,1.2893,1.6348
plus_di_24_sft >= 24.478443|aroon_55_sft <= ema_34_sft,LONG,Ret_96,298,198,1.2893,1.6348
linreg_55_sft <= 7.24|plus_di_24_sft >= 24.478443,LONG,Ret_96,298,197,1.2893,1.7995
plus_di_48_sft >= 15.214584|plus_di_24_sft >= 24.478443,LONG,Ret_96,298,198,1.2893,1.6348
efficiency_34_sft <= Close_sft|plus_di_24_sft >= 24.478443,LONG,Ret_96,298,198,1.2893,1.6348
plus_di_24_sft >= 24.478443|slope_34_sft >= -8.01,LONG,Ret_96,298,198,1.2893,1.6348
slope_34_sft >= -1.91|plus_di_24_sft >= 24.478443,LONG,Ret_96,298,198,1.2893,1.6348
plus_di_24_sft >= 24.478443|trix_120_sft <= ema_13_sft,LONG,Ret_96,298,198,1.2893,1.6348
plus_di_21_sft >= 8.42|plus_di_24_sft >= 24.478443,LONG,Ret_96,298,198,1.2893,1.6348
trix_144_sft <= 9.63|plus_di_24_sft >= 24.478443,LONG,Ret_96,298,198,1.2893,1.6348
plus_di_24_sft >= 24.478443|plus_di_55_sft <= ema_89_sft,LONG,Ret_96,298,198,1.2893,1.6348
plus_di_24_sft >= 24.478443|minus_di_34_sft >= 4.48,LONG,Ret_96,298,198,1.2893,1.6348
plus_di_24_sft >= 24.478443|slope_89_sft <= 1.54,LONG,Ret_96,298,198,1.2893,1.6348
plus_di_24_sft >= 24.478443|plus_di_120_sft <= ema_144_sft,LONG,Ret_96,298,198,1.2893,1.6348
trix_5_sft <= ema_21_sft|plus_di_24_sft >= 24.478443,LONG,Ret_96,298,198,1.2893,1.6348
plus_di_24_sft >= 24.478443|slope_120_sft <= ema_48_sft,LONG,Ret_96,298,198,1.2893,1.6348
plus_di_24_sft >= 24.478443|ema_55_sft >= -9.8,LONG,Ret_96,298,198,1.2893,1.6348
plus_di_24_sft >= 24.478443|minus_di_8_sft >= 0.96,LONG,Ret_96,298,198,1.2893,1.6348
efficiency_21_sft <= ema_200_sft|plus_di_24_sft >= 24.478443,LONG,Ret_96,298,198,1.2893,1.6348
plus_di_24_sft >= 20.302818|plus_di_24_sft >= 24.478443,LONG,Ret_96,298,198,1.2893,1.6348
aroon_144_sft <= ema_13_sft|plus_di_24_sft >= 24.478443,LONG,Ret_96,298,198,1.2893,1.6348
plus_di_24_sft >= 24.478443|minus_di_34_sft <= ema_48_sft,LONG,Ret_96,298,198,1.2893,1.6348
slope_34_sft >= -0.094117|plus_di_24_sft >= 24.478443,LONG,Ret_96,298,198,1.289,1.6348
ema_8_sft >= ema_8_sft|plus_di_24_sft >= 24.478443,LONG,Ret_96,298,198,1.2893,1.6348
plus_di_5_sft >= 1.32|plus_di_24_sft >= 24.478443,LONG,Ret_96,298,198,1.2893,1.6348
macdh_200_sft >= -5.4|plus_di_24_sft >= 24.478443,LONG,Ret_96,298,198,1.2893,1.6348
plus_di_24_sft >= 24.478443|macdh_144_sft <= ema_24_sft,LONG,Ret_96,298,198,1.2893,1.6348
plus_di_24_sft >= 24.478443|ema_55_sft >= 7.66,LONG,Ret_96,298,198,1.2893,1.6348
plus_di_24_sft >= 24.478443|plus_di_13_sft >= 10.99746,LONG,Ret_96,298,198,1.2893,1.6348
plus_di_24_sft >= 24.478443|linreg_13_sft >= -0.779809,LONG,Ret_96,298,197,1.288,1.8021
linreg_55_sft <= 0.222012|minus_di_55_sft <= 21.074759|macdh_24_sft <= 0.744151,LONG,Ret_96,286,146,1.2797,1.6319
minus_di_8_sft <= 8.96,LONG,Ret_96,276,182,1.2612,1.6423
plus_di_13_sft >= -1.74|plus_di_21_sft >= 24.672607|plus_di_5_sft >= 36.880132,LONG,Ret_96,288,193,1.2715,1.704
macdh_8_sft >= -0.002172|plus_di_8_sft >= 33.824101,LONG,Ret_96,295,200,1.2577,1.6433
efficiency_120_sft <= 0.042423|plus_di_89_sft >= 18.382777,LONG,Ret_96,280,172,1.2866,1.451
trix_21_sft <= 0.014494|slope_120_sft >= 0.002734,LONG,Ret_96,305,189,1.2797,1.5384
adx_144_sft >= 8.674729|plus_di_120_sft >= 17.179078,LONG,Ret_96,230,140,1.2861,1.6764
plus_di_21_sft >= 24.672607|aroon_144_sft <= ema_120_sft|adx_21_sft <= 28.71629,LONG,Ret_96,288,198,1.2891,1.6388
aroon_34_sft >= 79.411766|ema_8_sft <= 1821.299512|trix_48_sft <= ema_5_sft,LONG,Ret_96,219,19,1.5466,2.0287
efficiency_48_sft <= 0.025721|aroon_5_sft >= 60.0,LONG,Ret_96,252,146,1.3445,1.4684
minus_di_8_sft <= 13.611489|slope_21_sft <= 0.059454|adx_24_sft <= 27.124339,LONG,Ret_96,271,160,1.3048,1.4327
linreg_13_sft <= ema_13_sft|plus_di_21_sft >= 24.672607|adx_21_sft <= 28.71629,LONG,Ret_96,288,198,1.2891,1.6388
adx_5_sft >= 39.487061|efficiency_55_sft <= 0.024776,LONG,Ret_96,269,170,1.3123,1.5022
macdh_8_sft >= -0.002172|adx_144_sft >= 1.63|plus_di_21_sft >= 24.672607,LONG,Ret_96,298,201,1.2575,1.7086
plus_di_21_sft >= 24.672607|macdh_21_sft >= -0.759769|minus_di_21_sft <= 29.617799,LONG,Ret_96,305,206,1.2572,1.5412
ema_5_sft <= Close_sft|minus_di_8_sft <= 8.19|efficiency_34_sft <= ema_5_sft,LONG,Ret_96,256,172,1.287,1.5204
ema_200_sft <= 1820.673877|linreg_120_sft >= -0.126013|adx_21_sft >= 8.66,LONG,Ret_96,339,28,1.2713,1.5435
macdh_24_sft >= 0.006796|adx_5_sft <= 64.602853|plus_di_8_sft >= 33.824101,LONG,Ret_96,284,193,1.2665,1.5331
plus_di_24_sft >= 24.478443|ema_34_sft <= 1821.121729,LONG,Ret_96,276,28,1.3332,2.6064
adx_8_sft >= 23.855003|adx_144_sft >= 8.674729,LONG,Ret_96,244,147,1.3014,1.6367
aroon_144_sft >= 1.24|macdh_21_sft >= 0.004786,LONG,Ret_72,321,210,1.2551,1.4064
plus_di_8_sft >= 33.824101|adx_34_sft >= -8.11|macdh_13_sft >= -0.387447,LONG,Ret_96,296,202,1.2506,1.5315
adx_13_sft >= 15.098711|plus_di_21_sft >= 24.672607,LONG,Ret_96,305,205,1.2506,1.5681
slope_89_sft <= 0.24|minus_di_120_sft <= 19.36696,LONG,Ret_72,233,172,1.3622,1.8021
aroon_21_sft >= -7.88|efficiency_48_sft >= 0.142178,LONG,Ret_96,348,224,1.2707,1.4135
ema_89_sft <= ema_55_sft|linreg_120_sft >= -0.126013|ema_24_sft <= 1821.353101,LONG,Ret_96,271,22,1.2901,1.5646
adx_144_sft >= 9.46,LONG,Ret_96,214,124,1.3289,1.5244
plus_di_200_sft >= 19.087056|ema_13_sft <= 1651.514709|linreg_24_sft <= ema_120_sft,LONG,Ret_96,288,5,1.2861,4.9031
minus_di_5_sft <= 3.92|macdh_5_sft <= 0.872804,LONG,Ret_72,227,118,1.3844,1.9128
minus_di_120_sft <= 23.144876|ema_13_sft <= 1821.289453|slope_5_sft <= ema_120_sft,LONG,Ret_96,344,39,1.2766,1.3826
macdh_21_sft >= -0.759769|plus_di_21_sft >= 24.672607,LONG,Ret_96,306,206,1.2533,1.5412
linreg_13_sft <= 0.011033|adx_144_sft >= 8.674729,LONG,Ret_96,234,135,1.2808,1.5091
plus_di_24_sft >= 24.478443|macdh_8_sft >= 0.1,LONG,Ret_96,287,192,1.2857,1.5946
efficiency_89_sft <= 9.42|slope_24_sft <= 0.119522|minus_di_5_sft <= 5.87,LONG,Ret_96,255,143,1.4099,1.4661
ema_13_sft <= 1651.514709|plus_di_200_sft >= 19.087056,LONG,Ret_96,288,5,1.2861,4.9031
ema_144_sft <= ema_13_sft|aroon_200_sft >= -76.5|trix_48_sft <= 0.020359,LONG,Ret_96,294,178,1.2653,1.9834
aroon_5_sft >= 0.0|aroon_200_sft >= 0.17,LONG,Ret_96,271,181,1.2855,1.4399
efficiency_24_sft >= 0.093421|plus_di_8_sft >= 33.824101,LONG,Ret_96,280,192,1.2655,1.5953
minus_di_5_sft <= 27.848064|plus_di_24_sft >= 24.478443,LONG,Ret_96,298,197,1.283,1.6682
adx_144_sft >= 8.674729|trix_48_sft >= -0.00827,LONG,Ret_72,248,144,1.3177,1.5034
trix_21_sft >= -0.012292|minus_di_55_sft <= 26.68474|aroon_48_sft <= -50.0,LONG,Ret_96,227,137,1.3115,1.6184
slope_5_sft <= 0.207647|minus_di_5_sft <= 6.560701|macdh_13_sft >= -0.81973,LONG,Ret_96,272,158,1.3112,1.5969
linreg_89_sft >= -0.147821|minus_di_120_sft <= 19.36696,LONG,Ret_72,229,166,1.4305,1.5862
plus_di_13_sft >= 19.937256|aroon_200_sft >= -2.91,LONG,Ret_96,258,170,1.3142,1.6048
efficiency_13_sft >= 0.050229|efficiency_8_sft <= ema_34_sft|plus_di_13_sft >= 25.549025,LONG,Ret_96,340,221,1.2523,1.5959
ema_21_sft <= 1821.49585|plus_di_55_sft >= 20.551075,LONG,Ret_96,308,34,1.2864,1.5683
plus_di_24_sft >= 24.478443|adx_5_sft >= 29.65864,LONG,Ret_96,292,195,1.2875,1.6316
plus_di_24_sft >= 24.478443|minus_di_8_sft <= 26.836089,LONG,Ret_96,297,198,1.2817,1.6348
plus_di_21_sft >= 20.270658|aroon_5_sft <= 60.0|aroon_34_sft >= 1.75,LONG,Ret_96,340,219,1.3391,1.393
minus_di_34_sft <= 24.487911|plus_di_24_sft >= 24.478443,LONG,Ret_96,296,197,1.2893,1.6461
minus_di_89_sft <= 19.024384|plus_di_8_sft <= 33.824101,LONG,Ret_72,239,171,1.3584,1.5777
trix_144_sft <= 0.011814|efficiency_13_sft >= 0.589173|minus_di_5_sft <= 27.848064,LONG,Ret_48,383,238,1.3355,1.5256
slope_120_sft >= -0.024799|efficiency_34_sft >= 0.282634,LONG,Ret_72,339,222,1.2818,1.5809
macdh_48_sft >= -0.602652|plus_di_21_sft >= 24.672607,LONG,Ret_96,306,204,1.2512,1.6551
plus_di_120_sft <= ema_13_sft|plus_di_21_sft >= 24.672607|minus_di_48_sft <= 27.038522,LONG,Ret_96,305,207,1.256,1.5804
macdh_34_sft >= 0.010231|trix_34_sft >= 0.000779,LONG,Ret_72,302,205,1.289,1.6324
macdh_13_sft <= ema_5_sft|slope_13_sft >= -0.063572|plus_di_24_sft >= 24.478443,LONG,Ret_96,297,198,1.2804,1.6348
efficiency_200_sft <= 0.172433|plus_di_8_sft >= 33.824101,LONG,Ret_96,279,187,1.2542,1.5222
plus_di_24_sft >= 20.302818|trix_21_sft <= 0.014494,LONG,Ret_96,340,212,1.3135,1.3715
aroon_5_sft >= 0.0|plus_di_21_sft >= 24.672607,LONG,Ret_96,305,205,1.2501,1.7101
slope_8_sft <= 0.178176|minus_di_120_sft <= 21.184851,LONG,Ret_96,301,198,1.2581,1.5775
ema_13_sft <= 1651.514709|efficiency_89_sft <= 0.018904,LONG,Ret_96,204,3,1.3672,57214793.3023
efficiency_5_sft <= ema_21_sft|ema_34_sft <= 1648.629395|efficiency_89_sft <= 0.018904,LONG,Ret_96,204,3,1.3672,68265836.6246
macdh_200_sft <= 0.346711|plus_di_24_sft >= 20.302818,LONG,Ret_96,364,206,1.2747,1.3571
ema_21_sft <= 1650.788635|plus_di_200_sft >= 19.087056,LONG,Ret_96,288,4,1.281,7.1811
ema_13_sft <= 1821.289453|ema_24_sft >= ema_144_sft,LONG,Ret_96,274,23,1.2869,1.7473
linreg_48_sft >= -5.62|efficiency_34_sft >= 0.282634|linreg_89_sft >= 0.007437,LONG,Ret_96,251,165,1.2939,2.0048
minus_di_13_sft <= 15.19733|slope_8_sft <= 0.178176|trix_21_sft >= 0.014494,LONG,Ret_96,201,137,1.4019,1.7982
slope_21_sft >= 0.002737|minus_di_89_sft <= 25.679508|macdh_21_sft >= -0.360355,LONG,Ret_96,377,252,1.2614,1.3468
macdh_21_sft <= ema_21_sft|plus_di_21_sft >= 24.672607|macdh_48_sft >= -0.602652,LONG,Ret_96,306,204,1.2512,1.6551
macdh_144_sft >= 0.198633|slope_48_sft <= 0.091265,LONG,Ret_96,209,161,1.3307,1.5985
minus_di_13_sft <= 15.19733|linreg_24_sft <= 0.305797|linreg_8_sft <= 1.038317,LONG,Ret_96,284,117,1.2664,1.988
plus_di_21_sft >= 24.672607|plus_di_89_sft >= 18.382777,LONG,Ret_96,301,206,1.2636,1.5612
adx_144_sft >= 9.61,LONG,Ret_96,206,117,1.338,1.5493
minus_di_5_sft >= 6.560701|plus_di_24_sft >= 6.88|minus_di_55_sft <= 18.373706,LONG,Ret_72,278,183,1.287,1.5736
minus_di_120_sft <= 19.36696|minus_di_48_sft <= 24.046874|macdh_48_sft <= 0.601385,LONG,Ret_72,215,154,1.4678,1.7357
aroon_200_sft >= -8.8|minus_di_13_sft <= 20.350973,LONG,Ret_96,261,172,1.2823,1.6069
efficiency_34_sft >= 0.282634|slope_144_sft >= -0.022586,LONG,Ret_72,345,221,1.2784,1.6412
minus_di_34_sft >= -4.73|efficiency_89_sft <= 0.255364|plus_di_8_sft >= 33.824101,LONG,Ret_96,286,190,1.2684,1.5514
efficiency_120_sft <= 0.090539|efficiency_8_sft <= 0.543346,LONG,Ret_96,340,211,1.2704,1.2991
aroon_8_sft >= 87.5|ema_13_sft >= ema_144_sft,LONG,Ret_72,304,216,1.2919,1.6411
aroon_34_sft >= 58.823528|aroon_89_sft >= -53.932583,LONG,Ret_96,292,190,1.2761,1.7014
plus_di_24_sft >= 24.478443|trix_89_sft >= -0.012759,LONG,Ret_96,278,184,1.2829,1.6252
macdh_55_sft >= -0.263827|linreg_5_sft >= 1.30268|macdh_120_sft <= 4.04,LONG,Ret_96,307,228,1.294,1.3536
macdh_21_sft >= -0.99|adx_144_sft >= 8.674729,LONG,Ret_96,245,145,1.2679,1.6463
minus_di_48_sft <= 27.038522|plus_di_24_sft >= 24.478443,LONG,Ret_96,298,198,1.2756,1.6348
slope_24_sft >= 0.056331|adx_5_sft >= 39.487061|macdh_34_sft <= 0.666284,LONG,Ret_96,290,161,1.2585,1.4762
ema_5_sft <= 1821.612354|ema_24_sft >= ema_120_sft,LONG,Ret_96,280,23,1.2891,1.5509
aroon_24_sft <= 83.333336|aroon_200_sft >= -8.16,LONG,Ret_96,282,185,1.2689,1.3549
minus_di_24_sft <= 24.972759|plus_di_24_sft >= 24.478443,LONG,Ret_96,297,198,1.2776,1.6356
slope_120_sft <= 0.030626|minus_di_55_sft <= 21.074759|adx_13_sft >= -5.54,LONG,Ret_96,291,175,1.2628,1.7441
plus_di_21_sft >= 16.055331|linreg_5_sft <= 0.0142|adx_144_sft >= 8.674729,LONG,Ret_96,227,133,1.2955,1.4847
adx_144_sft >= 8.674729|aroon_21_sft >= -80.952377,LONG,Ret_96,249,151,1.2853,1.6614
trix_34_sft >= 0.000779|plus_di_5_sft <= 36.880132|adx_144_sft >= 8.674729,LONG,Ret_72,202,130,1.4431,1.5002
plus_di_21_sft <= ema_120_sft|macdh_200_sft <= 0.346711|plus_di_21_sft >= 20.270658,LONG,Ret_96,367,206,1.2501,1.3369
adx_144_sft >= 8.674729|efficiency_5_sft <= 0.894355,LONG,Ret_96,250,150,1.3016,1.573
macdh_55_sft <= 2.7|plus_di_24_sft >= 24.478443|macdh_144_sft >= -3.09,LONG,Ret_96,297,192,1.2641,1.8971
plus_di_24_sft >= 24.478443|linreg_8_sft <= 3.4,LONG,Ret_96,298,190,1.257,1.6884
macdh_48_sft <= 3.03|plus_di_24_sft >= 24.478443,LONG,Ret_96,297,192,1.2641,1.8732
plus_di_48_sft <= 23.575857|adx_144_sft >= 8.674729,LONG,Ret_96,230,133,1.3056,1.5571
macdh_5_sft >= 0.408306|aroon_48_sft <= -50.0,LONG,Ret_96,243,158,1.2744,1.7202
trix_89_sft >= -0.012759|slope_144_sft <= ema_34_sft|plus_di_24_sft >= 24.478443,LONG,Ret_96,278,184,1.2829,1.6252
aroon_8_sft <= 2.96|efficiency_120_sft <= 0.090539|minus_di_48_sft <= 27.038522,LONG,Ret_96,322,203,1.2972,1.304
slope_24_sft >= 0.002805|aroon_200_sft <= 57.0,LONG,Ret_96,328,202,1.2661,1.486
trix_200_sft <= 0.010228|plus_di_8_sft >= 33.824101,LONG,Ret_96,269,161,1.3122,1.4875
plus_di_13_sft >= 25.549025|trix_21_sft <= 0.029969|efficiency_13_sft >= 0.123341,LONG,Ret_96,322,210,1.295,1.6612
linreg_48_sft >= -0.2|efficiency_24_sft >= 0.037109|adx_144_sft >= 8.674729,LONG,Ret_96,231,135,1.3816,1.4075
aroon_120_sft <= ema_144_sft|slope_89_sft >= -0.029242|plus_di_24_sft >= 24.478443,LONG,Ret_96,296,198,1.289,1.6313
aroon_8_sft <= 87.5|minus_di_120_sft <= 19.36696,LONG,Ret_72,232,170,1.3822,1.6159
adx_144_sft >= 9.58|efficiency_5_sft <= 0.42897|trix_13_sft >= -1.95,LONG,Ret_96,204,112,1.2978,1.6084
adx_144_sft >= 9.63,LONG,Ret_96,206,116,1.3238,1.5491
adx_144_sft >= 8.674729|trix_120_sft <= 0.012446|adx_144_sft >= 8.674729,LONG,Ret_96,226,110,1.299,2.0545
ema_13_sft <= 1651.514709|plus_di_200_sft >= 20.583717|efficiency_13_sft >= -6.85,LONG,Ret_96,237,3,1.3661,33653144.7468
adx_144_sft >= 9.62|efficiency_89_sft >= 0.018904|adx_21_sft <= ema_200_sft,LONG,Ret_96,206,117,1.3268,1.5812
minus_di_120_sft <= 19.36696|macdh_89_sft <= 0.483612,LONG,Ret_72,214,138,1.3679,2.21
macdh_120_sft <= 0.210833|plus_di_24_sft >= 20.302818,LONG,Ret_96,336,197,1.2795,1.389
plus_di_8_sft >= 33.824101|plus_di_55_sft >= 17.756641|ema_24_sft <= 1821.353101,LONG,Ret_96,270,32,1.3043,1.8105
minus_di_120_sft <= 19.36696|aroon_200_sft >= -76.5,LONG,Ret_72,233,168,1.3644,1.612
trix_34_sft >= 0.000779|adx_144_sft >= 8.674729,LONG,Ret_72,203,132,1.4814,1.4715
slope_89_sft >= -4.88|minus_di_55_sft <= 21.074759|trix_200_sft <= 0.010228,LONG,Ret_96,303,178,1.2545,1.438
macdh_21_sft <= 0.770179|macdh_24_sft >= 0.356385,LONG,Ret_96,329,222,1.2851,1.4595
trix_200_sft <= 0.010228|minus_di_48_sft <= 18.148701|linreg_21_sft <= 0.694824,LONG,Ret_72,265,136,1.4434,1.6182
ema_13_sft >= ema_200_sft|aroon_8_sft >= 87.5,LONG,Ret_72,300,210,1.2881,1.6211
adx_144_sft >= 8.674729|minus_di_5_sft >= 18.951136|slope_48_sft >= -0.080823,LONG,Ret_96,231,135,1.2676,1.5176
linreg_21_sft <= 0.694824|minus_di_55_sft <= 18.373706,LONG,Ret_72,276,170,1.2876,1.6071
macdh_120_sft >= -0.28|plus_di_24_sft >= 24.478443,LONG,Ret_96,294,196,1.2709,1.677
adx_55_sft >= 10.040038|plus_di_55_sft >= 20.551075,LONG,Ret_96,279,198,1.2662,1.4976
minus_di_8_sft <= 9.068035|macdh_21_sft >= 0.36775|ema_48_sft <= 1820.151318,LONG,Ret_96,227,26,1.3705,1.9147
slope_120_sft <= 5.35|adx_144_sft >= 9.62,LONG,Ret_96,206,117,1.3183,1.5448
plus_di_5_sft >= 36.880132|aroon_34_sft >= 58.823528|plus_di_200_sft >= -6.65,LONG,Ret_96,250,165,1.317,1.6663
efficiency_8_sft >= 0.725035|plus_di_13_sft >= 25.549025,LONG,Ret_96,251,174,1.3009,1.6251
slope_120_sft <= 0.060953|minus_di_89_sft <= 19.024384,LONG,Ret_72,238,141,1.322,1.8599
plus_di_200_sft >= 19.087056|ema_200_sft <= 1820.673877,LONG,Ret_96,337,34,1.2922,1.3554
adx_144_sft >= 9.16|aroon_8_sft >= -87.5,LONG,Ret_96,224,133,1.2967,1.5591
plus_di_24_sft >= 24.478443|aroon_24_sft >= -50.0,LONG,Ret_96,297,197,1.2688,1.6639
adx_144_sft >= 8.51|efficiency_8_sft <= 0.333899,LONG,Ret_96,248,147,1.2651,1.4805
slope_24_sft >= 0.002805|macdh_13_sft <= -0.00398,LONG,Ret_72,363,239,1.2762,1.3574
macdh_5_sft <= -0.410792|adx_200_sft >= 7.534551,LONG,Ret_96,213,128,1.3114,1.4722
trix_13_sft >= -6.67|slope_24_sft <= 0.119522|minus_di_144_sft <= 19.549842,LONG,Ret_72,207,153,1.3749,1.7686
trix_24_sft >= 0.000709|minus_di_120_sft <= 19.36696,LONG,Ret_72,220,161,1.4054,1.6069
ema_144_sft <= ema_34_sft|efficiency_21_sft >= 0.351036,LONG,Ret_72,318,207,1.3148,1.3919
minus_di_120_sft <= 19.36696|trix_8_sft <= 0.044097,LONG,Ret_72,215,158,1.3663,2.0344
macdh_48_sft <= 0.282632|adx_144_sft >= 8.674729,LONG,Ret_96,235,133,1.2661,1.7036
slope_144_sft <= 0.055996|minus_di_13_sft <= 11.24466,LONG,Ret_96,223,123,1.3006,1.7554
efficiency_89_sft <= 0.049564|plus_di_24_sft >= 20.302818,LONG,Ret_96,261,166,1.3453,1.4547
minus_di_24_sft <= 24.972759|adx_144_sft >= 8.9,LONG,Ret_96,225,137,1.2975,1.5832
minus_di_120_sft <= 19.36696|adx_8_sft >= 18.754478,LONG,Ret_72,231,171,1.3667,1.5938
minus_di_120_sft <= 19.36696|trix_21_sft >= 0.000711,LONG,Ret_72,219,161,1.3718,1.6138
ema_89_sft <= 1819.098828|efficiency_8_sft <= 0.725035|efficiency_120_sft <= 0.090539,LONG,Ret_96,310,30,1.306,1.3847
efficiency_120_sft <= 0.090539|slope_55_sft <= -0.035948,LONG,Ret_96,210,144,1.31,1.5393
adx_144_sft >= 9.53,LONG,Ret_96,210,119,1.305,1.5512
minus_di_48_sft <= 18.148701|efficiency_21_sft <= 0.351036,LONG,Ret_72,270,184,1.2757,1.7367
aroon_200_sft <= 81.5|minus_di_8_sft <= 9.068035,LONG,Ret_96,263,169,1.2732,1.4753
macdh_48_sft >= -0.602652|minus_di_120_sft <= 19.36696,LONG,Ret_72,231,165,1.3496,1.5947
aroon_8_sft >= 87.5|macdh_144_sft >= 0.003514,LONG,Ret_96,269,176,1.2614,1.6098
linreg_120_sft <= 0.321383|linreg_5_sft >= 0.81,LONG,Ret_96,365,208,1.2552,1.3688
macdh_13_sft <= -0.00398|minus_di_24_sft <= 16.763711,LONG,Ret_96,208,144,1.4204,1.8443
adx_144_sft >= 8.674729|adx_21_sft <= 36.246547,LONG,Ret_96,240,143,1.2707,1.5123
adx_5_sft >= 23.353106|minus_di_120_sft <= 19.36696,LONG,Ret_72,232,170,1.3216,1.6135
slope_34_sft >= 0.002637|efficiency_5_sft >= 0.894355,LONG,Ret_96,295,203,1.2883,1.3784
plus_di_48_sft >= 20.502817|aroon_48_sft >= 56.25,LONG,Ret_72,301,204,1.2727,1.5263
efficiency_120_sft >= 0.090539|adx_144_sft >= 8.674729,LONG,Ret_96,220,136,1.3286,1.7031
trix_144_sft <= 0.011814|aroon_34_sft >= 8.823529,LONG,Ret_96,347,199,1.2753,1.4108
linreg_120_sft >= -1.86|trix_48_sft >= -0.016889|minus_di_120_sft <= 19.36696,LONG,Ret_72,233,173,1.3826,1.57
aroon_200_sft >= -6.12|aroon_21_sft >= 0.71,LONG,Ret_96,258,175,1.3263,1.6302
aroon_21_sft >= -47.619049|plus_di_24_sft >= 24.478443,LONG,Ret_96,298,197,1.2592,1.6451
aroon_8_sft >= 62.5|aroon_34_sft >= 79.411766,LONG,Ret_96,225,145,1.3399,1.8853
adx_8_sft <= 31.781301|plus_di_24_sft >= 20.302818|aroon_8_sft >= 62.5,LONG,Ret_72,364,244,1.2667,1.4845
minus_di_120_sft <= 19.36696|slope_48_sft >= 0.00225,LONG,Ret_72,227,167,1.3559,1.5915
minus_di_55_sft <= 23.890937|ema_34_sft <= 1821.121729|linreg_120_sft >= -0.126013,LONG,Ret_96,327,28,1.2568,1.4533
slope_13_sft >= 0.07058|adx_21_sft <= 28.71629|ema_48_sft <= 1820.151318,LONG,Ret_96,298,31,1.2874,1.692
aroon_24_sft >= 54.166668|adx_34_sft <= ema_5_sft|efficiency_13_sft >= 0.589173,LONG,Ret_96,208,147,1.3381,1.6331
adx_144_sft >= 9.17|efficiency_5_sft >= 0.42897,LONG,Ret_96,221,129,1.2774,1.5712
aroon_5_sft <= 60.0|trix_34_sft >= -9.82|minus_di_55_sft <= 18.373706,LONG,Ret_72,279,188,1.3021,1.44
minus_di_120_sft <= 19.36696|linreg_120_sft >= -0.273661,LONG,Ret_72,232,172,1.343,1.5941
efficiency_13_sft >= 0.589173|trix_8_sft <= Close_sft|aroon_24_sft >= 54.166668,LONG,Ret_96,208,147,1.3381,1.6331
plus_di_21_sft >= 24.672607|ema_24_sft >= 1172.134839|efficiency_8_sft >= 0.543346,LONG,Ret_96,254,188,1.3619,1.7791
macdh_34_sft >= 0.010231|minus_di_5_sft >= 27.848064,LONG,Ret_96,304,197,1.3984,1.399
minus_di_120_sft <= 19.36696|ema_34_sft >= ema_200_sft,LONG,Ret_72,229,158,1.3319,1.6199
slope_200_sft <= 0.047973|minus_di_120_sft <= 19.36696,LONG,Ret_72,209,138,1.4306,1.7199
efficiency_13_sft >= 0.589173|aroon_24_sft >= 54.166668,LONG,Ret_96,208,147,1.3381,1.6331
trix_24_sft <= 0.028241|efficiency_200_sft >= 0.033791|minus_di_13_sft <= 11.24466,LONG,Ret_96,215,135,1.3263,1.6796
adx_144_sft >= 8.674729|plus_di_21_sft >= 16.055331,LONG,Ret_96,239,148,1.2518,1.3849
efficiency_13_sft <= 0.433265|linreg_144_sft <= 0.288994|ema_144_sft <= ema_5_sft,LONG,Ret_96,293,148,1.3517,1.4216
minus_di_48_sft <= 18.148701|macdh_21_sft <= 0.770179,LONG,Ret_72,290,175,1.2523,1.5005
ema_34_sft >= ema_144_sft|minus_di_120_sft <= 19.36696,LONG,Ret_72,227,162,1.325,1.7124
macdh_24_sft <= 0.744151|trix_34_sft <= 5.6|minus_di_120_sft <= 19.36696,LONG,Ret_72,221,156,1.3672,1.5655
efficiency_55_sft >= 0.024776|aroon_120_sft >= -78.333336|minus_di_120_sft <= 19.36696,LONG,Ret_72,231,168,1.347,1.5839
linreg_89_sft <= 0.374144|aroon_48_sft >= 56.25,LONG,Ret_72,306,171,1.3533,1.5264
adx_8_sft >= -9.31|adx_144_sft >= 4.905556|plus_di_8_sft >= 33.824101,LONG,Ret_96,272,186,1.2512,1.5763
slope_144_sft >= -0.04814|linreg_8_sft <= 1.038317|aroon_200_sft >= -9.1,LONG,Ret_96,280,183,1.2663,1.3333
plus_di_24_sft >= 16.324143|minus_di_120_sft <= 19.36696,LONG,Ret_72,231,171,1.3227,1.5711
minus_di_8_sft <= 9.068035|efficiency_55_sft <= 0.319204,LONG,Ret_96,271,181,1.3072,1.5209
minus_di_120_sft <= 19.36696|slope_120_sft <= ema_5_sft,LONG,Ret_72,233,173,1.3622,1.57
adx_5_sft >= 51.964844|ema_89_sft <= ema_48_sft|trix_8_sft >= -5.62,LONG,Ret_96,261,174,1.2612,1.6472
aroon_21_sft <= 80.952377|plus_di_8_sft >= 33.824101,LONG,Ret_96,278,181,1.259,1.826
minus_di_5_sft <= 6.560701|aroon_24_sft >= 83.333336,LONG,Ret_72,249,169,1.2782,1.6614
ema_89_sft <= 1819.098828|ema_120_sft <= ema_13_sft,LONG,Ret_96,291,24,1.2643,1.6572
minus_di_120_sft <= 19.36696|ema_21_sft >= -0.9,LONG,Ret_72,233,173,1.3622,1.57
minus_di_120_sft <= 19.36696|ema_55_sft >= 1.11,LONG,Ret_72,233,173,1.3622,1.57
ema_200_sft >= -6.8|minus_di_120_sft <= 19.36696,LONG,Ret_72,233,173,1.3622,1.57
plus_di_89_sft >= 16.629297|minus_di_120_sft <= 19.36696,LONG,Ret_72,233,173,1.3577,1.57
minus_di_120_sft <= 19.36696|efficiency_120_sft <= ema_144_sft,LONG,Ret_72,233,173,1.3622,1.57
minus_di_48_sft <= 24.046874|minus_di_120_sft <= 19.36696,LONG,Ret_72,233,173,1.3622,1.57
linreg_89_sft >= -6.38|minus_di_120_sft <= 19.36696,LONG,Ret_72,233,173,1.3622,1.57
efficiency_21_sft <= ema_48_sft|minus_di_120_sft <= 19.36696,LONG,Ret_72,233,173,1.3622,1.57
trix_8_sft >= -0.018752|aroon_34_sft >= -1.42,LONG,Ret_96,376,240,1.2526,1.2831
minus_di_120_sft <= 19.36696|trix_55_sft <= 8.65,LONG,Ret_72,233,173,1.3622,1.57
slope_13_sft <= ema_48_sft|minus_di_120_sft <= 19.36696,LONG,Ret_72,233,173,1.3622,1.57
efficiency_48_sft <= ema_48_sft|minus_di_120_sft <= 19.36696,LONG,Ret_72,233,173,1.3622,1.57
macdh_144_sft <= 6.16|minus_di_120_sft <= 19.36696,LONG,Ret_72,233,173,1.3622,1.57
minus_di_120_sft <= 19.36696|efficiency_8_sft <= ema_55_sft,LONG,Ret_72,233,173,1.3622,1.57
minus_di_120_sft <= 19.36696|slope_13_sft <= 5.16,LONG,Ret_72,233,173,1.3622,1.57
minus_di_13_sft <= ema_144_sft|minus_di_120_sft <= 19.36696,LONG,Ret_72,233,173,1.3622,1.57
efficiency_55_sft <= ema_55_sft|minus_di_120_sft <= 19.36696,LONG,Ret_72,233,173,1.3622,1.57
adx_8_sft >= 9.12|minus_di_120_sft <= 19.36696,LONG,Ret_72,233,173,1.3622,1.57
slope_21_sft <= 2.43|plus_di_21_sft <= ema_34_sft|minus_di_120_sft <= 19.36696,LONG,Ret_72,233,173,1.3622,1.57
minus_di_120_sft <= 19.36696|macdh_55_sft >= -3.57,LONG,Ret_72,233,173,1.3622,1.57
ema_48_sft >= 6.71|minus_di_120_sft <= 19.36696,LONG,Ret_72,233,173,1.3622,1.57
minus_di_120_sft <= 19.36696|linreg_120_sft >= -5.81,LONG,Ret_72,233,173,1.3622,1.57
minus_di_120_sft <= 19.36696|efficiency_21_sft <= 2.04,LONG,Ret_72,233,173,1.3622,1.57
minus_di_120_sft <= 19.36696|trix_21_sft >= -6.43|aroon_200_sft <= ema_55_sft,LONG,Ret_72,233,173,1.3622,1.57
ema_24_sft >= -9.3|minus_di_120_sft <= 19.36696,LONG,Ret_72,233,173,1.3622,1.57
minus_di_120_sft <= 19.36696|slope_144_sft <= 9.79,LONG,Ret_72,233,173,1.3622,1.57
slope_5_sft <= ema_24_sft|linreg_200_sft >= -1.28|minus_di_120_sft <= 19.36696,LONG,Ret_72,233,173,1.3622,1.57
minus_di_200_sft <= ema_48_sft|minus_di_120_sft <= 19.36696,LONG,Ret_72,233,173,1.3622,1.57
minus_di_120_sft <= 19.36696|macdh_34_sft <= ema_89_sft,LONG,Ret_72,233,173,1.3622,1.57
trix_48_sft <= ema_5_sft|minus_di_120_sft <= 19.36696,LONG,Ret_72,233,173,1.3622,1.57
minus_di_120_sft <= 19.36696|aroon_24_sft <= ema_48_sft,LONG,Ret_72,233,173,1.3622,1.57
minus_di_120_sft <= 19.36696|trix_5_sft <= 6.39,LONG,Ret_72,233,173,1.3622,1.57
minus_di_120_sft <= 19.36696|linreg_55_sft >= -3.27,LONG,Ret_72,233,173,1.3622,1.57
ema_5_sft >= 9.07|minus_di_120_sft <= 19.36696,LONG,Ret_72,233,173,1.3622,1.57
minus_di_120_sft <= 19.36696|efficiency_13_sft >= -4.25,LONG,Ret_72,233,173,1.3622,1.57
minus_di_120_sft <= 19.36696|trix_55_sft <= ema_200_sft,LONG,Ret_72,233,173,1.3622,1.57
plus_di_21_sft >= 8.48|minus_di_120_sft <= 19.36696,LONG,Ret_72,233,173,1.3622,1.57
minus_di_120_sft <= 19.36696|ema_200_sft >= -2.39,LONG,Ret_72,233,173,1.3622,1.57
trix_13_sft <= ema_34_sft|minus_di_120_sft <= 19.36696,LONG,Ret_72,233,173,1.3622,1.57
plus_di_13_sft >= -9.46|minus_di_120_sft <= 19.36696,LONG,Ret_72,233,173,1.3622,1.57
minus_di_120_sft <= 19.36696|adx_55_sft >= 1.81,LONG,Ret_72,233,173,1.3622,1.57
efficiency_120_sft <= 1.86|minus_di_120_sft <= 19.36696,LONG,Ret_72,233,173,1.3622,1.57
minus_di_120_sft <= 19.36696|trix_8_sft <= Close_sft,LONG,Ret_72,233,173,1.3622,1.57
minus_di_120_sft <= 19.36696|minus_di_144_sft <= 21.195539,LONG,Ret_72,233,173,1.3622,1.57
minus_di_120_sft <= 19.36696|efficiency_13_sft <= 1.2,LONG,Ret_72,233,173,1.3622,1.57
linreg_200_sft >= -2.63|minus_di_120_sft <= 19.36696|adx_144_sft <= ema_24_sft,LONG,Ret_72,233,173,1.3622,1.57
efficiency_24_sft <= ema_5_sft|minus_di_120_sft <= 19.36696,LONG,Ret_72,233,173,1.3622,1.57
efficiency_144_sft >= -2.98|minus_di_120_sft <= 19.36696,LONG,Ret_72,233,173,1.3622,1.57
minus_di_120_sft <= 19.36696|trix_120_sft <= ema_5_sft,LONG,Ret_72,233,173,1.3622,1.57
linreg_8_sft <= ema_48_sft|minus_di_120_sft <= 19.36696,LONG,Ret_72,233,173,1.3622,1.57
ema_120_sft >= 6.03|minus_di_120_sft <= 19.36696,LONG,Ret_72,233,173,1.3622,1.57
minus_di_120_sft <= 19.36696|slope_89_sft <= 6.94,LONG,Ret_72,233,173,1.3622,1.57
minus_di_120_sft <= 19.36696|plus_di_8_sft <= ema_48_sft,LONG,Ret_72,233,173,1.3622,1.57
plus_di_55_sft <= ema_200_sft|minus_di_120_sft <= 19.36696,LONG,Ret_72,233,173,1.3622,1.57
macdh_89_sft <= ema_5_sft|aroon_5_sft <= ema_120_sft|minus_di_120_sft <= 19.36696,LONG,Ret_72,233,173,1.3622,1.57
plus_di_8_sft >= 19.418318|adx_8_sft <= 18.754478,LONG,Ret_72,271,181,1.3611,1.5487
aroon_13_sft >= -76.92308|minus_di_120_sft <= 19.36696,LONG,Ret_72,233,173,1.3532,1.5727
trix_13_sft <= ema_55_sft|slope_13_sft >= -0.063572|minus_di_120_sft <= 19.36696,LONG,Ret_72,230,171,1.3217,1.5637
aroon_13_sft >= 84.615387|trix_34_sft >= 0.000779,LONG,Ret_96,206,144,1.3602,1.6214
minus_di_13_sft <= 31.571671|minus_di_120_sft <= 19.36696,LONG,Ret_72,233,173,1.3611,1.57
ema_55_sft <= 1646.929871|ema_21_sft >= ema_89_sft|trix_34_sft <= 0.023864,LONG,Ret_96,229,3,1.3806,51122865.3627
adx_200_sft >= 7.534551|slope_144_sft >= -0.04814,LONG,Ret_96,223,127,1.2968,1.5488
adx_144_sft >= 8.77|minus_di_5_sft >= 27.848064,LONG,Ret_96,220,127,1.2815,1.4341
minus_di_120_sft <= 19.36696|adx_120_sft <= ema_200_sft,LONG,Ret_72,233,173,1.3622,1.57
efficiency_200_sft >= 0.013435|plus_di_24_sft >= 24.478443|slope_5_sft >= 0.207647,LONG,Ret_96,244,174,1.3349,1.544
plus_di_13_sft >= 25.549025|aroon_8_sft <= 87.5,LONG,Ret_96,336,220,1.2667,1.4655
macdh_48_sft >= -0.602652|adx_200_sft >= 7.534551,LONG,Ret_72,307,158,1.2556,1.3615
slope_144_sft <= 0.028381|linreg_21_sft <= 7.2|plus_di_8_sft >= 33.824101,LONG,Ret_96,236,138,1.3423,1.687
minus_di_144_sft >= -9.66|adx_144_sft >= 9.16,LONG,Ret_96,224,133,1.2838,1.5752
ema_21_sft <= 1821.49585|ema_13_sft >= ema_120_sft,LONG,Ret_96,292,24,1.26,1.5574
adx_200_sft >= 7.37|aroon_24_sft >= 54.166668,LONG,Ret_72,233,138,1.3528,1.455
plus_di_55_sft >= -4.36|adx_144_sft >= 8.674729|linreg_34_sft <= 0.570776,LONG,Ret_96,243,139,1.2678,1.8303
adx_144_sft >= 8.674729|plus_di_55_sft <= ema_24_sft|plus_di_200_sft >= 17.951158,LONG,Ret_96,231,139,1.2669,1.7267
minus_di_120_sft <= 19.36696|plus_di_24_sft >= 13.168236,LONG,Ret_72,232,173,1.36,1.57
minus_di_13_sft <= 15.19733|trix_34_sft >= 0.000779|adx_89_sft <= ema_144_sft,LONG,Ret_72,288,194,1.2842,1.5465
minus_di_48_sft <= 21.037424|minus_di_144_sft <= ema_34_sft|minus_di_120_sft <= 19.36696,LONG,Ret_72,233,173,1.3539,1.5639
plus_di_120_sft >= 17.179078|minus_di_120_sft <= 19.36696,LONG,Ret_72,233,173,1.3333,1.57
minus_di_120_sft <= 23.144876|plus_di_24_sft >= 13.168236|efficiency_89_sft <= 0.049564,LONG,Ret_96,279,182,1.3005,1.3875
minus_di_8_sft <= 9.068035|adx_48_sft >= 9.69,LONG,Ret_96,250,173,1.3369,1.4504
ema_55_sft <= ema_13_sft|minus_di_120_sft <= 19.36696|minus_di_21_sft <= 29.617799,LONG,Ret_72,228,165,1.3222,1.6462
ema_13_sft >= ema_55_sft|minus_di_120_sft <= 19.36696,LONG,Ret_72,228,165,1.3222,1.6462
aroon_5_sft <= 60.0|minus_di_120_sft <= 19.36696,LONG,Ret_72,223,163,1.3194,1.6049
adx_144_sft >= 9.51,LONG,Ret_96,214,121,1.29,1.5658
plus_di_13_sft >= 1.55|ema_34_sft <= ema_21_sft|macdh_89_sft <= 0.483612,LONG,Ret_96,344,206,1.252,1.4904
minus_di_13_sft <= 11.24466|slope_89_sft <= 0.069769,LONG,Ret_96,225,123,1.2917,1.7494
minus_di_8_sft <= 7.99|trix_89_sft <= 0.014481|trix_5_sft >= -0.04967,LONG,Ret_96,235,145,1.302,1.5071
minus_di_120_sft <= 19.36696|aroon_48_sft >= -50.0,LONG,Ret_72,232,169,1.3058,1.6046
macdh_89_sft >= -0.466755|minus_di_120_sft <= 19.36696|linreg_34_sft <= ema_89_sft,LONG,Ret_72,231,167,1.353,1.5678
linreg_8_sft <= 0.01331|adx_144_sft >= 8.79,LONG,Ret_96,233,134,1.2514,1.505
plus_di_13_sft <= 25.549025|minus_di_120_sft <= 19.36696,LONG,Ret_48,250,192,1.3148,1.4378
minus_di_24_sft >= 29.113644|ema_48_sft <= 1820.151318,LONG,Ret_72,242,22,1.2755,1.1874
adx_200_sft >= 10.138517|efficiency_48_sft <= ema_144_sft,LONG,Ret_48,228,137,1.3301,1.841
minus_di_48_sft <= 18.148701|slope_120_sft <= 0.060953|efficiency_34_sft >= 0.167678,LONG,Ret_72,247,142,1.3691,1.5221
adx_55_sft >= 7.4|plus_di_48_sft >= 20.502817,LONG,Ret_96,325,217,1.2792,1.564
minus_di_200_sft <= 19.846724|macdh_5_sft <= 6.11,LONG,Ret_72,211,169,1.3154,1.3588
linreg_5_sft >= -0.52795|minus_di_13_sft <= 11.24466|minus_di_5_sft >= 6.560701,LONG,Ret_48,240,152,1.2561,1.3626
ema_55_sft <= ema_13_sft|minus_di_89_sft <= 19.024384,LONG,Ret_96,203,143,1.2512,2.1174
aroon_200_sft >= -7.95|aroon_34_sft <= 8.823529|ema_5_sft <= 1821.612354,LONG,Ret_72,259,23,1.2947,1.6622
linreg_120_sft <= ema_120_sft|plus_di_24_sft >= 24.478443,LONG,Ret_96,298,198,1.2893,1.6348
plus_di_24_sft >= 24.478443|macdh_200_sft >= -4.41,LONG,Ret_96,298,198,1.2893,1.6348
plus_di_21_sft >= 24.672607|trix_8_sft >= -9.19,LONG,Ret_96,306,207,1.2658,1.5851
linreg_8_sft >= 0.42|plus_di_24_sft >= 24.478443,LONG,Ret_96,283,192,1.2958,1.7167
minus_di_8_sft >= 26.836089|ema_8_sft <= Close_sft|minus_di_200_sft <= 24.350827,LONG,Ret_96,219,136,1.3471,1.0745
minus_di_21_sft <= 16.470973|adx_55_sft >= 10.040038,LONG,Ret_72,304,205,1.2834,1.3592
adx_200_sft >= 7.534551|trix_21_sft <= 0.014494,LONG,Ret_96,219,116,1.2759,1.4556
adx_120_sft >= 9.88|efficiency_8_sft <= 0.333899,LONG,Ret_96,229,139,1.257,1.4976
plus_di_24_sft >= 24.478443|aroon_21_sft >= 4.761905|macdh_48_sft >= -0.602652,LONG,Ret_96,291,192,1.2556,1.6578
aroon_34_sft >= 79.411766|slope_120_sft <= 5.87,LONG,Ret_96,246,161,1.253,1.4144
adx_200_sft >= 10.138517|macdh_21_sft >= -0.759769|slope_5_sft <= ema_55_sft,LONG,Ret_48,226,127,1.2887,1.8437
minus_di_120_sft <= 19.36696|linreg_5_sft <= Close_sft,LONG,Ret_72,233,173,1.3622,1.57
minus_di_34_sft >= 14.640895|minus_di_120_sft <= 19.36696,LONG,Ret_72,205,159,1.4029,1.5943
trix_21_sft <= 5.5|aroon_34_sft >= 79.411766,LONG,Ret_96,246,161,1.253,1.4144
slope_48_sft >= 0.044284|minus_di_5_sft <= 4.25|aroon_8_sft >= 87.5,LONG,Ret_48,245,174,1.401,1.2942
ema_144_sft >= 0.64|minus_di_120_sft <= 19.36696,LONG,Ret_72,233,173,1.3622,1.57
linreg_55_sft <= ema_5_sft|minus_di_120_sft <= 19.36696,LONG,Ret_72,233,173,1.3622,1.57
minus_di_200_sft <= 19.846724|linreg_5_sft <= ema_5_sft,LONG,Ret_72,211,169,1.2897,1.357
ema_13_sft >= ema_24_sft|macdh_13_sft <= 0.396837|trix_89_sft >= 0.00102,LONG,Ret_96,215,141,1.2823,1.6059
minus_di_144_sft <= 19.549842|macdh_21_sft <= 0.770179,LONG,Ret_72,213,155,1.288,1.5141
minus_di_8_sft <= 9.068035|trix_21_sft <= 0.029969,LONG,Ret_96,269,174,1.2893,1.5009
minus_di_200_sft <= 19.846724|trix_120_sft <= ema_5_sft,LONG,Ret_72,211,169,1.2897,1.357
efficiency_5_sft <= 0.083704|slope_13_sft >= 0.002801|minus_di_120_sft <= 23.144876,LONG,Ret_96,294,201,1.2598,1.2945
aroon_8_sft <= 6.35|minus_di_21_sft <= 16.470973,LONG,Ret_72,254,168,1.2985,1.5878
linreg_48_sft <= 0.232999|plus_di_8_sft >= 33.824101,LONG,Ret_96,265,157,1.3248,1.6568
macdh_13_sft >= -0.81973|minus_di_120_sft <= 19.36696,LONG,Ret_72,231,170,1.3242,1.5339
plus_di_21_sft >= 24.672607|linreg_24_sft >= -1.6,LONG,Ret_96,306,206,1.2658,1.6061
trix_34_sft <= 0.023864|minus_di_8_sft <= 9.068035|efficiency_8_sft >= 0.543346,LONG,Ret_96,241,157,1.3827,1.5255
trix_34_sft >= 0.000779|minus_di_120_sft <= 19.36696,LONG,Ret_72,220,153,1.4142,1.6645
linreg_5_sft >= -0.52795|minus_di_120_sft <= 19.36696,LONG,Ret_72,228,170,1.3235,1.6154
slope_144_sft <= ema_200_sft|plus_di_21_sft >= 24.672607,LONG,Ret_96,306,207,1.2658,1.5851
linreg_200_sft <= 0.129416|trix_120_sft >= 0.001097,LONG,SINTETICA_REVERSE,286,120,1.3339,0.9679
linreg_48_sft >= 0.232999|linreg_5_sft >= -1.229|ema_5_sft <= 1821.612354,LONG,Ret_72,257,29,1.3449,1.5916
aroon_34_sft >= 79.411766|aroon_89_sft >= -77.528091,LONG,Ret_96,246,161,1.253,1.4144
aroon_24_sft >= -79.166664|aroon_21_sft >= -2.35|efficiency_5_sft >= 0.894355,LONG,Ret_96,315,206,1.2566,1.4105
slope_5_sft <= 0.003039|minus_di_21_sft <= 16.470973,LONG,Ret_96,222,143,1.3219,1.9208
efficiency_13_sft <= 0.050229|slope_5_sft >= 0.095965,LONG,Ret_72,273,205,1.3239,1.276
linreg_89_sft <= ema_89_sft|plus_di_48_sft >= 17.550961|minus_di_120_sft <= 19.36696,LONG,Ret_72,232,171,1.3011,1.5643
efficiency_89_sft <= 0.049564|macdh_13_sft <= -0.387447,LONG,Ret_96,231,161,1.34,1.519
plus_di_24_sft >= 24.478443|slope_8_sft >= -0.167023|slope_21_sft <= 3.71,LONG,Ret_96,298,198,1.2901,1.6348
slope_13_sft >= 0.07058|aroon_48_sft <= -50.0,LONG,Ret_72,213,145,1.3259,1.6427
plus_di_89_sft >= 18.382777|slope_13_sft >= 0.1502,LONG,Ret_96,259,192,1.3133,1.2365
macdh_120_sft <= 0.55|plus_di_24_sft >= 24.478443,LONG,Ret_96,290,174,1.2898,1.6094
macdh_13_sft <= 0.396837|minus_di_5_sft <= 6.560701,LONG,Ret_72,227,99,1.3921,1.8513
macdh_21_sft >= -0.360355|aroon_13_sft <= -76.92308,LONG,Ret_96,259,118,1.3406,1.1179
adx_200_sft >= 8.16|efficiency_8_sft <= 7.9,LONG,Ret_96,213,117,1.2973,1.4121
efficiency_21_sft <= 3.72|aroon_34_sft >= -76.470589|plus_di_21_sft >= 24.672607,LONG,Ret_96,305,205,1.2903,1.5975
slope_200_sft <= 0.024596|minus_di_24_sft <= 16.763711|macdh_200_sft <= 3.56,LONG,Ret_96,212,119,1.2952,1.2087
slope_55_sft <= ema_144_sft|plus_di_21_sft >= 24.672607,LONG,Ret_96,306,207,1.2658,1.5851
minus_di_120_sft <= 19.36696|slope_200_sft >= -0.041,LONG,Ret_72,233,173,1.3622,1.57
linreg_48_sft >= -0.433203|plus_di_13_sft >= 25.549025,LONG,Ret_96,340,214,1.2847,1.4878
macdh_5_sft <= 0.001864|minus_di_120_sft <= 19.36696,LONG,Ret_48,269,206,1.3484,1.4049
ema_13_sft >= 6.85|macdh_13_sft >= -0.00398|plus_di_24_sft >= 24.478443,LONG,Ret_96,288,193,1.2749,1.6855
minus_di_120_sft <= 19.36696|plus_di_13_sft <= 25.549025,LONG,Ret_48,250,192,1.3148,1.4378
slope_120_sft <= 0.060953|adx_200_sft >= 10.138517,LONG,Ret_48,216,118,1.4224,1.9622
ema_34_sft >= ema_55_sft|efficiency_120_sft <= 0.042423|ema_34_sft <= 1821.121729,LONG,Ret_72,235,22,1.3047,1.694
plus_di_24_sft >= 24.478443|trix_8_sft <= 5.47|efficiency_55_sft <= 9.77,LONG,Ret_96,298,198,1.2893,1.6348
minus_di_200_sft <= 19.846724|linreg_5_sft <= ema_34_sft,LONG,Ret_72,211,169,1.2897,1.357
adx_200_sft >= 10.138517|macdh_55_sft <= ema_200_sft,LONG,Ret_48,228,137,1.3301,1.841
efficiency_55_sft <= 0.063022|plus_di_34_sft >= 20.409904,LONG,Ret_96,287,184,1.2728,1.3564
linreg_200_sft <= 0.240093|slope_144_sft >= -0.022586,LONG,Ret_96,360,183,1.2784,1.3809
plus_di_24_sft >= 24.478443|slope_5_sft >= -0.086632,LONG,Ret_96,298,198,1.2724,1.6451
adx_144_sft >= 9.66|macdh_34_sft <= 0.666284,LONG,Ret_96,202,108,1.3105,1.6911
ema_13_sft <= 1651.514709|efficiency_89_sft <= 0.049564|efficiency_55_sft >= 0.024776,LONG,Ret_96,228,5,1.346,3.5978
minus_di_48_sft <= 18.148701|minus_di_8_sft >= 9.068035|slope_21_sft <= ema_5_sft,LONG,Ret_72,283,182,1.2596,1.6801
minus_di_144_sft <= 19.549842|aroon_13_sft >= 53.846153,LONG,Ret_72,202,153,1.4644,1.396
minus_di_55_sft <= 23.890937|adx_144_sft >= 8.674729,LONG,Ret_96,221,138,1.2686,1.5961
slope_5_sft <= 0.207647|minus_di_120_sft <= 19.36696,LONG,Ret_72,222,168,1.4144,1.4253
linreg_48_sft >= 0.232999|slope_144_sft >= -0.04814|linreg_89_sft <= 0.180637,LONG,Ret_72,229,176,1.2869,1.3715
ema_89_sft <= 1641.957336|slope_8_sft >= 0.178176,LONG,Ret_96,211,3,1.2651,91546336.4588
adx_200_sft >= 7.534551|slope_120_sft >= 0.002734|minus_di_55_sft >= 15.956176,LONG,Ret_72,209,129,1.4386,1.3126
efficiency_13_sft >= 0.589173|macdh_5_sft >= 0.408306,LONG,Ret_96,240,177,1.2625,1.4629
slope_89_sft >= 0.034779|trix_34_sft >= 0.000779,LONG,Ret_48,337,259,1.257,1.3899
minus_di_120_sft <= 19.36696|efficiency_21_sft <= ema_89_sft,LONG,Ret_72,233,173,1.3622,1.57
adx_5_sft >= 51.964844|slope_13_sft >= -0.138525,LONG,Ret_72,443,277,1.2527,1.3108
linreg_21_sft <= 0.015578|adx_144_sft >= 8.674729,LONG,Ret_96,226,129,1.2638,1.6008
trix_48_sft <= 0.010271|linreg_89_sft >= 0.007437,LONG,Ret_72,293,169,1.2619,1.7599
minus_di_120_sft <= 19.36696|linreg_34_sft >= 0.016606,LONG,Ret_72,222,160,1.3067,1.6031
aroon_144_sft >= -79.166664|minus_di_55_sft <= 21.074759|efficiency_21_sft <= 0.039904,LONG,Ret_72,300,202,1.253,1.6511
ema_200_sft <= ema_13_sft|ema_144_sft <= 1818.666455|aroon_13_sft >= 53.846153,LONG,Ret_72,298,28,1.4038,1.6004
linreg_89_sft <= 0.180637|plus_di_34_sft >= 24.021143,LONG,Ret_96,235,133,1.251,1.7794
aroon_34_sft <= Close_sft|adx_200_sft >= 10.138517,LONG,Ret_48,228,137,1.3301,1.841
efficiency_5_sft >= 0.894355|aroon_8_sft >= 3.89|slope_48_sft >= -0.038021,LONG,Ret_96,303,199,1.2826,1.3219
macdh_89_sft >= -1.56|minus_di_21_sft <= ema_89_sft|adx_200_sft >= 10.138517,LONG,Ret_48,227,131,1.336,1.9551
plus_di_24_sft >= 24.478443|macdh_55_sft <= ema_13_sft,LONG,Ret_96,298,198,1.2893,1.6348
adx_144_sft >= 8.674729|macdh_120_sft <= 3.85,LONG,Ret_96,250,151,1.2598,1.5623
adx_24_sft <= 27.124339|minus_di_55_sft <= 18.373706,LONG,Ret_72,261,184,1.283,1.4767
macdh_34_sft <= ema_24_sft|plus_di_8_sft >= 33.824101|aroon_21_sft <= 80.952377,LONG,Ret_96,278,181,1.259,1.826
trix_24_sft >= 0.013661|plus_di_34_sft <= 27.653975|trix_200_sft <= 0.005868,LONG,Ret_48,226,140,1.2639,1.3285
macdh_144_sft >= 0.198633|efficiency_48_sft <= 0.245374,LONG,Ret_96,203,165,1.2502,1.6439
minus_di_120_sft <= 21.184851|aroon_200_sft <= 57.0|slope_48_sft >= 0.00225,LONG,Ret_96,231,138,1.2772,1.6569
efficiency_89_sft <= 0.049564|linreg_55_sft >= -0.185778,LONG,Ret_96,294,181,1.3455,1.2896
plus_di_24_sft >= 24.478443|plus_di_200_sft >= -4.14,LONG,Ret_96,298,198,1.2893,1.6348
trix_24_sft >= 0.000709|adx_48_sft <= 14.516132,LONG,Ret_96,234,156,1.2513,1.6747
ema_89_sft <= ema_8_sft|adx_144_sft >= 8.674729,LONG,Ret_72,226,145,1.2551,1.4256
efficiency_13_sft <= 0.123341|slope_24_sft >= 0.056331,LONG,Ret_96,207,164,1.3273,1.5885
adx_48_sft <= 10.71991|efficiency_21_sft <= 0.099101,LONG,Ret_48,240,164,1.2614,1.4814
efficiency_34_sft >= 0.282634|aroon_48_sft >= -77.083336,LONG,Ret_96,339,221,1.263,1.596
efficiency_48_sft >= -5.76|plus_di_55_sft >= -9.73|aroon_34_sft >= 79.411766,LONG,Ret_96,246,161,1.253,1.4144
plus_di_8_sft <= ema_89_sft|efficiency_13_sft >= 0.589173|slope_120_sft >= -0.024799,LONG,Ret_96,284,191,1.2689,1.3676
efficiency_34_sft >= 0.282634|ema_55_sft <= 1819.651587,LONG,Ret_96,316,32,1.2649,1.3746
linreg_200_sft >= 0.019063|efficiency_89_sft <= 0.178958,LONG,Ret_96,238,166,1.291,1.4552
efficiency_48_sft >= 0.025721|efficiency_34_sft >= 0.282634|trix_21_sft >= 0.000711,LONG,Ret_72,273,195,1.2684,1.5691
efficiency_144_sft <= 0.081806|minus_di_5_sft <= ema_120_sft|minus_di_8_sft <= 9.068035,LONG,Ret_72,208,130,1.355,1.5084
minus_di_48_sft <= 21.037424|ema_5_sft <= 1821.612354|linreg_120_sft <= 0.321383,LONG,Ret_96,298,33,1.2548,1.4722
efficiency_8_sft <= 0.159616|efficiency_120_sft <= 0.090539,LONG,Ret_96,317,190,1.3235,1.2828
adx_144_sft >= 8.674729|plus_di_89_sft >= -9.0,LONG,Ret_96,250,151,1.2598,1.5251
plus_di_24_sft >= 24.478443|aroon_89_sft >= -77.528091|ema_5_sft >= 1227.406311,LONG,Ret_96,226,196,1.2734,1.5864
slope_34_sft <= 0.049592|minus_di_144_sft <= 19.549842,LONG,Ret_48,229,170,1.272,1.8863
aroon_21_sft >= 52.380951|slope_8_sft >= -0.074139|ema_89_sft <= 1819.098828,LONG,Ret_96,310,29,1.2613,1.2282
trix_5_sft >= 0.024925|aroon_34_sft >= 79.411766,LONG,Ret_96,218,150,1.295,1.5152
minus_di_200_sft <= 19.846724|aroon_120_sft <= ema_21_sft|slope_89_sft >= -2.63,LONG,Ret_72,211,169,1.2897,1.357
efficiency_13_sft <= 0.123341|adx_5_sft >= 51.964844,LONG,Ret_48,238,120,1.3225,1.3196
trix_200_sft <= 0.000442|trix_24_sft <= 0.000709|slope_120_sft <= ema_144_sft,LONG,Ret_72,217,110,1.275,1.2082
minus_di_89_sft <= 21.15653|efficiency_120_sft <= 0.042423,LONG,Ret_96,218,130,1.3155,1.96
linreg_48_sft >= -0.196274|slope_24_sft <= 0.119522|linreg_89_sft <= 0.180637,LONG,Ret_96,349,185,1.2733,1.2491
ema_21_sft >= 5.85|minus_di_120_sft >= 17.654225|minus_di_8_sft <= 8.66,LONG,Ret_96,240,159,1.2864,1.5747
aroon_34_sft >= 6.63|minus_di_200_sft <= 19.846724,LONG,Ret_72,200,154,1.3095,1.3786
plus_di_5_sft >= 6.407198|minus_di_21_sft >= 29.617799,LONG,Ret_96,208,118,1.3049,1.2383
trix_13_sft >= 0.001017|adx_200_sft >= 7.534551,LONG,Ret_96,204,119,1.3424,1.5133
plus_di_21_sft >= 24.672607|efficiency_8_sft <= 3.79,LONG,Ret_96,306,207,1.2658,1.5851
minus_di_144_sft <= 23.01281|efficiency_48_sft >= 0.245374,LONG,Ret_72,309,216,1.2702,1.3223
macdh_5_sft >= -0.410792|adx_200_sft >= 10.138517,LONG,Ret_48,223,131,1.4773,1.9604
plus_di_24_sft >= 24.478443|aroon_8_sft <= ema_48_sft|minus_di_55_sft <= 26.68474,LONG,Ret_96,298,198,1.2756,1.6348
trix_24_sft >= 0.013661|minus_di_5_sft <= 18.951136,LONG,Ret_96,206,151,1.2642,1.8846
aroon_89_sft <= 7.79|aroon_21_sft <= -80.952377,LONG,Ret_96,221,116,1.3506,0.9796
slope_120_sft >= 0.002734|ema_5_sft <= 1651.37854,LONG,Ret_96,242,3,1.2565,61526649.2088
efficiency_55_sft <= 0.024776|minus_di_55_sft <= 21.074759|plus_di_89_sft >= -6.4,LONG,Ret_96,212,142,1.3058,1.5224
adx_24_sft <= ema_8_sft|trix_21_sft >= 0.000711|adx_8_sft <= 18.754478,LONG,Ret_72,211,140,1.3234,1.1534
slope_89_sft >= -0.06065|efficiency_34_sft >= 0.282634,LONG,Ret_96,327,207,1.2511,1.6117
macdh_24_sft >= 0.356385|slope_5_sft <= 4.63|efficiency_5_sft >= 0.97,LONG,Ret_96,209,175,1.4975,1.276
aroon_21_sft >= 4.761905|adx_144_sft >= 8.674729|trix_13_sft <= 4.46,LONG,Ret_96,227,136,1.3082,1.4867
aroon_34_sft >= 4.43|aroon_200_sft <= 57.0,LONG,Ret_96,320,191,1.2566,1.5103
macdh_13_sft >= -0.00398|efficiency_13_sft >= 0.589173,LONG,Ret_96,255,179,1.3028,1.3894
adx_144_sft >= 8.674729|linreg_200_sft <= 9.38,LONG,Ret_96,250,151,1.2598,1.5251
aroon_5_sft >= 100.0|macdh_144_sft >= 0.003514,LONG,Ret_72,333,216,1.2681,1.5336
macdh_120_sft <= 0.004787|plus_di_13_sft >= 25.549025,LONG,Ret_96,214,140,1.268,1.5545
macdh_8_sft >= -4.41|minus_di_200_sft <= 19.846724,LONG,Ret_72,211,168,1.2897,1.4159
adx_34_sft <= 12.554484|aroon_55_sft <= 9.63,LONG,Ret_72,207,134,1.3138,1.7923
efficiency_89_sft <= 0.018904|efficiency_5_sft >= 0.685103,LONG,Ret_96,226,139,1.2539,1.1061
ema_89_sft >= ema_144_sft|aroon_89_sft <= 2.247191,LONG,Ret_48,228,133,1.2531,1.2655
linreg_5_sft >= -1.229|plus_di_24_sft >= 24.478443,LONG,Ret_96,298,198,1.2897,1.6439
minus_di_200_sft <= 19.846724|adx_5_sft >= -4.54,LONG,Ret_72,211,169,1.2897,1.357
plus_di_24_sft >= 24.478443|aroon_144_sft >= -54.861111|ema_34_sft <= 1821.121729,LONG,Ret_96,242,23,1.2906,2.4446
trix_144_sft <= 0.006579|efficiency_89_sft <= 0.049564|macdh_5_sft >= 0.001864,LONG,Ret_96,219,124,1.2658,1.305
plus_di_24_sft >= 20.302818|adx_48_sft >= 10.71991|ema_48_sft <= 1820.151318,LONG,Ret_96,295,32,1.2752,1.6478
aroon_48_sft >= 81.25|linreg_13_sft <= 0.380393,LONG,Ret_72,206,132,1.2559,1.6122
ema_24_sft <= 1821.353101|plus_di_200_sft >= 20.583717|plus_di_89_sft >= 20.60993,LONG,Ret_96,251,26,1.2688,1.1001
linreg_120_sft <= 0.013926|minus_di_8_sft <= 13.611489|macdh_24_sft <= 0.356385,LONG,Ret_48,223,84,1.2978,0.98
efficiency_8_sft >= 0.725035|plus_di_8_sft >= 26.529333,LONG,Ret_96,262,176,1.3369,1.5303
slope_55_sft <= 0.04209|minus_di_5_sft <= 6.560701|slope_8_sft >= 0.002395,LONG,Ret_96,233,132,1.3723,1.6365
minus_di_120_sft <= 19.36696|linreg_200_sft <= ema_48_sft,LONG,Ret_72,233,173,1.3622,1.57
aroon_120_sft >= 8.98|ema_48_sft <= 1820.151318|trix_200_sft <= 0.005868,LONG,Ret_96,199,17,1.3717,1.3716
adx_55_sft <= 13.603822|efficiency_21_sft <= 0.039904,LONG,Ret_96,232,145,1.279,1.2374
linreg_8_sft >= 0.466946|adx_200_sft >= 7.534551,LONG,Ret_96,209,126,1.2897,1.4027
plus_di_34_sft >= 7.93|plus_di_24_sft >= 24.478443,LONG,Ret_96,298,198,1.2893,1.6348
minus_di_120_sft <= 19.36696|minus_di_200_sft <= 21.245317,LONG,Ret_72,233,173,1.3581,1.57
minus_di_120_sft <= 19.36696|efficiency_34_sft <= ema_8_sft,LONG,Ret_72,233,173,1.3622,1.57
ema_89_sft >= 1172.434277|minus_di_55_sft <= 21.074759|efficiency_144_sft <= 0.081806,LONG,Ret_96,232,153,1.25,1.5889
macdh_24_sft <= 0.744151|minus_di_89_sft <= 21.15653|plus_di_55_sft >= 3.9,LONG,Ret_96,308,196,1.2715,1.6089
adx_34_sft <= 12.554484|adx_13_sft >= 15.098711,LONG,Ret_96,210,139,1.2585,1.4595
macdh_89_sft <= ema_55_sft|plus_di_21_sft >= 24.672607,LONG,Ret_96,306,207,1.2658,1.5851
trix_24_sft >= -0.011625|minus_di_120_sft <= 19.36696|linreg_200_sft >= -5.65,LONG,Ret_72,231,171,1.3978,1.5623
slope_144_sft <= 0.028381|plus_di_34_sft >= 20.409904,LONG,Ret_96,316,182,1.2735,1.4938
adx_8_sft >= 18.754478|plus_di_24_sft >= 24.478443,LONG,Ret_96,297,196,1.3048,1.6602
trix_55_sft >= 0.00109|aroon_200_sft <= 57.0,LONG,Ret_48,327,183,1.2679,1.6179
plus_di_144_sft >= 17.471612|adx_21_sft >= 28.71629|aroon_21_sft >= 4.761905,LONG,Ret_96,201,127,1.2936,1.2964
plus_di_48_sft >= 20.502817|plus_di_24_sft >= 24.478443,LONG,Ret_96,294,198,1.2767,1.6197
slope_8_sft >= 0.083389|efficiency_13_sft <= 0.050229,LONG,Ret_72,223,180,1.2581,1.3984
ema_55_sft <= 1646.929871|slope_200_sft >= -0.018882,LONG,Ret_96,287,3,1.2815,64929989.9775
adx_144_sft >= 9.37|macdh_24_sft <= 0.744151|plus_di_144_sft >= 18.850683,LONG,Ret_72,212,123,1.3179,1.6175
plus_di_48_sft >= 17.550961|efficiency_144_sft <= 0.081806|trix_24_sft <= 0.000709,LONG,Ret_96,245,152,1.3135,1.3961
minus_di_144_sft <= 19.549842|adx_34_sft >= 12.554484,LONG,Ret_72,200,157,1.261,1.4696
macdh_89_sft <= 6.87|efficiency_34_sft <= 0.077306|slope_21_sft >= 0.059454,LONG,Ret_96,227,176,1.2653,1.4713
plus_di_21_sft >= 24.672607|plus_di_5_sft >= 6.407198,LONG,Ret_96,306,207,1.2658,1.5851
macdh_24_sft >= 0.006796|aroon_144_sft >= -8.57,LONG,Ret_72,326,210,1.254,1.4509
adx_8_sft >= 42.556431|minus_di_55_sft <= 18.373706,LONG,Ret_72,208,154,1.3069,1.253
ema_21_sft <= 1821.49585|ema_21_sft >= ema_200_sft|aroon_89_sft <= 57.303371,LONG,Ret_96,238,20,1.2706,2.1503
minus_di_120_sft <= 19.36696|adx_34_sft <= ema_24_sft,LONG,Ret_72,233,173,1.3622,1.57
aroon_144_sft <= 1.9|trix_200_sft <= 0.000442,LONG,Ret_72,203,102,1.348,1.2651
plus_di_21_sft >= 24.672607|adx_144_sft >= 0.91|ema_34_sft >= 2.09,LONG,Ret_96,306,207,1.2658,1.5851
slope_48_sft >= 0.044284|aroon_120_sft <= 58.333332,LONG,Ret_96,236,163,1.2952,1.7416
minus_di_120_sft <= 19.36696|minus_di_48_sft <= ema_200_sft,LONG,Ret_72,233,173,1.3622,1.57
adx_200_sft >= 10.138517|macdh_55_sft >= -0.570144|adx_5_sft >= -0.95,LONG,Ret_48,222,121,1.3754,1.81
plus_di_55_sft >= -5.93|plus_di_48_sft >= 20.502817|trix_89_sft <= 0.014481,LONG,Ret_96,311,188,1.2621,1.5606
linreg_55_sft <= 2.45|minus_di_200_sft <= 19.846724,LONG,Ret_72,211,166,1.2897,1.5725
minus_di_13_sft >= 11.24466|minus_di_120_sft <= 19.36696,LONG,Ret_72,212,163,1.4637,1.5439
macdh_24_sft >= -0.349489|minus_di_144_sft <= 19.549842|linreg_24_sft >= -0.586736,LONG,Ret_72,219,159,1.3323,1.5681
aroon_89_sft >= -53.932583|linreg_8_sft <= 0.466946|minus_di_8_sft <= 13.611489,LONG,Ret_72,345,201,1.257,1.2748
slope_89_sft <= 0.069769|plus_di_21_sft >= 24.672607,LONG,Ret_96,294,182,1.2774,1.7277
minus_di_24_sft >= -1.22|minus_di_200_sft <= 19.846724,LONG,Ret_72,211,169,1.2897,1.357
adx_200_sft >= 8.31|slope_200_sft >= -3.3|macdh_34_sft <= 0.666284,LONG,Ret_96,202,106,1.409,1.5447
ema_89_sft <= ema_55_sft|minus_di_34_sft <= 17.529027,LONG,Ret_72,279,184,1.2779,1.5038
minus_di_24_sft >= 29.113644|ema_120_sft <= 1819.635034,LONG,Ret_72,241,21,1.2997,1.0528
slope_21_sft <= ema_34_sft|plus_di_24_sft >= 24.478443,LONG,Ret_96,298,198,1.2893,1.6348
adx_200_sft >= 10.138517|plus_di_144_sft <= ema_21_sft,LONG,Ret_48,228,137,1.3301,1.841
aroon_34_sft >= 79.411766|ema_24_sft >= -5.48,LONG,Ret_96,246,161,1.253,1.4144
trix_120_sft <= ema_200_sft|minus_di_200_sft <= 19.846724,LONG,Ret_72,211,169,1.2897,1.357
linreg_24_sft >= -7.43|adx_55_sft <= 13.603822|efficiency_55_sft <= 0.024776,LONG,Ret_72,256,171,1.2759,1.3653
plus_di_48_sft >= 17.550961|linreg_5_sft <= -0.52795|ema_34_sft <= ema_144_sft,LONG,Ret_72,225,143,1.34,1.2917
aroon_34_sft >= 79.411766|aroon_24_sft >= -50.0,LONG,Ret_96,246,161,1.253,1.4144
adx_144_sft >= 6.372188|adx_200_sft >= 10.138517,LONG,Ret_48,228,137,1.3301,1.841
efficiency_5_sft >= 0.894355|plus_di_48_sft >= 17.550961,LONG,Ret_96,333,221,1.3195,1.4171
adx_21_sft >= 21.016172|adx_144_sft >= 8.674729,LONG,Ret_96,212,125,1.2982,1.788
ema_120_sft <= 1819.635034|plus_di_21_sft >= 20.270658|adx_8_sft <= 18.754478,LONG,Ret_72,221,20,1.3116,0.9928
macdh_8_sft <= 8.44|slope_21_sft >= 0.125629|minus_di_144_sft <= 24.867235,LONG,Ret_96,237,183,1.2687,1.3679
aroon_21_sft >= -3.67|aroon_34_sft >= 7.36|plus_di_34_sft >= 20.409904,LONG,Ret_96,325,208,1.2588,1.4604
plus_di_200_sft >= 19.087056|ema_144_sft >= ema_48_sft,LONG,Ret_72,246,162,1.2759,0.9667
trix_55_sft <= 0.009512|trix_34_sft >= 0.000779,LONG,Ret_72,265,144,1.3096,1.677
plus_di_21_sft >= 24.672607|slope_8_sft >= -0.074139,LONG,Ret_96,305,207,1.2623,1.5873
adx_144_sft >= 8.674729|aroon_8_sft <= -87.5,LONG,Ret_96,201,111,1.48,1.5986
minus_di_89_sft <= 21.15653|linreg_144_sft <= 0.288994|efficiency_144_sft <= 0.081806,LONG,Ret_96,256,132,1.2576,1.2641
efficiency_200_sft >= 0.12|efficiency_21_sft >= 0.099101|macdh_24_sft <= 0.006796,LONG,Ret_72,209,141,1.3042,1.3691
linreg_21_sft <= 0.321069|minus_di_8_sft <= 9.068035,LONG,Ret_96,206,77,1.5237,1.4663
adx_5_sft >= 51.964844|plus_di_24_sft >= 24.478443,LONG,Ret_96,241,170,1.2792,1.6332
macdh_13_sft >= -0.387447|minus_di_21_sft >= 29.617799,LONG,Ret_72,204,80,1.3179,1.1453
trix_24_sft >= 0.000709|minus_di_8_sft <= 19.812439,LONG,Ret_72,371,251,1.2596,1.4086
adx_144_sft <= 11.764087|linreg_34_sft <= 0.263471|minus_di_8_sft <= 9.068035,LONG,Ret_72,215,106,1.2838,1.2819
trix_55_sft <= 0.019001|adx_48_sft >= 8.392473|ema_144_sft <= ema_34_sft,LONG,Ret_72,325,204,1.2716,1.9158
minus_di_21_sft <= ema_8_sft|macdh_5_sft >= 0.408306|efficiency_89_sft <= 0.106404,LONG,Ret_96,310,207,1.2594,1.4309
efficiency_48_sft <= ema_89_sft|minus_di_48_sft <= 21.037424|adx_5_sft <= 51.964844,LONG,Ret_96,329,214,1.2726,1.7287
macdh_48_sft <= 0.601385|aroon_200_sft >= 23.0|linreg_48_sft >= 0.013999,LONG,Ret_96,223,151,1.277,1.4592
macdh_200_sft <= 8.84|plus_di_21_sft >= 24.672607,LONG,Ret_96,306,207,1.2658,1.5851
aroon_48_sft >= 56.25|ema_34_sft <= 1821.121729,LONG,Ret_96,252,22,1.3153,2.8998
macdh_24_sft >= -0.738596|plus_di_21_sft >= 24.672607,LONG,Ret_96,306,206,1.2576,1.565
adx_144_sft >= 8.674729|trix_200_sft <= 7.88,LONG,Ret_96,250,151,1.2598,1.5251
minus_di_200_sft <= 19.846724|ema_144_sft >= ema_144_sft,LONG,Ret_72,211,169,1.2897,1.357
trix_8_sft <= ema_89_sft|minus_di_200_sft <= 19.846724,LONG,Ret_72,211,169,1.2897,1.357
minus_di_8_sft <= 13.611489|adx_200_sft >= 2.34|efficiency_13_sft >= 0.589173,LONG,Ret_96,233,166,1.3232,1.4756
efficiency_34_sft <= 0.393184|plus_di_24_sft >= 24.478443,LONG,Ret_96,296,195,1.262,1.7733
ema_120_sft <= ema_55_sft|ema_200_sft <= 1820.673877,LONG,Ret_72,336,30,1.2987,1.5772
plus_di_55_sft <= 20.551075|aroon_24_sft >= -79.166664|aroon_89_sft >= 7.11,LONG,Ret_48,273,177,1.2957,1.2508
slope_8_sft >= 0.083389|aroon_34_sft >= 79.411766,LONG,Ret_96,230,152,1.2792,1.575
slope_48_sft <= 0.044284|plus_di_8_sft >= 26.529333,LONG,Ret_96,326,196,1.2523,1.555
plus_di_24_sft >= 24.478443|linreg_34_sft <= ema_34_sft,LONG,Ret_96,298,198,1.2893,1.6348
minus_di_120_sft <= 19.36696|plus_di_48_sft <= 26.614041,LONG,Ret_72,209,158,1.2861,1.6088
efficiency_13_sft <= 0.260012|linreg_48_sft >= 0.232999,LONG,Ret_96,234,195,1.2566,1.4395
slope_5_sft >= 0.207647|adx_8_sft >= 42.556431,LONG,Ret_72,252,179,1.2511,1.3101
minus_di_89_sft <= 21.15653|plus_di_24_sft >= 24.478443|adx_24_sft <= 27.124339,LONG,Ret_96,239,163,1.3178,2.0714
aroon_120_sft <= ema_89_sft|adx_200_sft >= 10.138517,LONG,Ret_48,228,137,1.3301,1.841
plus_di_24_sft >= 24.478443|linreg_13_sft >= -7.19,LONG,Ret_96,298,198,1.2893,1.6348
macdh_55_sft >= 0.007644|efficiency_200_sft >= 0.013435|efficiency_13_sft >= 0.589173,LONG,Ret_96,238,167,1.2731,1.6021
efficiency_21_sft <= 0.039904|plus_di_200_sft >= 20.583717,LONG,Ret_96,204,151,1.2538,1.326
trix_48_sft >= -4.04|plus_di_8_sft >= 19.418318|adx_8_sft >= 42.556431,LONG,Ret_72,328,220,1.2644,1.3642
aroon_89_sft >= 2.96|linreg_13_sft <= 0.380393|minus_di_24_sft <= 16.763711,LONG,Ret_72,231,144,1.312,1.9204
minus_di_13_sft <= ema_13_sft|minus_di_5_sft <= 3.07,LONG,Ret_72,215,141,1.2658,1.7042
efficiency_120_sft <= 0.090539|plus_di_120_sft <= ema_48_sft|aroon_55_sft <= -4.4,LONG,Ret_96,277,174,1.2901,1.2365
plus_di_24_sft >= 24.478443|aroon_21_sft <= ema_24_sft,LONG,Ret_96,298,198,1.2893,1.6348
linreg_120_sft <= 0.162486|aroon_200_sft >= 2.94,LONG,Ret_96,218,110,1.2528,1.2303
aroon_34_sft >= 79.411766|ema_120_sft >= -5.65,LONG,Ret_96,246,161,1.253,1.4144
minus_di_120_sft <= 19.36696|plus_di_120_sft <= ema_5_sft,LONG,Ret_72,233,173,1.3622,1.57
slope_48_sft >= 0.044284|adx_55_sft >= 10.040038,LONG,Ret_72,283,212,1.3064,1.3257
minus_di_200_sft <= 19.846724|minus_di_13_sft >= 15.19733,LONG,Ret_48,230,187,1.2974,1.3224
plus_di_34_sft >= 20.409904|linreg_120_sft <= 0.162486|aroon_13_sft <= -4.21,LONG,Ret_96,240,122,1.2735,1.619
linreg_34_sft <= ema_34_sft|ema_120_sft <= ema_34_sft|adx_144_sft >= 8.674729,LONG,Ret_72,202,132,1.2728,1.6119
trix_24_sft >= -0.024564|plus_di_24_sft >= 24.478443|aroon_13_sft >= 1.03,LONG,Ret_96,291,197,1.269,1.5425
ema_144_sft <= 1818.666455|aroon_24_sft >= -79.166664|slope_34_sft >= 0.002637,LONG,Ret_96,343,34,1.2775,1.0366
adx_200_sft >= 10.138517|ema_89_sft >= 5.97,LONG,Ret_48,228,137,1.3301,1.841
aroon_89_sft >= -0.09|macdh_13_sft >= 0.396837|macdh_24_sft <= 0.356385,LONG,Ret_72,218,157,1.2723,1.6597
plus_di_21_sft >= 24.672607|efficiency_144_sft >= -5.1,LONG,Ret_96,306,207,1.2658,1.5851
minus_di_8_sft >= 19.812439|minus_di_55_sft <= 21.074759,LONG,Ret_96,272,179,1.2748,1.453
ema_144_sft >= -6.79|adx_24_sft >= 19.813929|plus_di_120_sft >= 20.616291,LONG,Ret_96,217,153,1.2688,1.7856
slope_48_sft >= -0.080823|aroon_34_sft >= 79.411766,LONG,Ret_96,246,161,1.253,1.4144
linreg_48_sft >= 0.232999|slope_120_sft <= 0.060953,LONG,Ret_72,275,234,1.2514,1.5136
minus_di_8_sft <= 9.068035|minus_di_13_sft >= 11.24466,LONG,Ret_96,235,149,1.2733,1.317
plus_di_24_sft >= 24.478443|aroon_13_sft <= ema_120_sft|linreg_34_sft <= Close_sft,LONG,Ret_96,298,198,1.2893,1.6348
plus_di_21_sft >= 24.672607|plus_di_55_sft <= ema_144_sft,LONG,Ret_96,306,207,1.2658,1.5851
plus_di_24_sft >= 24.478443|slope_89_sft >= -0.029242,LONG,Ret_96,296,198,1.289,1.6313
slope_200_sft <= 0.003036|trix_200_sft <= 0.000442,LONG,Ret_72,246,118,1.2791,1.1502
slope_13_sft >= 0.1502|linreg_34_sft >= -0.231489|aroon_21_sft >= 4.761905,LONG,Ret_96,261,187,1.2794,1.3818
minus_di_120_sft <= 23.144876|linreg_5_sft <= 0.57255|adx_144_sft >= 8.11,LONG,Ret_96,217,143,1.3309,1.5961
slope_8_sft >= -5.05|minus_di_120_sft <= 19.36696,LONG,Ret_72,233,173,1.3622,1.57
minus_di_24_sft <= 20.769451|macdh_8_sft <= -0.412386|aroon_8_sft <= 0.0,LONG,Ret_48,384,311,1.2677,1.2277
efficiency_21_sft >= 0.484428|slope_55_sft >= -8.41|minus_di_200_sft >= 19.846724,LONG,Ret_72,282,167,1.2632,1.1395
trix_13_sft >= 0.017071|slope_200_sft <= 0.047973|minus_di_13_sft <= 11.24466,LONG,Ret_48,225,124,1.3631,1.6731
linreg_144_sft >= 0.017682|minus_di_120_sft <= 19.36696,LONG,Ret_72,213,153,1.2744,1.553
macdh_24_sft <= 0.744151|minus_di_13_sft <= 11.24466,LONG,Ret_96,206,101,1.3476,1.3727
slope_24_sft <= ema_24_sft|minus_di_120_sft <= 19.36696,LONG,Ret_72,233,173,1.3622,1.57
efficiency_21_sft <= 0.099101|macdh_48_sft >= 0.282632,LONG,Ret_72,209,196,1.2569,1.7158
linreg_13_sft <= 7.1|minus_di_200_sft <= 19.846724,LONG,Ret_72,211,169,1.2897,1.3511
trix_34_sft >= 0.000779|aroon_21_sft >= 80.952377,LONG,Ret_72,237,156,1.3525,2.3388
adx_144_sft >= 8.674729|efficiency_200_sft <= ema_8_sft,LONG,Ret_96,250,151,1.2598,1.5251
efficiency_13_sft >= 0.433265|linreg_55_sft <= 0.011679|efficiency_34_sft >= 0.282634,LONG,Ret_96,209,125,1.3049,1.7738
aroon_8_sft >= 0.0|plus_di_21_sft >= 24.672607,LONG,Ret_96,304,203,1.2753,1.7875
efficiency_13_sft >= 0.589173|slope_24_sft >= 0.056331,LONG,Ret_96,231,166,1.3098,1.4109
plus_di_24_sft >= 24.478443|adx_5_sft >= -3.7,LONG,Ret_96,298,198,1.2893,1.6348
aroon_34_sft >= 79.411766|slope_24_sft <= ema_21_sft,LONG,Ret_96,246,161,1.253,1.4144
aroon_34_sft >= 79.411766|minus_di_89_sft >= 7.38,LONG,Ret_96,246,161,1.253,1.4144
efficiency_5_sft >= 0.894355|plus_di_13_sft >= 25.549025,LONG,Ret_96,263,179,1.3248,1.3476
slope_89_sft <= 0.034779|plus_di_8_sft >= 33.824101,LONG,Ret_96,237,148,1.305,1.7694
adx_144_sft >= 8.674729|adx_13_sft >= -1.22,LONG,Ret_96,250,151,1.2598,1.5251
adx_144_sft >= 8.674729|linreg_48_sft <= 6.03,LONG,Ret_96,250,151,1.2598,1.5251
minus_di_120_sft <= 19.36696|ema_21_sft >= 0.54|efficiency_89_sft >= -6.55,LONG,Ret_72,233,173,1.3622,1.57
adx_34_sft <= 17.103025|adx_5_sft >= 64.602853,LONG,Ret_72,243,150,1.2619,1.7114
aroon_89_sft <= -1.36|trix_24_sft >= -0.011625,LONG,Ret_96,282,171,1.305,1.3426
minus_di_55_sft <= 18.373706|slope_5_sft <= 0.207647,LONG,Ret_72,284,188,1.2793,1.4354
adx_55_sft <= ema_48_sft|aroon_34_sft >= 79.411766,LONG,Ret_96,246,161,1.253,1.4144
minus_di_120_sft <= 19.36696|plus_di_21_sft >= 20.270658,LONG,Ret_72,219,164,1.3082,1.6525
ema_24_sft <= 1821.353101|macdh_5_sft <= -0.410792,LONG,Ret_96,352,40,1.2674,1.719
linreg_13_sft >= -9.95|linreg_13_sft <= 0.844941|macdh_21_sft >= 0.36775,LONG,Ret_96,333,216,1.258,1.336
adx_200_sft >= 10.138517|macdh_5_sft >= -0.410792,LONG,Ret_48,223,131,1.4773,1.9604
plus_di_34_sft <= 27.653975|efficiency_120_sft <= 0.090539,LONG,Ret_96,345,213,1.2516,1.3981
plus_di_8_sft <= 33.824101|minus_di_48_sft <= 18.148701,LONG,Ret_72,290,185,1.2582,1.3892
adx_5_sft >= 51.964844|plus_di_34_sft >= 24.021143,LONG,Ret_96,231,164,1.2671,1.561
trix_5_sft >= 0.024925|efficiency_8_sft >= 0.725035,LONG,Ret_96,266,182,1.288,1.4759
minus_di_144_sft <= 19.549842|macdh_13_sft >= -0.63,LONG,Ret_72,223,165,1.2621,1.4043
minus_di_48_sft <= ema_5_sft|minus_di_200_sft <= 19.846724,LONG,Ret_72,211,169,1.2897,1.357
plus_di_200_sft >= 19.087056|ema_48_sft <= 1820.151318,LONG,Ret_96,338,35,1.274,1.562
aroon_13_sft <= 7.692307|slope_8_sft >= 0.083389|efficiency_8_sft <= 0.725035,LONG,Ret_72,235,194,1.3655,1.1558
macdh_144_sft >= 0.198633|aroon_13_sft >= 7.692307,LONG,Ret_96,210,166,1.2596,1.6783
linreg_55_sft >= 0.222012|ema_200_sft <= 1820.673877,LONG,Ret_72,245,28,1.3255,1.9109
minus_di_8_sft >= 6.1|minus_di_89_sft <= 19.024384,LONG,Ret_96,203,140,1.2806,2.0414
minus_di_120_sft <= 19.36696|efficiency_144_sft <= 1.84,LONG,Ret_72,233,173,1.3622,1.57
minus_di_89_sft <= 21.15653|efficiency_34_sft <= 0.167678,LONG,Ret_96,279,186,1.2771,1.5403
minus_di_200_sft <= 19.846724|linreg_34_sft <= 9.23,LONG,Ret_72,211,169,1.2897,1.357
trix_34_sft >= 0.000779|aroon_144_sft <= 58.333332,LONG,Ret_72,283,178,1.2651,1.699
efficiency_8_sft <= 0.543346|minus_di_24_sft >= -9.67|efficiency_21_sft >= 0.484428,LONG,Ret_48,350,246,1.3314,1.159
trix_144_sft <= ema_144_sft|minus_di_144_sft <= 19.549842|efficiency_13_sft <= 0.433265,LONG,Ret_72,212,162,1.2914,1.4512
minus_di_120_sft <= 19.36696|aroon_21_sft <= ema_200_sft,LONG,Ret_72,233,173,1.3622,1.57
slope_55_sft >= -0.076089|efficiency_55_sft <= 0.133579|plus_di_24_sft >= 24.478443,LONG,Ret_96,249,160,1.2914,1.6494
ema_21_sft >= -2.25|adx_8_sft >= 54.081817|plus_di_89_sft >= 18.382777,LONG,Ret_72,208,139,1.2554,1.1543
macdh_144_sft >= 0.198633|aroon_5_sft >= 100.0,LONG,Ret_72,208,182,1.2994,1.3982
efficiency_34_sft >= 0.282634|trix_24_sft >= -6.54|slope_144_sft >= -0.022586,LONG,Ret_72,345,221,1.2784,1.6412
minus_di_21_sft >= 29.617799|plus_di_5_sft >= 6.407198,LONG,Ret_96,208,118,1.3049,1.2383
ema_144_sft <= 1818.666455|ema_200_sft <= ema_5_sft,LONG,Ret_96,281,24,1.3021,1.7035
aroon_34_sft >= 79.411766|ema_89_sft >= 9.18,LONG,Ret_96,246,161,1.253,1.4144
plus_di_144_sft >= 22.454097|efficiency_5_sft <= 0.42897,LONG,Ret_72,210,150,1.3087,1.1838
ema_5_sft >= ema_34_sft|minus_di_24_sft <= 20.769451|macdh_13_sft <= -0.26,LONG,Ret_72,264,211,1.2833,1.1999
efficiency_34_sft <= 0.077306|slope_21_sft >= 0.059454,LONG,Ret_96,227,176,1.2653,1.4713
minus_di_144_sft <= 19.549842|plus_di_5_sft >= 1.2|trix_5_sft <= 0.05361,LONG,Ret_72,209,158,1.3041,1.4818
plus_di_24_sft >= 24.478443|plus_di_8_sft >= 4.75,LONG,Ret_96,298,198,1.2893,1.6348
ema_144_sft <= 1818.666455|efficiency_89_sft <= 0.049564,LONG,Ret_96,281,28,1.2729,0.8929
aroon_55_sft <= ema_21_sft|slope_144_sft <= 0.002821|minus_di_120_sft <= 21.184851,LONG,Ret_48,225,138,1.2625,0.9511
plus_di_21_sft >= 24.672607|aroon_21_sft >= -3.87,LONG,Ret_96,301,199,1.2525,1.6251
aroon_13_sft >= -53.846153|efficiency_21_sft >= 0.484428,LONG,Ret_72,320,203,1.3091,1.3808
slope_89_sft >= -0.06065|trix_48_sft <= 0.020359|aroon_34_sft >= 79.411766,LONG,Ret_96,233,140,1.277,1.9272
linreg_55_sft >= 0.222012|ema_120_sft <= 1819.635034,LONG,Ret_72,244,28,1.3156,1.9109
efficiency_21_sft >= -6.42|plus_di_21_sft >= 24.672607,LONG,Ret_96,306,207,1.2658,1.5851
efficiency_8_sft <= 0.159616|minus_di_120_sft <= 19.36696|trix_200_sft <= 0.010228,LONG,Ret_48,216,131,1.3496,1.2821
ema_200_sft >= Close_sft|efficiency_120_sft <= 0.090539,LONG,Ret_96,265,160,1.2554,1.1708
plus_di_8_sft >= 33.824101|plus_di_48_sft <= 23.575857,LONG,Ret_96,206,128,1.3138,1.3835
macdh_48_sft <= 0.601385|macdh_120_sft >= 0.210833,LONG,Ret_96,206,151,1.3984,1.7058
efficiency_34_sft <= 0.167678|minus_di_48_sft <= 18.148701,LONG,Ret_72,227,153,1.2669,1.5723
minus_di_144_sft <= 19.549842|ema_34_sft <= 1821.121729,LONG,Ret_72,206,29,1.2658,1.7762
slope_34_sft <= 0.10514|plus_di_13_sft >= 25.549025,LONG,Ret_96,334,210,1.2549,1.6176
minus_di_144_sft <= 19.549842|linreg_48_sft >= -4.05|minus_di_13_sft <= 15.19733,LONG,Ret_72,201,152,1.3895,1.4227
minus_di_200_sft <= 19.846724|macdh_8_sft <= 0.876746,LONG,Ret_72,207,163,1.2612,1.5684
macdh_48_sft >= -0.602652|adx_200_sft >= 10.138517,LONG,Ret_48,223,125,1.3042,1.8986
ema_144_sft <= ema_48_sft|adx_8_sft >= 42.556431,LONG,Ret_72,278,185,1.2879,1.2328
plus_di_8_sft >= 26.529333|aroon_5_sft <= -3.58|minus_di_21_sft <= ema_8_sft,LONG,Ret_96,233,153,1.2862,1.1974
efficiency_24_sft >= 0.037109|minus_di_144_sft <= 19.549842,LONG,Ret_72,225,168,1.2592,1.4821
ema_48_sft <= 1820.151318|linreg_89_sft <= 0.007437,LONG,Ret_96,285,31,1.2765,1.4
slope_21_sft >= -3.09|minus_di_200_sft <= 19.846724,LONG,Ret_72,211,169,1.2897,1.357
minus_di_144_sft <= 19.549842|aroon_21_sft >= -80.952377|macdh_55_sft >= -0.570144,LONG,Ret_72,224,163,1.3019,1.4877
minus_di_144_sft <= 19.549842|slope_5_sft >= -0.196958|minus_di_120_sft >= 2.55,LONG,Ret_72,225,169,1.2567,1.4221
plus_di_24_sft >= 24.478443|minus_di_13_sft <= 15.19733,LONG,Ret_96,273,184,1.3195,1.8229
trix_120_sft <= ema_120_sft|plus_di_21_sft >= 20.270658|adx_13_sft <= 25.908184,LONG,Ret_96,337,220,1.2951,1.6462
ema_144_sft <= ema_24_sft|ema_55_sft <= 1819.651587|linreg_21_sft <= ema_48_sft,LONG,Ret_96,275,23,1.2971,1.554
adx_144_sft >= 8.674729|trix_55_sft <= 0.019001,LONG,Ret_96,230,125,1.3289,1.7985
slope_21_sft >= 0.125629|trix_21_sft >= -0.026271,LONG,Ret_96,236,184,1.2514,1.2352
adx_8_sft >= 54.081817|adx_55_sft >= 10.040038,LONG,Ret_72,270,166,1.2807,1.0211
plus_di_8_sft >= 26.529333|efficiency_34_sft <= 0.029889,LONG,Ret_96,207,137,1.4039,1.5056
adx_55_sft <= 24.281087|minus_di_24_sft >= 29.113644|ema_34_sft <= 1821.121729,LONG,Ret_72,220,22,1.3767,1.1187
slope_144_sft <= 9.32|plus_di_21_sft >= 24.672607,LONG,Ret_96,306,207,1.2658,1.5851
efficiency_120_sft <= 0.090539|adx_21_sft <= 36.246547|trix_144_sft <= 0.011814,LONG,Ret_96,314,180,1.3046,1.4713
plus_di_8_sft >= 33.824101|efficiency_34_sft <= 0.393184|slope_5_sft >= 0.003039,LONG,Ret_96,291,197,1.2642,1.4215
plus_di_24_sft >= 24.478443|ema_48_sft >= -8.26,LONG,Ret_96,298,198,1.2893,1.6348
slope_34_sft >= 0.049592|efficiency_89_sft >= 0.018904|plus_di_8_sft >= 33.824101,LONG,Ret_96,248,176,1.2649,1.5828
trix_21_sft >= 0.014494|plus_di_5_sft >= 27.747387,LONG,Ret_96,200,148,1.3156,1.9001
aroon_34_sft >= 79.411766|macdh_48_sft <= 7.18,LONG,Ret_96,246,160,1.253,1.3674
adx_8_sft <= 18.754478|ema_34_sft <= ema_24_sft|adx_55_sft >= -6.26,LONG,Ret_72,222,148,1.4481,1.2924
trix_24_sft <= ema_13_sft|adx_144_sft >= 8.674729,LONG,Ret_96,250,151,1.2598,1.5251
ema_200_sft <= ema_21_sft|ema_21_sft <= 1650.788635,LONG,Ret_96,219,2,1.2699,3.4179
plus_di_48_sft >= 20.502817|trix_48_sft <= 0.020359,LONG,Ret_96,325,204,1.2898,1.7399
efficiency_24_sft <= ema_48_sft|plus_di_24_sft >= 24.478443,LONG,Ret_96,298,198,1.2893,1.6348
slope_21_sft >= 0.002737|macdh_13_sft <= -0.00398,LONG,Ret_96,301,195,1.2665,1.4537
minus_di_55_sft <= 26.68474|slope_24_sft >= 0.119522,LONG,Ret_96,232,180,1.2534,1.3212
macdh_8_sft >= -0.002172|efficiency_21_sft >= 0.484428,LONG,Ret_72,293,196,1.2504,1.1859
minus_di_21_sft <= 20.699945|aroon_34_sft >= 79.411766,LONG,Ret_96,238,159,1.2928,1.5201
adx_200_sft >= 7.534551|aroon_120_sft >= -78.333336,LONG,Ret_96,233,132,1.2596,1.3697
slope_24_sft <= 0.119522|minus_di_48_sft <= 18.148701,LONG,Ret_72,283,175,1.2627,1.8322
minus_di_144_sft <= 19.549842|ema_55_sft <= 1819.651587|trix_8_sft <= ema_200_sft,LONG,Ret_72,206,28,1.2658,1.4679
plus_di_89_sft <= ema_8_sft|plus_di_21_sft >= 24.672607,LONG,Ret_96,306,207,1.2658,1.5851
plus_di_21_sft >= 24.672607|trix_8_sft <= 1.96|efficiency_89_sft >= -6.3,LONG,Ret_96,306,207,1.2658,1.5851
adx_200_sft >= 8.27,LONG,Ret_96,209,115,1.3257,1.4046
ema_48_sft >= 9.69|trix_48_sft <= 0.020359|aroon_48_sft >= 56.25,LONG,Ret_72,302,185,1.2763,1.6338
efficiency_13_sft >= 0.589173|minus_di_8_sft <= 19.812439,LONG,Ret_96,251,177,1.3693,1.4137
aroon_144_sft >= 18.75|minus_di_89_sft <= 21.15653|slope_89_sft <= 0.034779,LONG,Ret_96,203,124,1.255,1.8295
efficiency_5_sft <= 0.42897|aroon_144_sft <= ema_8_sft|minus_di_144_sft <= 19.549842,LONG,Ret_72,209,161,1.3191,1.529
adx_8_sft <= 31.781301|linreg_200_sft <= 0.129416|plus_di_120_sft >= 17.179078,LONG,Ret_96,316,157,1.2532,1.3941
aroon_8_sft <= ema_5_sft|adx_200_sft >= 10.138517,LONG,Ret_48,228,137,1.3301,1.841
plus_di_21_sft >= 24.672607|trix_48_sft <= ema_34_sft,LONG,Ret_96,306,207,1.2658,1.5851
aroon_21_sft >= -47.619049|aroon_34_sft >= 79.411766,LONG,Ret_96,246,161,1.253,1.4144
efficiency_34_sft <= 0.393184|aroon_200_sft >= -9.52,LONG,Ret_96,282,185,1.2639,1.4036
adx_8_sft <= 18.754478|plus_di_21_sft >= 20.270658,LONG,Ret_72,244,159,1.3278,1.5569
efficiency_34_sft >= 0.393184|plus_di_8_sft <= 33.824101,LONG,Ret_72,273,181,1.2799,0.9603
linreg_48_sft >= 0.232999|ema_200_sft <= 1820.673877,LONG,Ret_72,260,29,1.3284,1.4662
aroon_21_sft >= 80.952377|linreg_48_sft >= 0.013999|ema_55_sft <= 1819.651587,LONG,Ret_72,273,24,1.2659,2.3617
plus_di_5_sft >= 18.701385|trix_34_sft >= 0.000779,LONG,Ret_72,346,242,1.2615,1.4787
aroon_24_sft >= 54.166668|linreg_55_sft >= 0.222012,LONG,Ret_72,229,194,1.304,1.3859
minus_di_13_sft <= 11.24466|minus_di_5_sft <= 18.951136|linreg_55_sft <= 0.222012,LONG,Ret_72,235,113,1.2735,1.466
adx_200_sft >= 10.138517|adx_21_sft >= -2.01,LONG,Ret_48,228,137,1.3301,1.841
linreg_120_sft >= -0.126013|ema_48_sft <= 1820.151318|plus_di_144_sft >= 17.471612,LONG,Ret_96,333,29,1.2535,1.599
minus_di_34_sft <= 17.529027|macdh_13_sft <= -0.00398,LONG,Ret_72,237,166,1.2749,1.5028
adx_144_sft >= 8.674729|ema_55_sft <= ema_48_sft,LONG,Ret_72,211,133,1.2977,1.3865
aroon_21_sft >= 7.45|plus_di_8_sft >= 33.824101,LONG,Ret_96,288,196,1.264,1.5101
adx_5_sft <= 29.65864|aroon_144_sft <= -2.59,LONG,Ret_96,228,137,1.3165,1.4003
aroon_34_sft <= 8.823529|adx_200_sft >= 8.52,LONG,Ret_72,211,116,1.415,1.4429
adx_144_sft >= 9.19|aroon_8_sft >= 2.15,LONG,Ret_96,216,126,1.2788,1.5589
minus_di_8_sft <= 9.068035|slope_55_sft <= 0.08611|minus_di_144_sft >= 1.61,LONG,Ret_96,257,149,1.4005,1.4491
slope_200_sft <= ema_8_sft|minus_di_120_sft <= 19.36696,LONG,Ret_72,233,173,1.3622,1.57
minus_di_5_sft >= 1.86|plus_di_24_sft >= 24.478443,LONG,Ret_96,298,197,1.2842,1.6224
plus_di_24_sft >= 24.478443|efficiency_13_sft <= ema_200_sft,LONG,Ret_96,298,198,1.2893,1.6348
aroon_120_sft >= 14.166667|trix_200_sft <= 0.005868,LONG,Ret_72,266,149,1.2552,1.5531
aroon_34_sft >= -52.941177|minus_di_200_sft <= 19.846724,LONG,Ret_72,210,164,1.2736,1.4058
minus_di_55_sft >= 6.29|aroon_34_sft >= 79.411766,LONG,Ret_96,246,161,1.253,1.4144
macdh_89_sft >= -0.220407|efficiency_89_sft <= 0.049564,LONG,Ret_72,341,188,1.2504,1.3427
minus_di_89_sft <= 21.15653|trix_55_sft >= -0.007616,LONG,Ret_96,303,194,1.2914,1.6074
plus_di_21_sft >= 24.672607|adx_24_sft <= ema_13_sft|linreg_55_sft <= 8.36,LONG,Ret_96,306,206,1.2658,1.7345
linreg_144_sft >= -0.08|adx_144_sft >= 9.26,LONG,Ret_72,200,121,1.3367,1.6277
minus_di_48_sft >= 5.62|adx_144_sft >= 8.674729|minus_di_144_sft <= ema_8_sft,LONG,Ret_96,250,151,1.2598,1.5251
linreg_5_sft >= 1.30268|efficiency_200_sft >= 0.071137,LONG,Ret_96,233,190,1.3516,1.6147
slope_55_sft <= 0.04209|minus_di_24_sft <= 16.763711|minus_di_48_sft <= 24.046874,LONG,Ret_96,219,122,1.2891,1.175
minus_di_48_sft >= 7.75|adx_144_sft >= 8.674729,LONG,Ret_96,250,151,1.2598,1.5251
ema_21_sft >= ema_200_sft|ema_55_sft <= 1819.651587,LONG,Ret_72,343,28,1.2504,1.7228
linreg_55_sft >= -0.404098|minus_di_120_sft <= 19.36696,LONG,Ret_72,232,172,1.3474,1.4612
adx_24_sft >= 19.813929|trix_24_sft >= 0.000709,LONG,Ret_72,261,173,1.2822,1.3684
efficiency_21_sft >= 0.484428|plus_di_144_sft <= 24.419895,LONG,Ret_72,327,202,1.2689,1.1256
linreg_8_sft >= -0.421774|adx_8_sft >= 54.081817,LONG,Ret_72,274,156,1.2569,1.0724
adx_48_sft >= 14.516132|efficiency_120_sft >= 0.042423|ema_55_sft <= 1819.651587,LONG,Ret_96,266,26,1.2899,0.9195
linreg_8_sft >= -0.982476|minus_di_24_sft >= 29.113644,LONG,Ret_72,225,101,1.2847,1.0573
slope_120_sft <= 0.060953|minus_di_13_sft <= 11.24466,LONG,Ret_72,259,142,1.2761,1.4623
adx_200_sft >= 10.138517|plus_di_13_sft >= 1.51,LONG,Ret_48,228,137,1.3301,1.841
efficiency_89_sft <= 0.018904|plus_di_55_sft >= 20.551075,LONG,Ret_96,204,122,1.3676,1.5316
efficiency_89_sft <= 0.018904|trix_89_sft <= 0.014481,LONG,Ret_72,309,173,1.2888,1.3272
plus_di_21_sft >= 24.672607|linreg_34_sft <= 0.263471,LONG,Ret_96,278,155,1.2506,1.4497
trix_21_sft >= 0.014494|ema_144_sft >= 1171.00354|trix_200_sft <= 0.005868,LONG,Ret_48,220,162,1.2925,1.5038
minus_di_21_sft <= ema_144_sft|plus_di_21_sft >= 24.672607,LONG,Ret_96,306,207,1.2658,1.5851
ema_89_sft <= ema_144_sft|linreg_8_sft <= -0.421774,LONG,Ret_96,215,133,1.2501,1.1983
aroon_5_sft <= -60.0|efficiency_24_sft >= 0.195181|aroon_120_sft <= -5.33,LONG,Ret_96,232,139,1.2673,1.1953
minus_di_120_sft <= 19.36696|linreg_13_sft >= 0.011033,LONG,Ret_72,225,164,1.308,1.6517
adx_5_sft >= 64.602853|minus_di_89_sft <= 25.679508|minus_di_200_sft <= 22.809317,LONG,Ret_72,289,196,1.2646,1.3039
aroon_5_sft <= -80.0|efficiency_55_sft <= 0.024776,LONG,Ret_96,208,139,1.3755,1.1972
trix_5_sft >= 0.05361|efficiency_13_sft >= 0.433265|trix_21_sft >= -9.04,LONG,Ret_96,237,177,1.2535,1.3974
plus_di_24_sft >= 24.478443|efficiency_34_sft <= ema_120_sft,LONG,Ret_96,298,198,1.2893,1.6348
efficiency_120_sft <= 0.042423|macdh_89_sft <= ema_120_sft|minus_di_120_sft <= 21.184851,LONG,Ret_96,205,124,1.2917,1.7793
ema_21_sft >= 4.13|adx_144_sft >= 0.13|adx_144_sft >= 8.674729,LONG,Ret_96,250,151,1.2598,1.5251
adx_144_sft >= 8.674729|minus_di_5_sft <= 36.897367,LONG,Ret_96,249,151,1.2614,1.6544
minus_di_120_sft <= 19.36696|linreg_34_sft >= -0.55,LONG,Ret_72,232,172,1.3292,1.5257
minus_di_55_sft <= 21.074759|slope_21_sft <= 0.125629|ema_144_sft <= ema_5_sft,LONG,Ret_96,294,187,1.278,1.8451
ema_48_sft >= 8.85|plus_di_120_sft >= -7.45|adx_200_sft >= 9.26,LONG,Ret_72,203,116,1.3376,1.3778
plus_di_8_sft >= 26.529333|minus_di_48_sft <= 18.148701|linreg_120_sft >= 0.013926,LONG,Ret_72,225,154,1.3201,1.4161
minus_di_120_sft <= 19.36696|linreg_5_sft <= ema_5_sft,LONG,Ret_72,233,173,1.3622,1.57
adx_55_sft >= 10.040038|slope_144_sft >= -0.022586|slope_55_sft >= 0.04209,LONG,Ret_72,270,201,1.3406,1.52
trix_48_sft >= 0.000938|minus_di_8_sft <= 13.611489|minus_di_24_sft <= 16.763711,LONG,Ret_96,207,136,1.3185,2.3229
adx_120_sft >= 9.8|minus_di_8_sft >= 19.812439,LONG,Ret_96,220,138,1.2538,1.5706
efficiency_144_sft <= 0.203867|efficiency_21_sft >= 0.484428|aroon_34_sft >= -52.941177,LONG,Ret_72,265,171,1.287,1.7975
macdh_120_sft <= ema_89_sft|aroon_34_sft >= 79.411766,LONG,Ret_96,246,161,1.253,1.4144
macdh_144_sft >= 0.198633|trix_24_sft >= 0.000709,LONG,Ret_96,215,165,1.3173,1.6585
aroon_8_sft <= 87.5|minus_di_21_sft <= 16.470973|adx_144_sft >= 8.674729,LONG,Ret_72,200,120,1.3687,1.2542
macdh_8_sft <= -0.002172|minus_di_48_sft <= 18.148701,LONG,Ret_72,243,167,1.3452,1.462
ema_200_sft >= ema_34_sft|adx_55_sft >= 10.040038|efficiency_120_sft <= 0.155584,LONG,Ret_72,241,149,1.3008,1.3458
adx_200_sft >= 10.138517|linreg_144_sft <= ema_5_sft|aroon_89_sft <= ema_89_sft,LONG,Ret_48,228,137,1.3301,1.841
trix_89_sft <= ema_24_sft|plus_di_34_sft >= 20.409904|slope_120_sft <= 0.060953,LONG,Ret_96,349,220,1.3231,1.4049
plus_di_21_sft >= 24.672607|slope_34_sft <= ema_120_sft|macdh_89_sft <= ema_200_sft,LONG,Ret_96,306,207,1.2658,1.5851
minus_di_120_sft <= 19.36696|trix_24_sft <= 8.24,LONG,Ret_72,233,173,1.3622,1.57
adx_200_sft >= 10.138517|slope_144_sft <= 6.37,LONG,Ret_48,228,137,1.3301,1.841
macdh_24_sft >= -0.349489|adx_13_sft >= 25.908184|efficiency_144_sft <= 0.038979,LONG,Ret_96,201,118,1.3047,1.5624
plus_di_24_sft >= 24.478443|minus_di_8_sft <= 33.875359,LONG,Ret_96,298,198,1.2893,1.6348
minus_di_144_sft <= 19.549842|efficiency_8_sft >= 0.543346,LONG,Ret_48,261,195,1.3002,1.6793
efficiency_48_sft >= 0.065908|adx_200_sft >= 10.138517,LONG,Ret_48,224,133,1.3251,1.7657
trix_24_sft <= 4.89|minus_di_200_sft <= 19.846724|trix_8_sft >= -0.040151,LONG,Ret_72,210,169,1.2865,1.395
macdh_24_sft <= ema_55_sft|minus_di_120_sft <= 19.36696,LONG,Ret_72,233,173,1.3622,1.57
trix_120_sft <= 0.006981|slope_120_sft >= 0.002734,LONG,Ret_96,243,132,1.2651,1.4698
ema_144_sft <= 1818.666455|adx_48_sft >= 14.516132,LONG,Ret_96,271,26,1.2764,0.9492
adx_200_sft >= 9.17,LONG,Ret_72,210,117,1.3592,1.2909
slope_24_sft <= 3.13|adx_200_sft >= 10.138517,LONG,Ret_48,228,137,1.3301,1.841
minus_di_8_sft <= 9.14|aroon_55_sft <= 56.363636,LONG,Ret_96,232,138,1.2941,1.3961
macdh_89_sft <= 9.05|aroon_34_sft >= 79.411766,LONG,Ret_96,246,161,1.253,1.4144
adx_200_sft >= 10.138517|linreg_24_sft <= ema_5_sft,LONG,Ret_48,228,137,1.3301,1.841
macdh_34_sft >= 0.010231|efficiency_5_sft >= 0.894355,LONG,Ret_96,304,204,1.2544,1.3356
minus_di_8_sft >= 6.78|minus_di_21_sft <= ema_34_sft|plus_di_24_sft >= 24.478443,LONG,Ret_96,295,196,1.2558,1.6182
trix_48_sft >= -8.24|adx_200_sft >= 10.138517,LONG,Ret_48,228,137,1.3301,1.841
adx_200_sft >= 10.138517|efficiency_55_sft >= 0.024776|adx_89_sft <= ema_5_sft,LONG,Ret_48,228,137,1.2704,1.955
macdh_21_sft <= ema_5_sft|adx_34_sft <= 17.103025|trix_8_sft >= 0.020827,LONG,Ret_96,229,165,1.272,1.1033
minus_di_144_sft <= ema_55_sft|adx_144_sft >= 8.674729|ema_5_sft <= ema_13_sft,LONG,Ret_96,228,132,1.3208,1.5601
plus_di_8_sft >= 33.824101|trix_55_sft <= 0.009512|macdh_120_sft <= ema_13_sft,LONG,Ret_96,243,148,1.3131,1.4101
adx_21_sft <= 28.71629|plus_di_13_sft >= 25.549025,LONG,Ret_96,317,211,1.2506,1.5335
macdh_89_sft >= 0.005527|aroon_34_sft >= 79.411766|ema_34_sft <= 1821.121729,LONG,Ret_96,209,19,1.427,2.677
minus_di_144_sft <= 19.549842|slope_21_sft <= 0.125629,LONG,Ret_72,207,155,1.3062,1.7108
minus_di_200_sft <= 22.809317|macdh_200_sft <= 0.00758|efficiency_48_sft <= 0.025721,LONG,Ret_72,204,135,1.2975,1.1447
ema_8_sft >= 1171.579614|adx_144_sft >= 8.674729,LONG,Ret_96,225,151,1.3048,1.5251
adx_55_sft >= 7.834263|minus_di_5_sft <= 3.22,LONG,Ret_72,214,141,1.2567,1.561
macdh_21_sft <= 0.36775|linreg_48_sft >= 0.232999,LONG,Ret_96,241,192,1.2924,1.4873
minus_di_8_sft <= 8.88|plus_di_24_sft >= 24.478443,LONG,Ret_96,238,160,1.2738,1.9485
slope_8_sft <= 0.083389|minus_di_120_sft <= 19.36696,LONG,Ret_72,207,151,1.3716,1.6153
linreg_21_sft >= -0.62369|efficiency_13_sft >= 0.589173|plus_di_8_sft >= 26.529333,LONG,Ret_96,236,166,1.2596,1.4186
minus_di_48_sft <= 27.038522|minus_di_200_sft <= 19.846724,LONG,Ret_72,211,169,1.2897,1.357
minus_di_21_sft <= ema_48_sft|plus_di_24_sft >= 24.478443,LONG,Ret_96,298,198,1.2893,1.6348
aroon_55_sft <= 5.454545|adx_34_sft <= 12.554484,LONG,Ret_72,204,133,1.3202,1.7956
plus_di_21_sft >= 24.672607|slope_144_sft >= -1.67,LONG,Ret_96,306,207,1.2658,1.5851
trix_48_sft >= 0.000938|aroon_55_sft >= 56.363636,LONG,Ret_72,233,160,1.257,1.4748
adx_144_sft >= 8.674729|slope_21_sft <= ema_89_sft,LONG,Ret_96,250,151,1.2598,1.5251
ema_120_sft <= 1819.635034|aroon_34_sft >= 79.411766,LONG,Ret_96,219,19,1.5186,1.6007
aroon_34_sft >= 79.411766|efficiency_8_sft <= ema_200_sft,LONG,Ret_96,246,161,1.253,1.4144
linreg_200_sft >= 0.019063|macdh_89_sft <= 0.483612|slope_120_sft >= 0.002734,LONG,Ret_96,231,145,1.2514,1.7779
aroon_34_sft >= 79.411766|linreg_5_sft >= -0.52795,LONG,Ret_96,242,158,1.3503,1.553
adx_144_sft >= 8.674729|ema_89_sft <= ema_8_sft,LONG,Ret_72,226,145,1.2551,1.4256
plus_di_13_sft >= 19.937256|efficiency_34_sft <= 0.029889,LONG,Ret_96,283,187,1.2687,1.5455
aroon_48_sft >= -50.0|adx_144_sft >= 8.674729,LONG,Ret_96,238,138,1.3075,1.4044
ema_8_sft >= 9.24|aroon_34_sft >= 79.411766,LONG,Ret_96,246,161,1.253,1.4144
plus_di_24_sft >= 24.478443|efficiency_89_sft <= ema_21_sft,LONG,Ret_96,298,198,1.2893,1.6348
minus_di_120_sft <= 19.36696|aroon_55_sft >= -80.0,LONG,Ret_72,232,172,1.3555,1.5534
efficiency_8_sft <= 0.543346|minus_di_144_sft <= 19.549842,LONG,Ret_72,212,165,1.2788,1.503
minus_di_5_sft <= 36.897367|minus_di_200_sft <= 19.846724,LONG,Ret_72,211,169,1.2707,1.3663
minus_di_144_sft >= 17.973642|trix_21_sft >= 0.000711|minus_di_5_sft <= 6.560701,LONG,Ret_96,218,141,1.2567,1.7895
plus_di_21_sft >= 24.672607|minus_di_5_sft <= 27.848064,LONG,Ret_96,305,206,1.2642,1.6063
aroon_5_sft >= -60.0|minus_di_200_sft <= 19.846724,LONG,Ret_72,211,169,1.2838,1.3813
plus_di_21_sft >= 20.270658|slope_144_sft <= 0.028381,LONG,Ret_96,330,189,1.2715,1.4703
linreg_24_sft >= -4.1|plus_di_21_sft >= 24.672607,LONG,Ret_96,306,207,1.2658,1.5851
minus_di_120_sft <= 19.36696|slope_24_sft <= ema_48_sft|minus_di_48_sft <= ema_48_sft,LONG,Ret_72,233,173,1.3622,1.57
minus_di_48_sft <= 18.148701|aroon_24_sft <= 54.166668|macdh_24_sft >= -0.738596,LONG,Ret_96,209,140,1.3653,1.5984
adx_8_sft <= 18.754478|slope_48_sft >= 0.00225,LONG,Ret_72,232,158,1.4534,1.2114
aroon_34_sft >= 79.411766|efficiency_5_sft <= ema_5_sft|trix_34_sft <= ema_200_sft,LONG,Ret_96,246,161,1.253,1.4144
aroon_5_sft <= 100.0|minus_di_200_sft <= 19.846724,LONG,Ret_72,211,169,1.2897,1.357
efficiency_200_sft >= 0.120431|macdh_8_sft <= -0.002172,LONG,Ret_72,237,156,1.3644,1.4506
plus_di_21_sft >= 24.672607|ema_144_sft <= 1818.666455|trix_89_sft <= Close_sft,LONG,Ret_96,282,27,1.3631,2.1646
minus_di_120_sft <= 19.36696|plus_di_55_sft >= 9.04|linreg_48_sft <= ema_120_sft,LONG,Ret_72,233,173,1.3622,1.57
minus_di_34_sft <= 17.529027|adx_24_sft >= -9.07|linreg_24_sft <= 0.660264,LONG,Ret_72,311,177,1.2854,1.4683
minus_di_200_sft <= 19.846724|aroon_34_sft <= ema_8_sft,LONG,Ret_72,211,169,1.2897,1.357
adx_24_sft >= 19.813929|adx_144_sft >= 8.674729,LONG,Ret_96,213,123,1.3524,1.632
minus_di_200_sft <= 19.846724|linreg_200_sft >= -5.41,LONG,Ret_72,211,169,1.2897,1.357
minus_di_200_sft <= ema_55_sft|adx_144_sft >= 8.674729,LONG,Ret_96,250,151,1.2598,1.5251
trix_13_sft >= 0.001017|ema_200_sft <= 1820.673877,LONG,Ret_96,333,32,1.2518,0.9979
aroon_89_sft >= 5.5|minus_di_89_sft >= -6.87|plus_di_144_sft <= 20.597851,LONG,Ret_48,242,145,1.3003,1.7067
minus_di_120_sft <= 19.36696|minus_di_120_sft <= Close_sft,LONG,Ret_72,233,173,1.3622,1.57
macdh_13_sft <= 0.396837|linreg_8_sft >= 0.466946|aroon_120_sft <= 58.333332,LONG,Ret_96,280,190,1.273,1.5429
aroon_21_sft <= 52.380951|minus_di_144_sft >= 17.973642|aroon_21_sft >= 52.380951,LONG,Ret_72,212,144,1.352,1.5545
minus_di_144_sft <= 19.549842|ema_21_sft <= ema_13_sft,LONG,Ret_72,214,163,1.3324,1.4504
linreg_55_sft >= 0.222012|trix_55_sft <= 0.019001,LONG,Ret_72,241,203,1.3109,1.62
minus_di_120_sft <= 19.36696|aroon_5_sft <= 60.0,LONG,Ret_72,223,163,1.3194,1.6049
macdh_5_sft >= 0.408306|aroon_34_sft >= 79.411766,LONG,Ret_96,206,146,1.324,1.4587
ema_55_sft <= 1819.651587|efficiency_21_sft >= 0.484428,LONG,Ret_72,327,30,1.2855,1.2531
slope_24_sft >= -0.108494|plus_di_8_sft >= 33.824101|aroon_34_sft >= 79.411766,LONG,Ret_72,232,158,1.3111,1.2224
ema_13_sft <= 1821.289453|minus_di_144_sft <= 19.549842,LONG,Ret_72,207,29,1.2902,1.7762
adx_120_sft >= 6.838431|plus_di_48_sft >= 20.502817,LONG,Ret_96,265,182,1.2794,1.543
plus_di_8_sft >= 33.824101|linreg_55_sft <= ema_13_sft|plus_di_89_sft <= 22.84627,LONG,Ret_96,214,138,1.2626,1.5463
aroon_34_sft >= 6.87|slope_34_sft <= 0.002637,LONG,Ret_96,299,189,1.2922,1.4406
adx_200_sft >= 10.138517|slope_13_sft >= -0.063572,LONG,Ret_48,223,131,1.3167,1.8256
trix_21_sft >= 0.014494|linreg_5_sft >= 0.57255|ema_48_sft <= 1820.151318,LONG,Ret_72,200,20,1.2557,2.1166
adx_144_sft >= 8.674729|trix_8_sft >= -7.02,LONG,Ret_96,250,151,1.2598,1.5251
efficiency_120_sft <= 8.22|plus_di_21_sft >= 24.672607,LONG,Ret_96,306,207,1.2658,1.5851
trix_120_sft >= -2.88|slope_13_sft <= ema_34_sft|adx_144_sft >= 8.674729,LONG,Ret_96,250,151,1.2598,1.5251
minus_di_55_sft <= ema_8_sft|adx_200_sft >= 10.138517,LONG,Ret_48,228,137,1.3301,1.841
plus_di_24_sft >= 24.478443|ema_48_sft >= 1172.45459,LONG,Ret_96,269,198,1.2595,1.6348
adx_200_sft >= 8.9,LONG,Ret_72,222,123,1.3186,1.4237
aroon_21_sft <= ema_24_sft|ema_48_sft <= 1820.151318|plus_di_13_sft >= 25.549025,LONG,Ret_96,316,33,1.2683,1.7672
linreg_55_sft <= 0.011679|plus_di_24_sft >= 20.302818,LONG,Ret_96,281,177,1.2638,1.3266
macdh_13_sft <= 0.843661|macdh_48_sft >= -0.280099|ema_144_sft <= 1818.666455,LONG,Ret_96,363,34,1.2513,1.0856
plus_di_24_sft >= 24.478443|efficiency_21_sft <= ema_21_sft,LONG,Ret_96,298,198,1.2893,1.6348
adx_200_sft >= 10.138517|efficiency_21_sft >= -9.1,LONG,Ret_48,228,137,1.3301,1.841
plus_di_8_sft >= 33.824101|macdh_120_sft <= 0.431283,LONG,Ret_96,282,169,1.3449,1.6226
minus_di_8_sft <= 9.53|ema_13_sft <= 1651.514709,LONG,Ret_96,216,3,1.2936,68095535.8047
aroon_55_sft >= 5.454545|trix_34_sft <= 0.023864|aroon_24_sft >= 83.333336,LONG,Ret_72,246,167,1.2503,1.505
linreg_144_sft >= 0.017682|ema_48_sft >= ema_48_sft|plus_di_24_sft >= 24.478443,LONG,Ret_96,208,139,1.3445,1.9578
plus_di_13_sft >= 25.549025|adx_8_sft <= 23.855003,LONG,Ret_72,228,155,1.3757,1.2771
adx_200_sft >= 10.138517|slope_200_sft >= -5.38,LONG,Ret_48,228,137,1.3301,1.841
slope_8_sft >= -7.92|adx_144_sft >= 8.674729,LONG,Ret_96,250,151,1.2598,1.5251
adx_200_sft >= 10.138517|macdh_21_sft >= -0.759769,LONG,Ret_48,226,127,1.2887,1.8437
minus_di_200_sft <= 19.846724|slope_5_sft <= ema_55_sft,LONG,Ret_72,211,169,1.2897,1.357
minus_di_200_sft <= ema_200_sft|macdh_13_sft <= -0.387447|minus_di_24_sft <= 20.769451,LONG,Ret_72,269,226,1.3017,1.2748
linreg_5_sft <= 7.58|minus_di_8_sft <= 9.068035|ema_89_sft >= 3.42,LONG,Ret_96,278,181,1.2686,1.714
macdh_200_sft <= 0.169522|plus_di_200_sft >= 20.583717,LONG,Ret_96,232,147,1.2898,1.4748
adx_120_sft >= 7.86|efficiency_89_sft <= 0.018904,LONG,Ret_72,204,125,1.2788,1.3772
slope_55_sft <= 0.08611|plus_di_21_sft >= 24.672607,LONG,Ret_96,295,189,1.2836,1.8287
adx_200_sft >= 8.1,LONG,Ret_96,214,117,1.2707,1.4305
adx_13_sft >= 44.272654|slope_34_sft <= 0.10514,LONG,Ret_48,224,129,1.2545,1.0224
trix_21_sft <= 0.014494|plus_di_34_sft >= 20.409904,LONG,Ret_96,331,205,1.3221,1.4418
efficiency_120_sft <= ema_13_sft|adx_144_sft >= 9.37,LONG,Ret_96,217,128,1.4172,1.4946
trix_89_sft <= 0.014481|plus_di_48_sft >= 20.502817,LONG,Ret_96,311,188,1.2621,1.5606
adx_200_sft >= 10.138517|slope_200_sft <= ema_55_sft,LONG,Ret_48,228,137,1.3301,1.841
adx_120_sft <= ema_89_sft|minus_di_200_sft <= 19.846724|linreg_55_sft >= -1.3,LONG,Ret_72,211,169,1.2897,1.366
minus_di_5_sft <= 11.554769|trix_89_sft >= 0.00102,LONG,Ret_96,213,152,1.2559,1.4879
ema_24_sft <= ema_5_sft|efficiency_144_sft <= 0.015482,LONG,Ret_72,205,126,1.2892,1.3513
adx_89_sft >= 6.157318|adx_5_sft >= 64.602853,LONG,Ret_72,351,212,1.2882,1.2436
plus_di_89_sft >= 1.9|efficiency_144_sft <= ema_144_sft|plus_di_24_sft >= 24.478443,LONG,Ret_96,298,198,1.2893,1.6348
minus_di_24_sft <= 20.769451|adx_144_sft >= 8.674729,LONG,Ret_96,216,132,1.2523,1.4812
aroon_5_sft >= 0.0|adx_200_sft >= 10.138517,LONG,Ret_48,220,131,1.3827,2.0268
macdh_5_sft <= -0.410792|adx_8_sft >= 54.081817,LONG,Ret_72,224,157,1.2792,1.2203
minus_di_48_sft <= 21.037424|slope_48_sft <= 0.00225,LONG,Ret_72,267,166,1.2506,1.2554
minus_di_34_sft <= 20.932758|trix_5_sft >= -0.04967|linreg_55_sft >= 0.222012,LONG,Ret_72,266,227,1.2573,1.4587
plus_di_21_sft >= 24.672607|aroon_21_sft >= 1.27,LONG,Ret_96,300,198,1.2517,1.6261
aroon_34_sft >= 79.411766|aroon_5_sft >= 100.0,LONG,Ret_96,204,135,1.3311,1.6741
aroon_144_sft >= -54.861111|trix_34_sft <= 0.023864|minus_di_48_sft <= 18.148701,LONG,Ret_72,258,163,1.2701,1.5617
adx_8_sft <= 18.754478|slope_55_sft >= 0.0022|linreg_24_sft >= -0.268024,LONG,Ret_72,221,153,1.5614,1.1597
plus_di_21_sft >= 20.270658|adx_144_sft >= 8.674729,LONG,Ret_96,221,131,1.2545,1.6431
ema_21_sft <= 1650.788635|minus_di_8_sft <= 9.068035,LONG,Ret_96,212,3,1.269,68095535.8047
aroon_5_sft >= 100.0|macdh_5_sft >= -6.39|adx_24_sft <= 19.813929,LONG,Ret_96,280,184,1.3368,1.5758
minus_di_144_sft <= 21.195539|minus_di_5_sft >= 36.897367,LONG,Ret_72,208,145,1.2728,1.5819
trix_13_sft >= -4.52|minus_di_120_sft <= 19.36696,LONG,Ret_72,233,173,1.3622,1.57
efficiency_120_sft <= 0.090539|ema_48_sft >= ema_55_sft,LONG,Ret_72,323,204,1.2561,1.4622
efficiency_55_sft <= 0.063022|minus_di_21_sft >= 25.169423,LONG,Ret_72,260,168,1.2572,1.3651
slope_24_sft >= -0.108494|adx_200_sft >= 10.138517,LONG,Ret_48,225,133,1.2586,1.8966
efficiency_21_sft <= 0.20685|minus_di_48_sft <= 18.148701,LONG,Ret_72,237,159,1.2824,1.8228
linreg_55_sft >= 0.222012|minus_di_89_sft <= 21.15653,LONG,Ret_72,253,209,1.2786,1.4391
ema_120_sft <= ema_5_sft|plus_di_21_sft >= 20.270658,LONG,Ret_96,310,205,1.2637,1.5818
minus_di_144_sft <= 19.549842|linreg_48_sft >= -0.433203,LONG,Ret_72,224,169,1.289,1.4166
trix_8_sft <= -0.018752|macdh_48_sft >= -0.280099|adx_21_sft <= ema_120_sft,LONG,Ret_72,270,112,1.3941,1.1485
plus_di_120_sft <= ema_5_sft|minus_di_120_sft <= 19.36696|aroon_13_sft >= -53.846153,LONG,Ret_72,229,171,1.3547,1.5695
minus_di_200_sft <= 19.846724|trix_120_sft >= -0.010973|linreg_89_sft >= -0.147821,LONG,Ret_72,205,160,1.2629,1.441
minus_di_120_sft <= 19.36696|ema_144_sft >= 2.61,LONG,Ret_72,233,173,1.3622,1.57
trix_144_sft >= 0.000965|adx_200_sft >= 7.12,LONG,SINTETICA_REVERSE,238,171,1.3033,1.3586
minus_di_144_sft <= 23.01281|trix_24_sft <= 0.028241|plus_di_21_sft >= 20.270658,LONG,Ret_96,331,214,1.2743,1.4599
efficiency_34_sft <= 0.53|minus_di_200_sft <= 19.846724,LONG,Ret_72,210,169,1.2701,1.3833
minus_di_120_sft <= 19.36696|trix_34_sft <= 3.27|trix_5_sft <= 0.05361,LONG,Ret_72,219,160,1.3092,1.626
macdh_120_sft <= 3.03|minus_di_5_sft <= 3.01,LONG,Ret_72,212,136,1.3191,2.1254
plus_di_8_sft >= 33.824101|ema_55_sft >= -4.72|ema_200_sft <= 1820.673877,LONG,Ret_96,273,29,1.274,1.444
adx_144_sft >= 8.674729|slope_13_sft <= ema_48_sft|trix_120_sft <= ema_200_sft,LONG,Ret_96,250,151,1.2598,1.5251
aroon_48_sft >= 8.62|adx_5_sft <= 23.353106,LONG,Ret_72,269,185,1.2603,1.2781
adx_48_sft <= ema_200_sft|plus_di_21_sft >= 24.672607,LONG,Ret_96,306,207,1.2658,1.5851
aroon_34_sft <= 79.411766|minus_di_13_sft <= 11.24466|efficiency_34_sft <= 0.282634,LONG,Ret_72,218,132,1.3456,1.4291
linreg_89_sft <= 0.374144|efficiency_21_sft >= 0.484428,LONG,Ret_72,341,192,1.2776,1.2497
slope_120_sft <= 0.060953|minus_di_21_sft <= 16.470973,LONG,Ret_72,335,202,1.2996,1.3519
adx_200_sft >= 10.138517|linreg_21_sft <= 0.321069,LONG,Ret_48,219,126,1.3255,2.1495
minus_di_200_sft <= 19.846724|efficiency_200_sft >= 0.033791,LONG,Ret_72,202,163,1.3447,1.3649
aroon_200_sft >= 2.94|macdh_5_sft >= 0.408306,LONG,Ret_96,246,176,1.3501,1.3654
aroon_34_sft >= 79.411766|linreg_144_sft >= -0.114247,LONG,Ret_96,207,137,1.3644,1.5692
trix_34_sft >= 0.000779|aroon_34_sft >= 58.823528,LONG,Ret_72,275,192,1.2677,1.4512
adx_144_sft >= 8.674729|adx_13_sft <= Close_sft,LONG,Ret_96,250,151,1.2598,1.5251
linreg_120_sft <= 0.321383|adx_144_sft >= 8.674729,LONG,Ret_96,239,113,1.3125,1.6159
linreg_89_sft >= -1.18|minus_di_120_sft <= 19.36696,LONG,Ret_72,233,173,1.3622,1.57
trix_89_sft <= 7.74|aroon_34_sft >= 79.411766,LONG,Ret_96,246,161,1.253,1.4144
macdh_200_sft >= 0.169522|trix_48_sft <= 0.020359,LONG,Ret_72,202,155,1.356,1.8037
plus_di_21_sft >= 24.672607|efficiency_48_sft <= 8.24,LONG,Ret_96,306,207,1.2658,1.5851
efficiency_5_sft >= 0.894355|minus_di_13_sft >= -8.17|aroon_8_sft >= 62.5,LONG,Ret_96,288,190,1.2537,1.2432
plus_di_200_sft >= 20.583717|ema_5_sft <= 1821.612354,LONG,Ret_96,259,26,1.3594,1.1421
minus_di_120_sft <= 19.36696|linreg_34_sft >= -0.508917,LONG,Ret_72,232,170,1.3365,1.5481
adx_5_sft >= 64.602853|trix_34_sft <= 0.012018,LONG,Ret_96,265,148,1.2696,1.553
minus_di_34_sft <= 17.529027|aroon_34_sft >= 79.411766,LONG,Ret_48,267,184,1.2547,1.6503
aroon_8_sft >= -5.68|adx_200_sft >= 10.138517,LONG,Ret_48,216,128,1.3697,1.6202
efficiency_24_sft >= 0.330664|efficiency_89_sft >= 0.106404|adx_200_sft >= 7.534551,LONG,Ret_72,211,114,1.4226,1.1564
efficiency_89_sft <= 0.049564|plus_di_13_sft >= 14.88496,LONG,Ret_96,289,189,1.2693,1.4251
ema_120_sft <= 1819.635034|macdh_8_sft >= -0.412386|minus_di_89_sft >= 23.408338,LONG,Ret_72,214,16,1.2608,0.6053
aroon_200_sft >= 1.42|adx_21_sft <= 21.016172,LONG,Ret_96,236,151,1.2859,1.752
minus_di_144_sft <= 19.549842|adx_144_sft <= 15.455651,LONG,Ret_72,211,151,1.4198,1.4898
efficiency_120_sft <= 0.223038|plus_di_8_sft >= 33.824101,LONG,Ret_96,277,187,1.2808,1.5156
plus_di_24_sft >= 24.478443|plus_di_55_sft >= 20.551075,LONG,Ret_96,290,195,1.2675,1.5824
macdh_48_sft >= -0.280099|minus_di_200_sft <= 19.846724|aroon_48_sft <= Close_sft,LONG,Ret_72,201,157,1.3112,1.4193
linreg_120_sft <= 0.321383|macdh_200_sft >= 0.169522,LONG,Ret_48,251,147,1.2686,1.5507
ema_24_sft >= 8.03|minus_di_120_sft <= 19.36696,LONG,Ret_72,233,173,1.3622,1.57
trix_24_sft <= 0.013661|plus_di_34_sft >= 20.409904,LONG,Ret_96,324,200,1.2991,1.3552
aroon_34_sft >= 79.411766|adx_13_sft <= ema_89_sft,LONG,Ret_96,246,161,1.253,1.4144
aroon_34_sft >= -3.4|minus_di_55_sft >= 0.69|aroon_200_sft >= -8.18,LONG,Ret_96,255,174,1.2549,1.4374
plus_di_24_sft >= 24.478443|minus_di_120_sft <= 25.158413,LONG,Ret_96,295,197,1.2694,1.6744
ema_55_sft <= 1646.929871|minus_di_24_sft >= 29.113644,LONG,Ret_72,203,2,1.2538,55333036.982
plus_di_24_sft >= 24.478443|ema_48_sft <= 1647.476746,LONG,Ret_96,231,3,1.309,71675187.9234
trix_13_sft >= -0.032943|aroon_120_sft >= -78.333336|macdh_144_sft >= 0.198633,LONG,Ret_96,215,170,1.25,1.6019
slope_8_sft <= 0.083389|trix_200_sft >= -9.65|aroon_55_sft >= 83.63636,LONG,Ret_48,217,148,1.2659,2.1227
minus_di_120_sft <= 19.36696|minus_di_55_sft >= 2.16,LONG,Ret_72,233,173,1.3622,1.57
aroon_13_sft <= 2.47|adx_21_sft <= 36.246547|plus_di_13_sft >= 19.937256,LONG,Ret_96,323,210,1.287,1.7903
efficiency_5_sft >= 0.894355|macdh_24_sft >= 0.356385,LONG,Ret_96,254,194,1.3335,1.2323
plus_di_34_sft >= 2.82|plus_di_24_sft >= 24.478443,LONG,Ret_96,298,198,1.2893,1.6348
minus_di_8_sft >= 26.836089|adx_8_sft <= 31.781301|adx_120_sft >= 9.408218,LONG,Ret_72,218,131,1.2679,1.4282
aroon_34_sft >= 79.411766|linreg_13_sft <= ema_24_sft,LONG,Ret_96,246,161,1.253,1.4144
plus_di_24_sft >= 13.168236|plus_di_8_sft >= 13.375357|efficiency_89_sft <= 0.049564,LONG,Ret_96,296,189,1.265,1.3299
aroon_34_sft >= 79.411766|adx_13_sft >= -4.97,LONG,Ret_96,246,161,1.253,1.4144
minus_di_120_sft <= 19.36696|adx_144_sft <= ema_8_sft|minus_di_24_sft <= ema_21_sft,LONG,Ret_72,233,173,1.3622,1.57
minus_di_120_sft <= 19.36696|linreg_21_sft >= -0.280329,LONG,Ret_72,232,167,1.3345,1.5808
slope_24_sft >= 0.119522|adx_24_sft <= ema_144_sft|minus_di_5_sft <= 18.951136,LONG,Ret_96,231,178,1.2572,1.5765
aroon_24_sft <= 83.333336|adx_144_sft >= 8.674729,LONG,Ret_96,250,151,1.272,1.5615
plus_di_21_sft >= 24.672607|ema_55_sft <= 1819.651587,LONG,Ret_96,281,28,1.3984,2.2341
adx_144_sft >= 8.674729|minus_di_21_sft >= 0.23,LONG,Ret_96,250,151,1.2598,1.5251
macdh_120_sft <= ema_48_sft|macdh_21_sft <= 0.770179|adx_144_sft >= 8.674729,LONG,Ret_96,248,141,1.2907,1.4507
adx_200_sft >= 10.138517|efficiency_5_sft <= 8.26|macdh_5_sft >= -0.862699,LONG,Ret_48,226,132,1.301,1.9909
linreg_24_sft <= ema_24_sft|adx_144_sft >= 8.674729,LONG,Ret_96,250,151,1.2598,1.5251
slope_5_sft >= 0.095965|adx_120_sft >= 9.408218,LONG,Ret_96,228,144,1.2663,1.59
adx_5_sft >= 64.602853|plus_di_89_sft >= 18.382777|aroon_144_sft <= 58.333332,LONG,Ret_72,204,116,1.3357,1.8168
ema_34_sft <= 1648.629395|aroon_48_sft >= 56.25,LONG,Ret_96,206,2,1.3089,78323174.5728
minus_di_120_sft <= 19.36696|macdh_120_sft >= 0.004787|adx_13_sft <= ema_24_sft,LONG,Ret_72,211,152,1.2546,1.6246
slope_8_sft >= 0.002395|plus_di_24_sft >= 24.478443,LONG,Ret_96,295,196,1.2522,1.6638
linreg_120_sft <= 1.64|aroon_34_sft >= 79.411766|linreg_48_sft <= 3.94,LONG,Ret_96,246,157,1.253,1.5723
adx_8_sft <= 18.754478|plus_di_48_sft >= 17.550961,LONG,Ret_72,299,204,1.3809,1.2866
ema_120_sft <= ema_48_sft|minus_di_8_sft >= 13.611489|plus_di_21_sft >= 20.270658,LONG,Ret_96,251,167,1.2587,1.7428
minus_di_144_sft <= ema_5_sft|minus_di_200_sft <= 19.846724,LONG,Ret_72,211,169,1.2897,1.357
plus_di_144_sft >= 20.597851|ema_48_sft <= 1647.476746,LONG,Ret_96,243,3,1.2894,39462129.6283
slope_24_sft <= 0.119522|aroon_120_sft >= 14.166667|minus_di_48_sft <= 18.148701,LONG,Ret_96,200,127,1.2817,1.9009
efficiency_8_sft <= ema_13_sft|plus_di_13_sft <= ema_200_sft|adx_200_sft >= 10.138517,LONG,Ret_48,228,137,1.3301,1.841
plus_di_21_sft >= 24.672607|aroon_55_sft >= -80.0|slope_13_sft <= ema_24_sft,LONG,Ret_96,304,206,1.2709,1.5726
efficiency_13_sft <= 0.050229|efficiency_21_sft <= 6.32|trix_13_sft >= 0.017071,LONG,Ret_72,241,187,1.3031,1.1279
macdh_48_sft >= -0.280099|slope_34_sft >= 0.002637|ema_200_sft <= 1820.673877,LONG,Ret_96,342,35,1.2889,1.1839
plus_di_21_sft >= 24.672607|linreg_200_sft <= 6.59,LONG,Ret_96,306,207,1.2658,1.5851
minus_di_120_sft <= 19.36696|linreg_200_sft >= -0.202539|adx_21_sft >= 7.65,LONG,Ret_72,232,169,1.3214,1.56
aroon_34_sft >= 79.411766|aroon_21_sft <= ema_55_sft,LONG,Ret_96,246,161,1.253,1.4144
plus_di_24_sft <= Close_sft|minus_di_120_sft <= 19.36696,LONG,Ret_72,233,173,1.3622,1.57
plus_di_8_sft >= 33.824101|trix_34_sft >= 0.000779,LONG,Ret_72,239,161,1.2531,1.5263
efficiency_89_sft <= 0.018904|linreg_5_sft <= 0.0142,LONG,Ret_96,250,160,1.2779,1.3538
minus_di_200_sft <= 19.846724|slope_21_sft >= -0.114631,LONG,Ret_72,210,169,1.2829,1.3633
macdh_144_sft >= 0.198633|trix_55_sft >= -0.007616,LONG,Ret_96,203,156,1.2846,1.7764
adx_200_sft >= 8.29|plus_di_120_sft >= 17.179078|slope_120_sft >= -0.052634,LONG,Ret_72,238,137,1.35,1.3262
minus_di_120_sft <= 19.36696|aroon_144_sft <= ema_89_sft,LONG,Ret_72,233,173,1.3622,1.57
macdh_13_sft <= 0.843661|adx_144_sft >= 8.674729,LONG,Ret_96,249,143,1.2659,1.3742
minus_di_13_sft >= 31.571671|aroon_13_sft >= -53.846153|slope_34_sft <= ema_8_sft,LONG,Ret_48,302,176,1.3629,1.0198
minus_di_24_sft <= 16.763711|slope_5_sft <= 0.003039,LONG,Ret_96,216,139,1.4221,1.8733
linreg_55_sft >= -0.185778|minus_di_120_sft <= 19.36696,LONG,Ret_72,232,169,1.302,1.4815
adx_200_sft >= 10.138517|minus_di_89_sft >= 7.12,LONG,Ret_48,228,137,1.3301,1.841
trix_144_sft >= 0.000965|macdh_24_sft >= 0.006796,LONG,Ret_72,269,191,1.2579,1.5059
minus_di_200_sft <= 19.846724|efficiency_120_sft >= 0.016981,LONG,Ret_72,210,169,1.2812,1.3617
aroon_34_sft >= 79.411766|trix_24_sft <= 0.52|aroon_5_sft >= 1.26,LONG,Ret_96,241,156,1.2924,1.5892
efficiency_55_sft >= 0.024776|minus_di_200_sft <= 19.846724|linreg_13_sft >= -0.779809,LONG,Ret_72,208,165,1.2965,1.5086
efficiency_5_sft <= 0.207591|efficiency_89_sft <= 0.049564,LONG,Ret_72,328,197,1.2556,1.4407
aroon_34_sft >= 79.411766|linreg_34_sft >= -0.508917,LONG,Ret_96,246,161,1.253,1.4144
aroon_8_sft >= 87.5|trix_13_sft <= 8.6|macdh_144_sft >= 0.003514,LONG,Ret_96,269,176,1.2614,1.6098
efficiency_24_sft >= 0.037109|adx_144_sft >= 8.674729|trix_48_sft <= 0.020359,LONG,Ret_96,233,129,1.2798,2.0714
aroon_8_sft <= 62.5|trix_34_sft >= 0.000779|efficiency_144_sft <= 0.081806,LONG,Ret_72,297,190,1.272,1.5553
trix_34_sft >= 0.000779|minus_di_8_sft <= 13.611489,LONG,Ret_72,289,198,1.2972,1.7066
trix_48_sft <= 0.020359|efficiency_200_sft >= 0.033791|minus_di_120_sft <= 19.36696,LONG,Ret_48,244,167,1.2744,1.5696
adx_21_sft <= 21.016172|adx_48_sft <= 14.516132|linreg_144_sft <= 0.147297,LONG,Ret_96,243,134,1.2532,1.3756
adx_144_sft >= 8.674729|slope_200_sft <= ema_55_sft,LONG,Ret_96,250,151,1.2598,1.5251
slope_5_sft >= 0.207647|ema_34_sft <= 1821.121729,LONG,Ret_96,284,32,1.2679,1.5984
linreg_13_sft >= 0.011033|minus_di_8_sft <= 9.72|linreg_8_sft <= 1.038317,LONG,Ret_96,253,147,1.4103,1.2404
linreg_200_sft <= 0.240093|trix_48_sft >= 0.000938,LONG,Ret_96,250,119,1.2672,1.872
trix_48_sft <= 0.020359|efficiency_48_sft <= 0.025721|plus_di_21_sft >= 20.270658,LONG,Ret_96,244,148,1.3332,1.6374
slope_120_sft >= 0.002734|ema_13_sft <= 1651.514709,LONG,Ret_96,242,3,1.2565,61526649.2088
ema_120_sft <= ema_8_sft|linreg_144_sft <= 0.288994,LONG,Ret_96,303,151,1.2525,1.4386
minus_di_120_sft <= 19.36696|macdh_55_sft <= 0.575855,LONG,Ret_72,215,150,1.4912,1.7944
macdh_55_sft >= -3.62|linreg_55_sft >= -0.404098|adx_21_sft >= 28.71629,LONG,Ret_72,271,125,1.372,1.2275
minus_di_5_sft <= 36.897367|aroon_13_sft >= -53.846153|aroon_34_sft >= 79.411766,LONG,Ret_96,245,161,1.2657,1.4135
linreg_55_sft <= 0.222012|macdh_24_sft <= 4.35|plus_di_34_sft >= 20.409904,LONG,Ret_96,330,186,1.2867,1.4917
plus_di_5_sft <= 18.701385|linreg_24_sft >= 0.015678|aroon_13_sft <= -76.92308,LONG,Ret_96,199,121,1.2543,1.485
linreg_34_sft >= -0.508917|aroon_34_sft >= 79.411766|slope_144_sft <= ema_21_sft,LONG,Ret_96,246,161,1.253,1.4144
adx_8_sft >= 54.081817|slope_5_sft <= 0.095965,LONG,Ret_72,272,169,1.2544,1.0948
adx_55_sft <= 10.040038|trix_34_sft <= 0.012018|adx_24_sft <= 34.424773,LONG,Ret_48,272,171,1.3308,1.3981
minus_di_34_sft <= 17.529027|macdh_48_sft <= 0.601385,LONG,Ret_72,302,170,1.3388,1.4049
trix_24_sft <= 9.91|adx_200_sft >= 8.9,LONG,Ret_72,222,123,1.3186,1.4237
minus_di_5_sft <= 3.33|efficiency_21_sft <= 0.484428,LONG,Ret_48,218,149,1.4495,1.3357
plus_di_21_sft >= 24.672607|efficiency_8_sft >= 0.543346|efficiency_8_sft <= 4.75,LONG,Ret_96,281,188,1.3477,1.7791
slope_89_sft >= 0.002437|plus_di_21_sft >= 24.672607,LONG,Ret_96,287,197,1.2864,1.5586
adx_5_sft >= 29.65864|minus_di_5_sft <= 2.9,LONG,Ret_72,208,136,1.2577,1.7044
minus_di_200_sft <= ema_21_sft|minus_di_120_sft <= 19.36696,LONG,Ret_72,233,173,1.3622,1.57
aroon_89_sft >= 2.247191|aroon_34_sft >= 79.411766,LONG,Ret_72,220,154,1.2656,1.3178
plus_di_8_sft <= 33.824101|minus_di_8_sft <= 9.068035|minus_di_120_sft <= Close_sft,LONG,Ret_96,243,156,1.2652,1.4774
adx_24_sft <= 27.124339|slope_120_sft >= 0.002734,LONG,Ret_96,314,207,1.2877,1.6381
ema_120_sft <= 1819.635034|efficiency_21_sft >= 0.484428,LONG,Ret_72,328,29,1.3228,1.1183
adx_200_sft >= 7.534551|ema_55_sft <= 1819.651587,LONG,Ret_72,275,23,1.2663,1.4732
slope_21_sft <= 0.125629|linreg_55_sft >= -6.33|plus_di_144_sft >= 22.454097,LONG,Ret_72,218,150,1.2508,1.3592
plus_di_24_sft >= 24.478443|efficiency_34_sft >= 0.029889,LONG,Ret_96,293,195,1.2941,1.6637
plus_di_5_sft <= 36.880132|minus_di_21_sft <= 16.470973,LONG,Ret_72,347,233,1.2779,1.2798
slope_34_sft >= 0.002637|minus_di_144_sft <= 19.549842,LONG,Ret_72,216,165,1.2724,1.4482
minus_di_48_sft <= 18.148701|efficiency_13_sft <= 0.433265,LONG,Ret_72,282,184,1.2555,1.4365
efficiency_55_sft <= 0.063022|plus_di_21_sft >= 24.672607,LONG,Ret_96,203,136,1.2687,1.737
trix_21_sft >= 0.000711|adx_8_sft <= 31.781301,LONG,Ret_96,295,199,1.2742,1.4682
plus_di_200_sft >= -4.02|adx_200_sft >= 10.138517|minus_di_8_sft >= -7.14,LONG,Ret_48,228,137,1.3301,1.841
linreg_48_sft <= ema_8_sft|aroon_34_sft >= 79.411766,LONG,Ret_96,246,161,1.253,1.4144
plus_di_24_sft >= 24.478443|ema_55_sft >= 1172.428003,LONG,Ret_96,269,198,1.2556,1.6348
minus_di_144_sft <= ema_144_sft|adx_144_sft >= 8.674729,LONG,Ret_96,250,151,1.2598,1.5251
trix_200_sft <= 8.17|adx_200_sft >= 10.138517|adx_120_sft >= 5.328076,LONG,Ret_48,228,137,1.3301,1.841
adx_24_sft >= 9.45|plus_di_24_sft >= 24.478443,LONG,Ret_96,297,197,1.2912,1.6316
minus_di_89_sft >= -6.47|adx_200_sft >= 10.138517,LONG,Ret_48,228,137,1.3301,1.841
slope_21_sft >= 0.125629|efficiency_200_sft >= 0.033791,LONG,Ret_96,214,170,1.3351,1.3958
minus_di_120_sft <= 19.36696|slope_55_sft >= -0.076089,LONG,Ret_72,233,172,1.3521,1.5502
linreg_5_sft <= 2.17|adx_144_sft >= 8.674729,LONG,Ret_96,250,149,1.263,1.5156
macdh_34_sft >= 0.010231|plus_di_5_sft <= 11.362903|plus_di_48_sft >= 15.214584,LONG,Ret_96,259,174,1.2615,1.7802
efficiency_120_sft <= 0.090539|slope_120_sft >= 0.002734,LONG,Ret_96,273,174,1.2963,1.491
adx_144_sft >= 8.674729|plus_di_8_sft >= -4.63,LONG,Ret_96,250,151,1.2598,1.5251
slope_21_sft >= 0.125629|aroon_24_sft >= 54.166668,LONG,Ret_96,203,164,1.3262,1.5981
plus_di_21_sft >= 24.672607|adx_8_sft >= -7.45,LONG,Ret_96,306,207,1.2658,1.5851
minus_di_5_sft >= -6.21|linreg_48_sft <= Close_sft|adx_200_sft >= 10.138517,LONG,Ret_48,228,137,1.3301,1.841
adx_144_sft >= 8.674729|efficiency_120_sft <= 0.155584,LONG,Ret_96,211,127,1.2616,1.4346
minus_di_144_sft <= 19.549842|ema_34_sft <= ema_24_sft|linreg_21_sft >= -0.280329,LONG,Ret_72,214,158,1.2557,1.4933
minus_di_120_sft <= 19.36696|minus_di_13_sft >= -6.84,LONG,Ret_72,233,173,1.3622,1.57
minus_di_89_sft <= 25.679508|minus_di_200_sft <= 19.846724,LONG,Ret_72,211,169,1.2897,1.357
plus_di_24_sft >= 24.478443|aroon_21_sft <= ema_13_sft,LONG,Ret_96,298,198,1.2893,1.6348
adx_144_sft >= 8.674729|plus_di_48_sft >= 5.89,LONG,Ret_96,250,151,1.2598,1.5251
minus_di_200_sft <= 19.846724|efficiency_5_sft <= 0.894355,LONG,Ret_72,211,168,1.2895,1.4455
efficiency_48_sft <= 0.245374|macdh_144_sft >= 0.198633,LONG,Ret_96,203,165,1.2502,1.6439
plus_di_34_sft >= -6.14|adx_144_sft >= 8.674729|plus_di_89_sft <= ema_21_sft,LONG,Ret_96,250,151,1.2598,1.5251
minus_di_48_sft >= 15.594804|plus_di_8_sft >= 33.824101,LONG,Ret_96,278,186,1.251,1.6164
minus_di_120_sft <= 19.36696|linreg_8_sft <= ema_200_sft|macdh_144_sft >= -0.185443,LONG,Ret_72,230,163,1.3557,1.5824
adx_24_sft >= -6.68|plus_di_21_sft >= 24.672607,LONG,Ret_96,306,207,1.2658,1.5851
linreg_21_sft >= 0.321069|plus_di_8_sft <= 19.418318,LONG,Ret_72,259,242,1.2886,1.2721
minus_di_200_sft >= -2.69|adx_200_sft >= 10.138517,LONG,Ret_48,228,137,1.3301,1.841
plus_di_48_sft >= 20.502817|slope_5_sft >= 0.003039|linreg_200_sft >= 0.019063,LONG,Ret_96,219,152,1.2553,1.5755
macdh_120_sft <= 0.210833|minus_di_8_sft <= 9.068035|linreg_8_sft >= 0.466946,LONG,Ret_96,204,113,1.3379,1.4541
linreg_89_sft >= -8.14|aroon_34_sft >= 79.411766,LONG,Ret_96,246,161,1.253,1.3423
linreg_144_sft >= -0.114247|slope_8_sft >= 0.178176,LONG,Ret_96,239,160,1.2512,1.4674
aroon_34_sft >= 79.411766|aroon_5_sft <= 100.0,LONG,Ret_96,246,161,1.253,1.4144
minus_di_144_sft <= 23.01281|adx_34_sft >= 17.103025,LONG,Ret_96,255,169,1.3488,1.3416
minus_di_200_sft <= 19.846724|macdh_48_sft >= -0.602652,LONG,Ret_72,208,162,1.3233,1.5336
ema_200_sft >= 2.55|plus_di_21_sft >= 24.672607,LONG,Ret_96,306,207,1.2658,1.5851
ema_34_sft <= 1821.121729|slope_34_sft >= 0.002637,LONG,Ret_96,345,37,1.2574,1.4026
minus_di_120_sft <= 19.36696|minus_di_21_sft <= 25.169423,LONG,Ret_72,232,173,1.3553,1.57
minus_di_24_sft <= 16.763711|aroon_13_sft <= -7.23,LONG,Ret_48,250,160,1.2899,1.8118
adx_8_sft <= 18.754478|adx_21_sft <= 15.673382,LONG,Ret_72,226,151,1.25,1.5399
efficiency_34_sft >= 0.029889|slope_21_sft >= 0.125629,LONG,Ret_96,238,185,1.2824,1.3011
linreg_24_sft >= -0.268024|minus_di_120_sft <= 19.36696,LONG,Ret_72,232,167,1.3644,1.5656
minus_di_8_sft <= 8.97,LONG,Ret_96,276,182,1.2612,1.6423
plus_di_8_sft >= 8.877579|adx_144_sft >= 8.674729,LONG,Ret_96,248,151,1.2602,1.7417
adx_200_sft >= 10.138517|plus_di_13_sft <= ema_34_sft,LONG,Ret_48,228,137,1.3301,1.841
plus_di_13_sft >= 19.937256|aroon_34_sft >= -2.99|efficiency_48_sft >= 0.065908,LONG,Ret_96,345,220,1.25,1.5393
aroon_34_sft >= 8.823529|minus_di_21_sft >= 1.89|linreg_89_sft >= 0.007437,LONG,Ret_48,445,302,1.2591,1.3533
slope_55_sft >= -6.79|adx_144_sft >= 8.674729,LONG,Ret_96,250,151,1.2598,1.5251
adx_89_sft >= 6.157318|aroon_34_sft >= 79.411766,LONG,Ret_96,231,153,1.2529,1.459
plus_di_24_sft >= 24.478443|efficiency_34_sft <= ema_13_sft,LONG,Ret_96,298,198,1.2893,1.6348
ema_21_sft >= ema_144_sft|adx_8_sft <= 18.754478,LONG,Ret_72,199,132,1.2679,1.6524
efficiency_120_sft <= 0.042423|adx_200_sft >= 7.41,LONG,Ret_48,227,126,1.2781,1.1962
efficiency_21_sft >= 0.484428|ema_21_sft <= 1821.49585,LONG,Ret_72,329,33,1.2932,1.4699
adx_200_sft >= 10.138517|macdh_200_sft <= ema_21_sft,LONG,Ret_48,228,137,1.3301,1.841
slope_5_sft >= -0.196958|minus_di_200_sft <= 19.846724,LONG,Ret_72,211,169,1.2686,1.352
efficiency_24_sft <= 0.037109|minus_di_5_sft <= 11.554769,LONG,Ret_96,231,153,1.3158,1.1291
plus_di_24_sft >= 24.478443|linreg_21_sft >= -0.62369,LONG,Ret_96,297,198,1.2872,1.643
trix_48_sft >= 0.000938|aroon_21_sft >= 80.952377,LONG,Ret_72,218,153,1.3065,2.1161
efficiency_48_sft >= 0.065908|minus_di_200_sft <= 19.846724,LONG,Ret_72,207,165,1.2671,1.3882
macdh_200_sft <= 0.346711|plus_di_21_sft >= 20.270658,LONG,Ret_96,367,206,1.2501,1.3369
aroon_34_sft >= 79.411766|trix_55_sft >= -0.007616,LONG,Ret_96,206,143,1.2993,1.6884
minus_di_55_sft <= 21.074759|efficiency_120_sft <= 0.090539,LONG,Ret_96,273,164,1.272,1.7643
slope_200_sft <= 0.047973|minus_di_8_sft <= 9.068035,LONG,Ret_96,252,151,1.416,1.5802
plus_di_21_sft >= 24.672607|macdh_200_sft <= ema_48_sft,LONG,Ret_96,306,207,1.2658,1.5851
slope_8_sft >= 0.083389|plus_di_24_sft >= -8.64|aroon_13_sft <= -8.59,LONG,Ret_72,224,184,1.47,1.3356
adx_200_sft >= 10.138517|plus_di_34_sft >= -4.46,LONG,Ret_48,228,137,1.3301,1.841
adx_200_sft >= 10.138517|macdh_89_sft <= ema_200_sft|slope_34_sft <= 0.049592,LONG,Ret_48,216,119,1.4217,1.9278
plus_di_5_sft >= 18.701385|aroon_34_sft >= 79.411766|linreg_144_sft >= -0.114247,LONG,Ret_96,202,133,1.5013,1.5958
aroon_34_sft >= 79.411766|efficiency_200_sft >= -8.46,LONG,Ret_96,246,161,1.253,1.4144
plus_di_8_sft >= 33.824101|macdh_21_sft >= 0.36775|adx_55_sft >= 0.43,LONG,Ret_96,262,193,1.2674,1.5109
trix_24_sft <= ema_89_sft|adx_89_sft >= 6.157318|efficiency_21_sft >= 0.484428,LONG,Ret_72,349,219,1.2528,1.2423
aroon_144_sft <= ema_120_sft|minus_di_200_sft <= 19.846724,LONG,Ret_72,211,169,1.2897,1.357
minus_di_120_sft <= 23.144876|adx_55_sft >= 13.603822,LONG,Ret_96,230,148,1.3118,1.377
macdh_144_sft >= 0.198633|adx_8_sft >= 31.781301,LONG,Ret_96,204,160,1.2628,1.7981
efficiency_144_sft <= 0.142981|plus_di_8_sft >= 33.824101,LONG,Ret_96,254,164,1.2768,1.5311
minus_di_24_sft >= 9.6|adx_200_sft >= 10.138517,LONG,Ret_48,227,137,1.3171,1.7982
adx_144_sft <= ema_5_sft|adx_200_sft >= 10.138517,LONG,Ret_48,228,137,1.3301,1.841
ema_200_sft <= 1820.673877|minus_di_120_sft <= 21.184851,LONG,Ret_96,282,30,1.2718,1.463
minus_di_120_sft <= 19.36696|efficiency_48_sft >= 0.025721,LONG,Ret_72,232,169,1.3406,1.6292
minus_di_8_sft <= 13.611489|aroon_13_sft <= -4.55,LONG,Ret_96,210,126,1.2997,1.8153
plus_di_24_sft >= 24.478443|trix_8_sft >= -0.040151|minus_di_5_sft <= 18.951136,LONG,Ret_96,297,194,1.2509,1.8855
plus_di_24_sft >= -2.51|plus_di_24_sft >= 24.478443,LONG,Ret_96,298,198,1.2893,1.6348
linreg_120_sft <= 0.162486|efficiency_34_sft <= ema_34_sft|plus_di_89_sft >= 18.382777,LONG,Ret_96,334,181,1.2539,1.3698
adx_21_sft >= 28.71629|plus_di_89_sft >= 18.382777,LONG,Ret_72,222,141,1.2604,1.0163
ema_34_sft >= ema_120_sft|efficiency_24_sft >= 0.458272,LONG,Ret_72,215,157,1.2683,1.1476
efficiency_13_sft >= 0.589173|slope_89_sft >= 0.002437,LONG,Ret_96,242,164,1.2652,1.6817
macdh_24_sft >= 0.006796|minus_di_5_sft >= 27.848064,LONG,Ret_96,293,187,1.328,1.2772
minus_di_200_sft >= -7.35|minus_di_120_sft <= 19.36696,LONG,Ret_72,233,173,1.3622,1.57
ema_21_sft <= ema_8_sft|slope_34_sft <= 0.002637,LONG,Ret_96,270,170,1.2643,1.3461
linreg_24_sft <= 0.305797|adx_200_sft >= 10.138517,LONG,Ret_48,218,118,1.4208,1.9848
slope_5_sft <= ema_200_sft|minus_di_200_sft <= 19.846724,LONG,Ret_72,211,169,1.2897,1.357
minus_di_120_sft <= 21.184851|aroon_24_sft >= 83.333336,LONG,Ret_96,214,150,1.3415,1.9073
adx_144_sft >= 8.61,LONG,Ret_96,254,151,1.2584,1.5334
trix_34_sft >= 0.000779|ema_24_sft <= 1650.49292,LONG,Ret_72,280,3,1.2855,58569594.1683
adx_34_sft >= 12.554484|minus_di_21_sft <= 16.470973|slope_8_sft <= 0.083389,LONG,Ret_72,258,169,1.2611,1.4558
slope_21_sft >= 0.125629|aroon_89_sft >= -77.528091,LONG,Ret_96,236,182,1.2692,1.3964
macdh_144_sft >= 0.198633|minus_di_55_sft <= 18.373706,LONG,Ret_72,212,169,1.272,1.4526
plus_di_24_sft >= 0.82|minus_di_48_sft <= ema_120_sft|plus_di_24_sft >= 24.478443,LONG,Ret_96,298,198,1.2893,1.6348
macdh_24_sft <= 0.744151|ema_55_sft <= ema_24_sft|aroon_13_sft >= 84.615387,LONG,Ret_72,258,147,1.3969,1.5079
macdh_144_sft <= 0.003514|plus_di_55_sft >= 17.756641|efficiency_48_sft >= 0.142178,LONG,Ret_48,310,200,1.2628,1.2092
efficiency_120_sft <= 2.54|aroon_34_sft >= 79.411766,LONG,Ret_96,246,161,1.253,1.4144
linreg_120_sft >= -0.126013|slope_55_sft >= -0.076089|minus_di_89_sft <= 21.15653,LONG,Ret_96,309,191,1.2695,1.6426
aroon_21_sft >= -7.3|efficiency_8_sft >= 0.543346|ema_120_sft >= 1171.680029,LONG,Ret_96,320,225,1.2867,1.3468
efficiency_120_sft <= 0.090539|linreg_200_sft <= 0.129416,LONG,Ret_96,291,151,1.3536,1.4432
efficiency_34_sft >= 0.029889|efficiency_34_sft <= 0.167678|minus_di_120_sft <= 19.36696,LONG,Ret_48,227,172,1.2661,2.2253
aroon_13_sft <= -76.92308|aroon_21_sft >= -47.619049,LONG,Ret_96,268,163,1.3142,1.3911
adx_13_sft >= 44.272654|linreg_120_sft <= 0.321383,LONG,Ret_72,209,102,1.2805,0.9775
adx_24_sft >= 14.738453|trix_13_sft >= 0.017071|aroon_120_sft <= 58.333332,LONG,Ret_72,221,153,1.2814,1.5385
adx_5_sft <= 39.487061|adx_200_sft >= 7.534551,LONG,Ret_96,222,127,1.2718,1.351
plus_di_24_sft >= 24.478443|linreg_8_sft <= ema_21_sft,LONG,Ret_96,298,198,1.2893,1.6348
adx_200_sft >= 9.09|aroon_120_sft <= 80.833336,LONG,Ret_72,207,116,1.2867,1.3735
efficiency_120_sft <= 0.090539|macdh_89_sft <= 8.9|efficiency_144_sft >= 0.038979,LONG,Ret_96,333,211,1.2581,1.421
adx_200_sft >= 10.138517|adx_5_sft >= -2.68,LONG,Ret_48,228,137,1.3301,1.841
efficiency_200_sft <= 0.172433|adx_21_sft >= 21.016172|efficiency_21_sft >= 0.484428,LONG,Ret_72,265,166,1.2543,1.186
efficiency_13_sft >= 0.589173|aroon_24_sft >= 54.166668|efficiency_8_sft <= ema_120_sft,LONG,Ret_96,208,147,1.3381,1.6331
minus_di_120_sft <= 19.36696|linreg_34_sft <= 2.38|efficiency_13_sft <= 0.123341,LONG,Ret_48,239,179,1.324,1.6276
macdh_55_sft >= -0.263827|efficiency_5_sft >= 0.894355,LONG,Ret_96,342,209,1.3433,1.5001
minus_di_24_sft >= 1.55|plus_di_24_sft >= 24.478443,LONG,Ret_96,298,198,1.2893,1.6348
ema_89_sft >= 2.58|aroon_34_sft >= 79.411766,LONG,Ret_96,246,161,1.253,1.4144
adx_200_sft >= 10.138517|plus_di_13_sft >= -1.07,LONG,Ret_48,228,137,1.3301,1.841
minus_di_200_sft <= 19.846724|linreg_34_sft <= 9.31,LONG,Ret_72,211,169,1.2897,1.357
adx_200_sft >= 10.138517|macdh_48_sft <= 0.66,LONG,Ret_48,221,122,1.3867,2.037
trix_5_sft <= 0.000867|efficiency_200_sft >= 0.120431,LONG,Ret_72,214,145,1.2886,1.7067
macdh_200_sft <= 0.169522|linreg_200_sft >= 0.019063,LONG,Ret_96,212,126,1.2545,1.4313
efficiency_120_sft <= 0.090539|ema_24_sft <= 1821.353101|ema_24_sft >= -6.2,LONG,Ret_96,314,33,1.3354,1.6584
macdh_48_sft >= 0.009395|linreg_48_sft >= 0.232999|aroon_24_sft >= 1.61,LONG,Ret_72,272,229,1.254,1.2982
aroon_5_sft >= 100.0|ema_5_sft >= ema_89_sft|aroon_120_sft <= ema_5_sft,LONG,Ret_72,358,241,1.2782,1.4792
minus_di_200_sft <= 19.846724|minus_di_34_sft <= 20.932758|trix_89_sft <= 5.11,LONG,Ret_72,208,166,1.2654,1.3982
slope_5_sft <= ema_120_sft|adx_144_sft >= 8.674729,LONG,Ret_96,250,151,1.2598,1.5251
trix_48_sft >= -0.016889|macdh_120_sft <= ema_13_sft|minus_di_120_sft <= 19.36696,LONG,Ret_72,233,173,1.3826,1.57
adx_200_sft >= 7.534551|macdh_48_sft >= -0.602652,LONG,Ret_72,307,158,1.2556,1.3615
macdh_34_sft >= -1.75|minus_di_200_sft <= 19.846724,LONG,Ret_72,211,169,1.2897,1.3352
adx_144_sft >= 8.674729|minus_di_5_sft >= 6.560701,LONG,Ret_96,250,150,1.2537,1.5886
ema_13_sft <= 1651.514709|minus_di_55_sft <= 21.074759,LONG,Ret_96,246,3,1.2703,77418819.7978
minus_di_24_sft <= 16.763711|efficiency_5_sft >= 0.894355,LONG,Ret_48,287,207,1.2682,1.2283
slope_5_sft >= -0.196958|plus_di_21_sft >= 24.672607,LONG,Ret_96,305,207,1.2703,1.5866
trix_21_sft <= 4.8|aroon_34_sft >= 79.411766,LONG,Ret_96,246,161,1.253,1.4144
minus_di_144_sft <= 23.01281|trix_48_sft <= 0.020359|linreg_48_sft >= 0.232999,LONG,Ret_72,246,199,1.3392,1.5972
adx_144_sft >= 8.674729|adx_89_sft >= 10.726104,LONG,Ret_96,222,138,1.2748,1.5375
plus_di_21_sft >= 24.672607|linreg_34_sft <= ema_89_sft,LONG,Ret_96,306,207,1.2658,1.5851
aroon_200_sft >= 23.0|efficiency_24_sft >= 0.330664|macdh_21_sft >= -0.759769,LONG,Ret_96,216,141,1.293,1.6082
minus_di_13_sft <= 11.24466|slope_120_sft <= 0.060953,LONG,Ret_72,259,142,1.2761,1.4623
efficiency_24_sft <= 0.195181|macdh_5_sft >= 0.872804,LONG,Ret_96,238,215,1.268,1.3232
aroon_200_sft <= ema_8_sft|adx_200_sft >= 10.138517,LONG,Ret_48,228,137,1.3301,1.841
minus_di_5_sft >= 4.78|adx_200_sft >= 10.138517,LONG,Ret_48,228,136,1.2865,1.9084
minus_di_8_sft <= 9.068035|aroon_55_sft <= 56.363636,LONG,Ret_96,230,136,1.3047,1.3473
trix_144_sft <= 0.011814|aroon_34_sft >= 79.411766|aroon_21_sft <= ema_8_sft,LONG,Ret_96,224,127,1.2575,1.415
adx_200_sft >= 10.138517|efficiency_5_sft >= 0.083704,LONG,Ret_48,228,137,1.3243,1.7608
adx_144_sft >= 9.51|minus_di_5_sft <= ema_21_sft,LONG,Ret_96,214,121,1.29,1.5658
linreg_13_sft <= 0.844941|plus_di_8_sft >= 33.824101,LONG,Ret_96,278,154,1.303,1.8688
plus_di_24_sft >= 24.478443|ema_144_sft >= -8.47,LONG,Ret_96,298,198,1.2893,1.6348
plus_di_13_sft <= ema_13_sft|linreg_48_sft >= -0.433203|plus_di_21_sft >= 24.672607,LONG,Ret_96,305,202,1.2791,1.6963
adx_34_sft <= 17.103025|macdh_34_sft >= 0.318503,LONG,Ret_96,225,169,1.3104,1.1812
macdh_5_sft >= 0.001864|adx_144_sft >= 11.764087,LONG,Ret_48,221,117,1.374,1.2921
efficiency_48_sft >= 0.245374|aroon_21_sft <= ema_48_sft|aroon_13_sft >= 84.615387,LONG,Ret_72,212,148,1.3168,1.5659
macdh_24_sft >= 0.006796|linreg_200_sft >= 0.019063|linreg_21_sft <= 0.321069,LONG,Ret_96,200,114,1.4206,2.627
slope_13_sft <= ema_34_sft|trix_48_sft >= 0.000938|ema_34_sft <= 1821.121729,LONG,Ret_96,249,22,1.3005,1.506
plus_di_13_sft >= 25.549025|ema_8_sft <= ema_55_sft,LONG,Ret_96,201,116,1.3456,1.5992
aroon_34_sft >= 79.411766|linreg_120_sft >= -3.08,LONG,Ret_96,246,159,1.253,1.3931
slope_24_sft <= 0.002805|ema_55_sft <= 1819.651587|adx_48_sft >= 14.516132,LONG,Ret_96,240,24,1.2769,1.0729
linreg_200_sft <= 0.54|efficiency_5_sft <= ema_13_sft|minus_di_144_sft <= 19.549842,LONG,Ret_72,220,138,1.3304,1.4887
linreg_89_sft <= 0.374144|trix_24_sft >= -0.011625|aroon_55_sft >= 56.363636,LONG,Ret_72,275,160,1.2817,1.5223
adx_144_sft >= 8.674729|minus_di_144_sft <= ema_13_sft,LONG,Ret_96,250,151,1.2598,1.5251
efficiency_48_sft <= 0.025721|plus_di_24_sft >= 20.302818,LONG,Ret_96,252,158,1.2846,1.4981
aroon_34_sft >= 79.411766|minus_di_24_sft <= 20.769451,LONG,Ret_96,238,158,1.2565,1.4435
plus_di_8_sft >= 33.824101|minus_di_48_sft >= 18.148701,LONG,Ret_96,230,150,1.2512,1.5079
ema_8_sft >= ema_144_sft|aroon_8_sft >= 87.5|slope_89_sft <= ema_48_sft,LONG,Ret_72,320,223,1.2953,1.6417
ema_8_sft <= 1651.191833|plus_di_24_sft >= 24.478443,LONG,Ret_96,231,3,1.309,71675187.9234
plus_di_8_sft >= 33.824101|adx_13_sft <= 34.879591,LONG,Ret_96,280,191,1.261,1.6137
slope_8_sft >= -5.48|plus_di_200_sft >= 20.583717|ema_200_sft <= 1820.673877,LONG,Ret_96,262,26,1.3942,1.336
aroon_34_sft >= 4.71|slope_89_sft <= 0.034779,LONG,Ret_96,337,204,1.2643,1.2899
trix_21_sft <= 0.014494|slope_120_sft >= 0.002734|minus_di_55_sft <= 18.373706,LONG,Ret_72,222,129,1.3019,1.3755
plus_di_21_sft >= 24.672607|aroon_120_sft <= 58.333332,LONG,Ret_96,259,173,1.2543,1.5959
ema_144_sft >= 1171.00354|linreg_48_sft >= 0.232999|aroon_21_sft >= 80.952377,LONG,Ret_48,217,205,1.2864,1.5254
efficiency_89_sft >= 0.018904|slope_120_sft <= 0.060953|aroon_34_sft >= 79.411766,LONG,Ret_72,264,148,1.3447,1.5731
minus_di_144_sft <= 19.549842|minus_di_120_sft <= ema_24_sft|minus_di_13_sft >= 15.19733,LONG,Ret_48,231,182,1.3148,1.4374
ema_55_sft <= 1646.929871|minus_di_120_sft <= 23.144876,LONG,Ret_96,283,3,1.2736,83658641.8668
plus_di_24_sft >= 24.478443|macdh_21_sft >= -0.759769,LONG,Ret_96,297,197,1.3013,1.6251
minus_di_200_sft <= 22.809317|adx_24_sft >= 27.124339,LONG,Ret_72,200,132,1.3285,1.1183
minus_di_21_sft >= -0.75|minus_di_8_sft <= 19.812439|minus_di_120_sft <= 19.36696,LONG,Ret_72,227,169,1.2882,1.5932
minus_di_144_sft >= 7.94|trix_55_sft >= -0.007616|adx_144_sft >= 8.674729,LONG,Ret_72,234,144,1.315,1.6201
linreg_89_sft >= -6.59|aroon_34_sft >= 79.411766|plus_di_24_sft <= ema_5_sft,LONG,Ret_96,246,161,1.253,1.3388
efficiency_24_sft >= 0.458272|efficiency_34_sft <= 0.282634,LONG,Ret_48,217,157,1.3891,1.0568
trix_21_sft >= 0.014494|adx_48_sft >= 10.71991,LONG,Ret_72,238,178,1.2616,1.7348
plus_di_8_sft >= 19.418318|slope_24_sft >= 0.119522,LONG,Ret_96,233,180,1.2535,1.35
trix_89_sft >= 0.00102|plus_di_24_sft >= 20.302818|macdh_13_sft <= 0.843661,LONG,Ret_96,215,143,1.2814,1.839
slope_5_sft >= -8.85|aroon_34_sft >= 79.411766,LONG,Ret_96,246,161,1.253,1.4144
ema_8_sft <= 1821.299512|plus_di_24_sft >= 24.478443,LONG,Ret_96,275,26,1.3641,2.3767
adx_200_sft >= 7.85|slope_200_sft >= -0.041|macdh_5_sft <= 0.408306,LONG,Ret_72,260,143,1.3663,1.4562
adx_120_sft <= ema_200_sft|macdh_120_sft >= 0.210833|aroon_13_sft >= 84.615387,LONG,Ret_72,211,172,1.2672,1.7395
macdh_8_sft >= 0.409604|efficiency_13_sft >= 0.589173,LONG,Ret_96,236,173,1.2759,1.4306
trix_24_sft >= 0.000709|minus_di_144_sft <= 19.549842,LONG,Ret_72,206,160,1.4098,1.4359
minus_di_34_sft <= ema_13_sft|adx_144_sft >= 8.674729|efficiency_5_sft <= 0.894355,LONG,Ret_96,250,150,1.3016,1.573
efficiency_48_sft <= 0.142178|adx_200_sft >= 7.534551,LONG,Ret_96,213,119,1.4024,1.3973
slope_120_sft <= ema_144_sft|minus_di_200_sft <= 19.846724,LONG,Ret_72,211,169,1.2897,1.357
linreg_89_sft >= 0.007437|adx_8_sft <= 18.754478,LONG,Ret_72,211,139,1.393,1.6954
ema_55_sft <= 1819.651587|aroon_34_sft >= 79.411766,LONG,Ret_96,220,19,1.5217,1.6007
linreg_34_sft <= 7.88|adx_200_sft >= 10.138517,LONG,Ret_48,228,137,1.3301,1.8845
aroon_200_sft >= -5.93|aroon_5_sft >= -2.2|aroon_120_sft >= -78.333336,LONG,Ret_96,275,182,1.2809,1.4608
trix_8_sft >= -0.040151|plus_di_21_sft >= 24.672607,LONG,Ret_96,306,206,1.2637,1.6175
macdh_5_sft <= 0.872804|minus_di_120_sft <= 19.36696,LONG,Ret_72,229,165,1.3885,1.587
ema_55_sft <= 1819.651587|efficiency_144_sft <= 0.081806|macdh_13_sft <= 0.843661,LONG,Ret_96,296,31,1.2608,1.2224
plus_di_8_sft >= 26.529333|aroon_200_sft >= 3.49,LONG,Ret_96,237,158,1.2667,1.7341
plus_di_24_sft >= 24.478443|trix_144_sft >= -4.28,LONG,Ret_96,298,198,1.2893,1.6348
plus_di_34_sft <= ema_8_sft|minus_di_200_sft <= 19.846724,LONG,Ret_72,211,169,1.2897,1.357
efficiency_21_sft >= 0.484428|aroon_55_sft <= ema_89_sft|adx_89_sft >= 5.85,LONG,Ret_72,352,221,1.3445,1.2464
minus_di_200_sft <= 19.846724|adx_34_sft >= -9.14,LONG,Ret_72,211,169,1.2897,1.357
adx_8_sft <= ema_21_sft|minus_di_120_sft <= 19.36696,LONG,Ret_72,233,173,1.3622,1.57
linreg_55_sft <= 0.222012|plus_di_21_sft >= 24.672607,LONG,Ret_96,275,155,1.2873,1.9701
linreg_48_sft <= ema_21_sft|adx_144_sft <= 15.455651|plus_di_8_sft >= 33.824101,LONG,Ret_96,272,183,1.2669,1.5673
efficiency_120_sft <= 0.090539|macdh_5_sft <= 0.001864,LONG,Ret_96,332,205,1.277,1.2811
minus_di_5_sft <= 27.848064|slope_55_sft >= 0.04209|aroon_13_sft >= 84.615387,LONG,Ret_96,220,155,1.2603,1.6107
slope_21_sft >= -0.05352|aroon_34_sft >= 79.411766|plus_di_24_sft >= 16.324143,LONG,Ret_96,245,158,1.2724,1.6156
efficiency_21_sft >= 0.484428|adx_34_sft >= 17.103025|linreg_13_sft >= -0.339527,LONG,Ret_72,205,138,1.26,1.2599
efficiency_21_sft >= 0.484428|linreg_89_sft <= 0.374144,LONG,Ret_72,341,192,1.2776,1.2497
macdh_13_sft <= -0.00398|minus_di_5_sft <= 11.554769,LONG,Ret_48,305,199,1.3509,1.4417
minus_di_200_sft <= 22.809317|adx_34_sft >= 17.103025,LONG,Ret_96,257,168,1.3005,1.3955
ema_8_sft <= 1651.191833|trix_34_sft >= 0.000779|minus_di_120_sft <= 21.184851,LONG,Ret_72,241,3,1.2866,855.6223
minus_di_144_sft <= 19.549842|trix_13_sft >= -0.015286,LONG,Ret_72,222,167,1.3059,1.4206
plus_di_21_sft >= 24.672607|slope_8_sft >= -0.167023|ema_55_sft >= 4.67,LONG,Ret_96,305,207,1.2692,1.5851
minus_di_120_sft <= 19.36696|slope_8_sft <= 0.178176,LONG,Ret_72,222,166,1.3403,1.4577
macdh_34_sft <= 0.318503|minus_di_48_sft <= 18.148701|plus_di_55_sft <= Close_sft,LONG,Ret_96,210,122,1.3358,1.9385
minus_di_13_sft <= 15.19733|linreg_89_sft >= 0.007437|macdh_34_sft >= -0.67821,LONG,Ret_48,381,246,1.2505,1.455
ema_24_sft <= 1650.49292|ema_13_sft >= ema_200_sft|macdh_34_sft <= 0.666284,LONG,Ret_96,220,2,1.338,2.0572
minus_di_120_sft <= 19.36696|linreg_55_sft <= ema_5_sft,LONG,Ret_72,233,173,1.3622,1.57
plus_di_24_sft >= 24.478443|ema_55_sft >= 3.47,LONG,Ret_96,298,198,1.2893,1.6348
aroon_24_sft >= 8.333333|adx_34_sft <= 17.103025|trix_200_sft <= 0.010228,LONG,Ret_96,257,148,1.2791,1.1894
aroon_21_sft <= 4.761905|adx_34_sft >= 12.554484|ema_21_sft <= 1821.49585,LONG,Ret_96,321,38,1.2795,1.9456
plus_di_144_sft <= ema_55_sft|aroon_34_sft >= 79.411766,LONG,Ret_96,246,161,1.253,1.4144
macdh_48_sft >= -0.67|plus_di_24_sft >= 24.478443,LONG,Ret_96,297,198,1.2899,1.6502
aroon_34_sft >= 79.411766|efficiency_8_sft <= 1.92,LONG,Ret_96,246,161,1.253,1.4144
efficiency_48_sft >= 0.245374|trix_200_sft >= 0.000442,LONG,Ret_72,210,159,1.2702,1.1918
aroon_89_sft >= 57.303371|ema_24_sft <= 1821.353101,LONG,Ret_48,269,24,1.2847,0.7921
efficiency_21_sft >= 0.484428|ema_200_sft <= 1820.673877|adx_21_sft >= 15.673382,LONG,Ret_72,316,29,1.271,1.3208
trix_24_sft >= -0.011625|aroon_89_sft <= -2.26,LONG,Ret_96,282,170,1.305,1.3573
macdh_89_sft >= 0.005527|trix_55_sft >= 0.00109|ema_21_sft <= 1821.49585,LONG,Ret_72,243,21,1.3225,1.4634
efficiency_89_sft <= 0.049564|efficiency_120_sft >= 0.042423,LONG,Ret_72,356,216,1.2883,1.555
trix_55_sft <= 0.009512|linreg_89_sft >= 0.007437,LONG,Ret_72,277,160,1.2744,1.6273
minus_di_5_sft >= 5.17|adx_144_sft >= 8.674729|linreg_34_sft <= ema_24_sft,LONG,Ret_96,250,151,1.2665,1.5028
adx_55_sft >= 7.834263|macdh_21_sft <= -0.360355|adx_144_sft >= 9.67,LONG,Ret_48,240,155,1.2622,1.313
ema_200_sft <= 1820.673877|adx_55_sft <= 13.603822|macdh_8_sft <= -0.412386,LONG,Ret_96,223,24,1.2776,1.4408
adx_200_sft >= 10.138517|efficiency_34_sft >= 0.077306,LONG,Ret_48,228,135,1.2976,1.8802
macdh_200_sft <= 0.346711|minus_di_8_sft <= 9.068035|slope_13_sft <= 4.46,LONG,Ret_96,259,144,1.3061,1.4402
trix_5_sft >= -0.04967|macdh_48_sft >= -0.280099|minus_di_200_sft <= 19.846724,LONG,Ret_72,201,157,1.316,1.4208
plus_di_24_sft >= 24.478443|macdh_120_sft <= ema_5_sft,LONG,Ret_96,298,198,1.2893,1.6348
adx_8_sft <= 18.754478|macdh_24_sft <= 0.356385|macdh_5_sft <= 0.001864,LONG,Ret_72,271,162,1.273,1.5715
plus_di_8_sft >= 33.824101|linreg_48_sft <= 0.232999|aroon_24_sft <= ema_89_sft,LONG,Ret_96,265,157,1.3248,1.6568
plus_di_24_sft >= 24.478443|trix_8_sft <= Close_sft,LONG,Ret_96,298,198,1.2893,1.6348
efficiency_8_sft <= 1.92|adx_200_sft >= 10.138517,LONG,Ret_48,228,137,1.3301,1.841
efficiency_144_sft <= 0.081806|trix_48_sft >= 0.000938|macdh_34_sft <= 0.666284,LONG,Ret_72,271,173,1.2555,1.4791
minus_di_34_sft <= 17.529027|slope_89_sft <= 0.034779,LONG,Ret_72,215,118,1.4305,1.1165
aroon_200_sft >= 23.0|ema_24_sft <= 1821.353101,LONG,Ret_96,236,22,1.2526,2.415
aroon_120_sft <= ema_34_sft|adx_144_sft >= 8.674729,LONG,Ret_96,250,151,1.2598,1.5251
adx_144_sft >= 8.674729|ema_89_sft >= 1172.434277,LONG,Ret_96,224,151,1.2725,1.5251
adx_144_sft >= 8.674729|ema_34_sft >= ema_34_sft,LONG,Ret_96,250,151,1.2598,1.5251
ema_13_sft >= 1171.710889|adx_144_sft >= 8.674729,LONG,Ret_96,225,151,1.2724,1.5251
minus_di_55_sft <= 18.373706|aroon_5_sft >= 100.0,LONG,Ret_72,241,172,1.253,1.3755
aroon_34_sft >= 79.411766|minus_di_21_sft <= ema_8_sft|linreg_48_sft >= -0.433203,LONG,Ret_96,246,159,1.258,1.5869
slope_200_sft <= 0.047973|plus_di_34_sft >= 20.409904,LONG,Ret_96,339,211,1.3202,1.4972
adx_144_sft >= 8.674729|linreg_8_sft >= -3.08,LONG,Ret_96,250,150,1.2948,1.7975
ema_34_sft <= 1821.121729|macdh_120_sft >= -0.198135|ema_24_sft >= ema_120_sft,LONG,Ret_96,270,21,1.2936,1.8604
efficiency_89_sft <= 0.018904|ema_8_sft <= 1821.299512,LONG,Ret_96,249,24,1.2894,1.1676
plus_di_8_sft >= 33.824101|slope_89_sft <= 0.069769,LONG,Ret_96,276,174,1.3952,1.5309
aroon_34_sft >= -52.941177|adx_34_sft <= ema_13_sft|plus_di_48_sft >= 20.502817,LONG,Ret_96,334,223,1.2717,1.5256
macdh_21_sft <= 0.36775|macdh_24_sft >= 0.356385,LONG,Ret_72,260,179,1.4056,1.4859
slope_48_sft >= -0.080823|minus_di_200_sft <= 19.846724,LONG,Ret_72,211,168,1.2627,1.363
aroon_120_sft >= 5.45|ema_48_sft <= 1820.151318|efficiency_21_sft >= 0.351036,LONG,Ret_72,280,25,1.2513,1.3013
trix_8_sft <= 0.044097|minus_di_144_sft <= 19.549842,LONG,Ret_72,209,153,1.3436,1.9651
linreg_120_sft <= 0.321383|minus_di_5_sft <= 36.897367|plus_di_200_sft >= 20.583717,LONG,Ret_96,263,156,1.3063,1.5686
ema_8_sft <= 1821.299512|trix_24_sft >= 0.013661,LONG,Ret_72,221,21,1.2652,1.326
adx_5_sft >= 51.964844|minus_di_120_sft >= 19.36696|macdh_34_sft >= -0.311975,LONG,Ret_96,262,148,1.3001,1.094
aroon_21_sft >= -47.619049|adx_200_sft >= 10.138517|aroon_34_sft >= -76.470589,LONG,Ret_48,217,128,1.3049,1.7833
efficiency_200_sft <= 6.05|minus_di_24_sft >= 29.113644|linreg_8_sft >= -0.982476,LONG,Ret_72,225,101,1.2847,1.0573
plus_di_21_sft <= Close_sft|linreg_144_sft <= 0.147297|adx_144_sft >= 8.674729,LONG,Ret_72,246,118,1.2619,1.6201
minus_di_13_sft <= 11.24466|aroon_48_sft >= 56.25,LONG,Ret_72,229,155,1.2911,1.345
linreg_120_sft >= -0.126013|macdh_144_sft >= 0.198633,LONG,Ret_96,211,156,1.2616,1.6679
linreg_55_sft >= -0.404098|minus_di_144_sft <= 19.549842,LONG,Ret_72,224,168,1.3033,1.4136
efficiency_8_sft <= 1.55|plus_di_24_sft >= 24.478443|adx_21_sft >= 3.99,LONG,Ret_96,298,198,1.2893,1.6348
minus_di_5_sft <= 3.09,LONG,Ret_72,218,144,1.2668,1.7098
plus_di_34_sft >= 20.409904|macdh_144_sft <= 0.198633|plus_di_5_sft >= -5.56,LONG,Ret_96,325,183,1.2683,1.3383
adx_200_sft >= 10.138517|slope_120_sft >= -5.35,LONG,Ret_48,228,137,1.3301,1.841
adx_24_sft >= 19.813929|linreg_34_sft >= 0.263471,LONG,Ret_72,256,200,1.2681,1.1984
adx_24_sft <= ema_13_sft|adx_200_sft >= 8.37|slope_13_sft <= 0.002801,LONG,Ret_48,327,184,1.3269,1.4467
adx_144_sft >= 8.674729|minus_di_13_sft <= ema_34_sft,LONG,Ret_96,250,151,1.2598,1.5251
ema_120_sft <= 1819.635034|efficiency_5_sft >= 0.894355,LONG,Ret_96,335,32,1.2506,1.2987
minus_di_120_sft <= 19.36696|adx_55_sft >= 7.834263,LONG,Ret_72,222,167,1.36,1.5318
efficiency_120_sft <= 0.042423|minus_di_89_sft <= 21.15653,LONG,Ret_96,218,130,1.3155,1.96
plus_di_21_sft >= 20.270658|minus_di_200_sft <= 22.809317,LONG,Ret_96,333,223,1.2997,1.4238
linreg_200_sft >= -0.202539|slope_21_sft >= 0.125629,LONG,Ret_96,222,154,1.2694,1.4486
trix_24_sft <= 0.000709|minus_di_8_sft <= 9.068035|slope_55_sft <= 0.84,LONG,Ret_72,201,124,1.3479,1.5389
minus_di_89_sft >= 2.09|plus_di_55_sft >= 20.551075|ema_34_sft <= 1821.121729,LONG,Ret_96,309,34,1.2819,1.5683
ema_144_sft <= 1818.666455|slope_21_sft >= 0.002737,LONG,Ret_96,353,35,1.264,1.2647
efficiency_5_sft <= 3.42|adx_8_sft <= 18.754478|minus_di_144_sft <= 23.01281,LONG,Ret_72,276,194,1.3044,1.2993
adx_200_sft >= 10.138517|linreg_48_sft <= Close_sft,LONG,Ret_48,228,137,1.3301,1.841
minus_di_55_sft <= 21.074759|ema_89_sft <= 1641.957336,LONG,Ret_96,246,3,1.2691,87029812.9944
efficiency_120_sft <= 0.090539|adx_55_sft >= 10.040038|linreg_5_sft <= 0.57255,LONG,Ret_96,284,183,1.3677,1.4606
plus_di_55_sft >= 20.551075|aroon_48_sft >= 56.25,LONG,Ret_72,292,201,1.3041,1.5328
macdh_8_sft >= -0.412386|aroon_34_sft >= 79.411766,LONG,Ret_96,243,159,1.2863,1.3897
aroon_34_sft >= 79.411766|macdh_48_sft >= -0.602652,LONG,Ret_96,246,160,1.253,1.3849
adx_8_sft <= 31.781301|plus_di_89_sft >= 18.382777|aroon_48_sft >= -50.0,LONG,Ret_96,348,226,1.2571,1.4294
macdh_24_sft <= 0.356385|aroon_48_sft >= -50.0|adx_200_sft >= 7.534551,LONG,Ret_96,215,119,1.3196,1.302
trix_200_sft <= 0.000442|aroon_120_sft <= 14.166667,LONG,Ret_72,216,104,1.2616,1.07
slope_5_sft >= 0.003039|aroon_200_sft >= -0.8,LONG,Ret_96,270,180,1.2536,1.4074
adx_21_sft <= ema_55_sft|adx_200_sft >= 10.138517,LONG,Ret_48,228,137,1.3301,1.841
plus_di_8_sft >= 26.529333|linreg_48_sft >= -0.196274,LONG,Ret_96,339,211,1.2848,1.5449
ema_24_sft <= 1650.49292|minus_di_144_sft <= 21.195539,LONG,Ret_96,222,3,1.2831,9.0599
trix_48_sft >= 0.000938|minus_di_144_sft <= 19.549842,LONG,Ret_72,208,150,1.4045,1.516
macdh_21_sft >= 0.004786|macdh_144_sft >= 0.198633,LONG,Ret_96,203,163,1.292,1.597
minus_di_144_sft <= ema_144_sft|minus_di_120_sft <= 19.36696,LONG,Ret_72,233,173,1.3622,1.57
adx_120_sft >= -8.97|ema_34_sft <= 1821.121729|minus_di_8_sft <= 9.068035,LONG,Ret_96,255,29,1.319,1.8101
adx_24_sft >= -1.33|adx_144_sft >= 8.674729,LONG,Ret_96,250,151,1.2598,1.5251
efficiency_120_sft <= 0.090539|linreg_8_sft <= 0.466946,LONG,Ret_96,341,210,1.281,1.4313
adx_24_sft >= 19.813929|linreg_5_sft >= 0.57255,LONG,Ret_96,308,204,1.2509,1.3577
minus_di_144_sft <= 19.549842|linreg_89_sft >= -0.147821,LONG,Ret_72,219,164,1.3622,1.5103
ema_120_sft <= 1819.635034|linreg_48_sft >= 0.232999|plus_di_120_sft <= ema_144_sft,LONG,Ret_72,259,29,1.3103,1.4662
adx_144_sft >= 8.674729|efficiency_21_sft <= 6.2,LONG,Ret_96,250,151,1.2598,1.5251
efficiency_55_sft <= 0.024776|aroon_55_sft <= -3.93|efficiency_13_sft >= 0.050229,LONG,Ret_96,250,162,1.2623,1.6394
minus_di_144_sft <= ema_8_sft|plus_di_21_sft >= 24.672607,LONG,Ret_96,306,207,1.2658,1.5851
minus_di_200_sft <= 19.846724|linreg_89_sft <= 1.23|trix_5_sft >= -0.04967,LONG,Ret_72,210,159,1.2831,1.5838
adx_200_sft >= 8.27|macdh_13_sft <= 8.76,LONG,Ret_96,209,114,1.3257,1.4527
trix_21_sft >= 0.000711|efficiency_34_sft >= 0.282634,LONG,Ret_72,277,196,1.2695,1.5646
adx_144_sft >= 8.674729|minus_di_48_sft <= 27.038522,LONG,Ret_96,244,148,1.2516,1.599
efficiency_5_sft <= Close_sft|minus_di_5_sft >= 6.560701|minus_di_144_sft <= 19.549842,LONG,Ret_72,211,166,1.3207,1.3873
efficiency_144_sft >= 0.015482|minus_di_120_sft <= 19.36696,LONG,Ret_72,231,171,1.2606,1.5941
minus_di_120_sft <= 19.36696|minus_di_34_sft >= 14.640895,LONG,Ret_72,205,159,1.4029,1.5943
trix_55_sft >= -0.007616|aroon_34_sft >= 79.411766,LONG,Ret_96,206,143,1.2993,1.6884
macdh_24_sft <= 0.744151|minus_di_13_sft <= 11.24466|efficiency_200_sft <= 0.172433,LONG,Ret_72,220,99,1.268,1.5126
ema_200_sft <= 1820.673877|efficiency_5_sft >= 0.894355,LONG,Ret_96,336,32,1.2502,1.2588
aroon_34_sft >= 79.411766|minus_di_21_sft <= Close_sft,LONG,Ret_96,246,161,1.253,1.4144
aroon_34_sft >= 79.411766|trix_55_sft <= ema_48_sft,LONG,Ret_96,246,161,1.253,1.4144
adx_13_sft <= 44.272654|minus_di_120_sft <= 19.36696,LONG,Ret_72,224,169,1.3136,1.4888
trix_21_sft >= 0.014494|slope_8_sft >= 0.083389,LONG,Ret_72,226,175,1.2599,1.4311
minus_di_120_sft <= 19.36696|slope_120_sft <= 6.72,LONG,Ret_72,233,173,1.3622,1.57
ema_13_sft >= ema_144_sft|ema_89_sft <= 1819.098828,LONG,Ret_96,282,23,1.2685,1.3705
adx_144_sft >= 9.13|efficiency_55_sft >= 0.024776,LONG,Ret_96,225,134,1.3186,1.6293
plus_di_13_sft <= 31.343732|slope_120_sft >= 0.002734,LONG,Ret_96,318,210,1.2688,1.5785
ema_48_sft <= 1820.151318|minus_di_120_sft <= 19.36696,LONG,Ret_72,214,30,1.4074,1.4182
slope_8_sft <= 0.178176|minus_di_144_sft <= 19.549842,LONG,Ret_72,214,164,1.3745,1.471
minus_di_89_sft <= 21.15653|slope_13_sft <= 0.1502,LONG,Ret_96,312,203,1.2568,1.5601
ema_48_sft <= 1820.151318|slope_13_sft >= 0.1502|macdh_120_sft >= -0.198135,LONG,Ret_96,234,27,1.2985,1.1689
trix_144_sft >= 0.000965|efficiency_48_sft >= 0.245374,LONG,Ret_72,218,159,1.2541,1.1675
minus_di_34_sft <= ema_200_sft|minus_di_200_sft <= 19.846724,LONG,Ret_72,211,169,1.2897,1.357
plus_di_24_sft >= 20.302818|efficiency_8_sft >= 0.543346|adx_8_sft <= 54.081817,LONG,Ret_96,337,218,1.2562,1.4627
minus_di_13_sft <= 11.24466|slope_144_sft <= 0.055996,LONG,Ret_96,223,123,1.3006,1.7554
adx_200_sft >= 10.138517|linreg_8_sft <= ema_24_sft,LONG,Ret_48,228,137,1.3301,1.841
minus_di_21_sft <= 16.470973|efficiency_55_sft <= 0.063022,LONG,Ret_72,207,143,1.5396,1.4772
aroon_34_sft >= 6.55|plus_di_21_sft >= 24.672607|macdh_34_sft >= -9.44,LONG,Ret_96,295,192,1.2536,1.7582
linreg_120_sft <= 0.162486|aroon_200_sft >= -2.2|linreg_89_sft <= 0.374144,LONG,Ret_96,218,107,1.3369,1.2168
adx_200_sft >= 8.44,LONG,Ret_72,250,147,1.3016,1.273
adx_89_sft >= -7.84|plus_di_21_sft >= 24.672607,LONG,Ret_96,306,207,1.2658,1.5851
minus_di_34_sft <= 17.529027|linreg_48_sft >= 0.013999|minus_di_21_sft >= 13.116563,LONG,Ret_72,298,203,1.2956,1.3262
macdh_48_sft >= -0.280099|efficiency_8_sft >= 0.82,LONG,Ret_96,273,167,1.2503,1.356
efficiency_5_sft >= 0.894355|trix_24_sft <= 0.028241|aroon_21_sft >= 0.15,LONG,Ret_96,302,192,1.2535,1.4269
minus_di_120_sft <= 19.36696|trix_8_sft <= ema_21_sft,LONG,Ret_72,233,173,1.3622,1.57
efficiency_21_sft >= 0.484428|linreg_120_sft >= -0.126013,LONG,Ret_72,301,179,1.2659,1.2876
minus_di_13_sft <= 11.24466|aroon_200_sft <= 57.0,LONG,Ret_72,229,125,1.2872,1.4497
aroon_24_sft <= ema_200_sft|adx_144_sft >= 8.674729,LONG,Ret_96,250,151,1.2598,1.5251
aroon_8_sft >= 87.5|linreg_200_sft >= 0.019063,LONG,Ret_72,254,186,1.331,1.5351
adx_200_sft >= 10.138517|aroon_34_sft >= -52.941177,LONG,Ret_48,217,131,1.3976,1.856
adx_200_sft >= 7.534551|plus_di_48_sft <= 23.575857|linreg_34_sft >= -0.508917,LONG,Ret_96,213,113,1.3336,1.3558
plus_di_8_sft >= 13.375357|macdh_144_sft >= 0.198633,LONG,Ret_96,214,169,1.2562,1.5895
plus_di_24_sft >= 24.478443|plus_di_13_sft >= 9.31,LONG,Ret_96,298,198,1.2893,1.6348
adx_48_sft <= 19.71399|ema_24_sft <= 1821.353101|macdh_55_sft >= 0.007644,LONG,Ret_96,278,32,1.2561,2.0119
adx_144_sft >= 8.674729|plus_di_89_sft >= 18.382777,LONG,Ret_96,212,133,1.383,1.6509
plus_di_13_sft >= 25.549025|ema_89_sft <= 1819.098828,LONG,Ret_96,316,31,1.2584,1.386
ema_48_sft <= 1820.151318|adx_200_sft >= 7.01,LONG,Ret_96,236,20,1.286,1.3233
aroon_21_sft >= 9.29|adx_5_sft >= 64.602853|plus_di_21_sft >= -9.1,LONG,Ret_96,200,136,1.2675,2.0666
adx_144_sft >= 8.674729|ema_144_sft <= ema_13_sft,LONG,Ret_72,207,136,1.3059,1.5213
adx_55_sft <= 10.040038|efficiency_48_sft >= 0.065908|linreg_120_sft >= -0.126013,LONG,Ret_48,265,155,1.2538,1.5489
aroon_34_sft >= 79.411766|trix_200_sft <= 0.4,LONG,Ret_96,246,161,1.253,1.4144
minus_di_120_sft <= 19.36696|efficiency_55_sft <= ema_144_sft,LONG,Ret_72,233,173,1.3622,1.57
slope_8_sft >= 0.178176|aroon_13_sft >= 84.615387|minus_di_8_sft <= ema_21_sft,LONG,Ret_96,216,162,1.3507,1.3746
plus_di_34_sft >= 14.262314|adx_5_sft >= 64.602853,LONG,Ret_72,314,197,1.2858,1.4438
linreg_34_sft <= 5.85|adx_144_sft >= 8.674729|macdh_13_sft <= Close_sft,LONG,Ret_96,250,151,1.2598,1.5561
efficiency_13_sft >= 0.589173|slope_24_sft >= 0.002805,LONG,Ret_96,244,176,1.3602,1.404
minus_di_89_sft <= 21.15653|ema_55_sft <= 1819.651587|linreg_21_sft <= 0.694824,LONG,Ret_96,287,32,1.2809,1.3508
linreg_200_sft >= -0.202539|trix_34_sft >= 0.000779|aroon_48_sft >= 81.25,LONG,Ret_72,203,138,1.2899,1.5522
aroon_24_sft >= 54.166668|efficiency_13_sft >= 0.050229|slope_21_sft >= 0.125629,LONG,Ret_96,203,164,1.3262,1.6198
trix_13_sft <= ema_200_sft|minus_di_120_sft <= 19.36696,LONG,Ret_72,233,173,1.3622,1.57
plus_di_21_sft >= 20.270658|trix_48_sft >= 0.000938,LONG,Ret_96,248,170,1.3394,1.6554
minus_di_120_sft <= 19.36696|trix_8_sft >= 0.020827,LONG,Ret_48,245,191,1.2727,1.2741
efficiency_8_sft <= 0.159616|trix_8_sft >= 0.020827|slope_13_sft >= 0.002801,LONG,Ret_96,273,197,1.3036,1.4245
adx_144_sft >= 8.674729|plus_di_5_sft >= 4.39|slope_34_sft >= -0.044075,LONG,Ret_96,238,142,1.2717,1.5692
linreg_24_sft >= -0.268024|plus_di_24_sft >= 24.478443,LONG,Ret_96,296,198,1.2585,1.6458
aroon_24_sft >= 0.05|adx_13_sft <= 15.098711,LONG,Ret_72,214,141,1.2834,1.9638
efficiency_21_sft >= 0.039904|efficiency_13_sft >= 0.050229|minus_di_200_sft <= 19.846724,LONG,Ret_72,210,168,1.2687,1.3859
trix_200_sft <= 0.000442|aroon_89_sft <= -7.58|efficiency_200_sft <= 3.66,LONG,Ret_72,216,104,1.3664,1.2847
efficiency_13_sft >= 0.589173|slope_24_sft >= -0.050673,LONG,Ret_96,264,182,1.257,1.3444
aroon_5_sft <= 100.0|plus_di_24_sft >= 24.478443,LONG,Ret_96,298,198,1.2893,1.6348
ema_144_sft <= 1818.666455|macdh_200_sft <= Close_sft|efficiency_89_sft <= 0.018904,LONG,Ret_96,248,22,1.3104,0.9692
plus_di_5_sft >= 18.701385|adx_120_sft >= 9.84,LONG,Ret_96,227,138,1.3366,1.6852
adx_200_sft >= 10.138517|efficiency_200_sft >= 0.013435,LONG,Ret_48,228,137,1.3199,1.7554
minus_di_8_sft <= 13.611489|efficiency_24_sft <= ema_5_sft|trix_34_sft >= 0.000779,LONG,Ret_72,289,198,1.2972,1.7066
ema_21_sft >= 1298.203979|ema_144_sft <= 1818.666455|trix_55_sft <= 0.009512,LONG,SINTETICA_REVERSE,280,59,1.3061,1.0625
ema_13_sft <= 1821.289453|ema_24_sft >= ema_120_sft,LONG,Ret_96,281,23,1.327,1.5595
macdh_48_sft >= -0.280099|minus_di_120_sft <= 19.36696,LONG,Ret_72,223,160,1.4205,1.5964
ema_55_sft <= 1819.651587|minus_di_8_sft <= 9.068035,LONG,Ret_96,255,28,1.319,1.5287
plus_di_21_sft >= 24.672607|efficiency_13_sft >= -5.56,LONG,Ret_96,306,207,1.2658,1.5851
linreg_55_sft <= ema_48_sft|macdh_13_sft >= -6.52|aroon_34_sft >= 79.411766,LONG,Ret_96,246,161,1.253,1.4144
minus_di_5_sft <= 6.560701|linreg_89_sft >= 0.007437,LONG,Ret_72,248,171,1.2694,1.3759
adx_34_sft <= 12.554484|adx_5_sft <= 29.65864,LONG,Ret_72,219,145,1.3141,1.5009
efficiency_13_sft <= 0.433265|minus_di_8_sft <= 9.068035|adx_34_sft >= 9.963175,LONG,Ret_96,219,131,1.4216,1.4645
linreg_48_sft >= 0.232999|trix_8_sft <= 0.020827,LONG,Ret_96,232,187,1.3228,1.5752
efficiency_5_sft >= 0.894355|slope_8_sft >= 0.178176,LONG,Ret_72,263,206,1.3675,1.0347
adx_200_sft >= 10.138517|slope_34_sft <= 6.95,LONG,Ret_48,228,137,1.3301,1.841
aroon_200_sft >= 0.59|aroon_21_sft <= 4.761905,LONG,Ret_96,247,166,1.2684,1.2767
trix_48_sft >= 0.000938|ema_34_sft <= 1821.121729,LONG,Ret_96,249,22,1.3005,1.506
linreg_13_sft <= 0.844941|efficiency_5_sft >= 0.894355|aroon_13_sft >= -5.65,LONG,Ret_96,306,167,1.354,1.403
minus_di_120_sft <= 19.36696|macdh_5_sft <= 8.99|linreg_120_sft >= -0.126013,LONG,Ret_72,229,167,1.3743,1.5634
minus_di_120_sft <= 19.36696|adx_8_sft >= 31.781301,LONG,Ret_48,269,203,1.3463,1.4484
efficiency_5_sft >= 0.685103|adx_144_sft >= 8.674729,LONG,Ret_96,233,142,1.2503,1.5557
plus_di_24_sft >= 24.478443|macdh_8_sft <= ema_24_sft,LONG,Ret_96,298,198,1.2893,1.6348
linreg_200_sft >= 0.019063|linreg_144_sft <= 0.18,LONG,Ret_96,210,101,1.2855,1.7451
plus_di_21_sft <= ema_144_sft|plus_di_21_sft >= 24.672607|plus_di_8_sft >= 13.375357,LONG,Ret_96,306,207,1.2658,1.5851
plus_di_55_sft >= -1.2|plus_di_24_sft >= 24.478443,LONG,Ret_96,298,198,1.2893,1.6348
plus_di_8_sft >= -7.22|plus_di_24_sft >= 24.478443|aroon_5_sft >= 0.0,LONG,Ret_96,297,195,1.292,1.7647
trix_21_sft >= -0.012292|macdh_5_sft <= -0.410792,LONG,Ret_96,367,241,1.2503,1.3755
minus_di_200_sft <= 19.846724|minus_di_144_sft >= 3.65|minus_di_13_sft >= -9.84,LONG,Ret_72,211,169,1.2897,1.357
minus_di_200_sft <= 19.846724|efficiency_89_sft >= -3.89,LONG,Ret_72,211,169,1.2897,1.357
minus_di_144_sft <= 19.549842|plus_di_5_sft <= 36.880132,LONG,Ret_72,215,165,1.3317,1.5426
trix_55_sft <= 0.009512|efficiency_8_sft <= 0.333899|macdh_8_sft >= -0.002172,LONG,Ret_96,336,190,1.3173,1.2911
macdh_13_sft <= 0.843661|adx_200_sft >= 10.138517,LONG,Ret_48,226,129,1.3046,1.7662
aroon_24_sft <= 83.333336|ema_34_sft <= 1648.629395|aroon_120_sft >= -55.833332,LONG,Ret_96,288,3,1.2673,29474878.7439
macdh_34_sft >= -0.67821|efficiency_21_sft >= 0.351036,LONG,Ret_72,452,263,1.2615,1.305
aroon_34_sft <= ema_24_sft|aroon_34_sft >= 79.411766,LONG,Ret_96,246,161,1.253,1.4144
aroon_13_sft >= 84.615387|adx_8_sft >= 42.556431,LONG,Ret_72,235,155,1.3223,1.6544
adx_21_sft >= 21.016172|aroon_8_sft >= 87.5,LONG,Ret_72,329,218,1.3326,1.2076
macdh_13_sft >= -0.387447|efficiency_21_sft >= 0.484428,LONG,Ret_72,304,201,1.294,1.2929
plus_di_200_sft >= 17.951158|plus_di_21_sft >= 24.672607,LONG,Ret_96,301,207,1.2622,1.5799
aroon_55_sft <= 83.63636|slope_24_sft >= 0.119522,LONG,Ret_96,217,169,1.2578,1.3247
adx_200_sft >= 10.138517|ema_120_sft >= -7.06,LONG,Ret_48,228,137,1.3301,1.841
slope_24_sft <= ema_120_sft|aroon_34_sft >= 79.411766|plus_di_8_sft <= ema_48_sft,LONG,Ret_96,246,161,1.253,1.4144
macdh_200_sft <= 0.346711|slope_21_sft >= -0.05352|minus_di_120_sft <= 19.36696,LONG,Ret_72,207,115,1.2773,1.8471
minus_di_200_sft <= 19.846724|plus_di_120_sft >= 17.179078|trix_89_sft <= ema_48_sft,LONG,Ret_72,211,169,1.2842,1.357
macdh_144_sft <= ema_13_sft|ema_13_sft <= 1651.514709|minus_di_55_sft <= 21.074759,LONG,Ret_96,246,3,1.2703,77418819.7978
efficiency_34_sft >= 0.167678|adx_8_sft <= 18.754478,LONG,Ret_48,218,142,1.2955,1.1025
adx_48_sft <= ema_13_sft|plus_di_24_sft >= 24.478443,LONG,Ret_96,298,198,1.2893,1.6348
slope_144_sft <= 3.16|adx_200_sft >= 10.138517,LONG,Ret_48,228,137,1.3301,1.841
minus_di_200_sft <= 19.846724|ema_13_sft >= 0.41,LONG,Ret_72,211,169,1.2897,1.357
plus_di_21_sft >= 24.672607|linreg_120_sft <= ema_24_sft,LONG,Ret_96,306,207,1.2658,1.5851
minus_di_144_sft <= 19.549842|efficiency_8_sft >= 0.159616,LONG,Ret_72,223,169,1.2968,1.433
aroon_48_sft <= ema_55_sft|adx_144_sft >= 8.674729,LONG,Ret_96,250,151,1.2598,1.5251
macdh_120_sft >= 0.210833|trix_8_sft <= 0.044097,LONG,Ret_96,209,167,1.2705,1.7885
trix_8_sft <= -0.018752|macdh_48_sft >= -0.280099,LONG,Ret_72,270,112,1.3941,1.1485
minus_di_200_sft <= 19.846724|minus_di_8_sft <= 33.875359,LONG,Ret_72,211,169,1.2685,1.3574
minus_di_200_sft <= 19.846724|linreg_21_sft <= 0.694824,LONG,Ret_72,202,145,1.3062,1.5642
linreg_5_sft >= 1.30268|trix_8_sft >= -0.018752|ema_200_sft <= 1820.673877,LONG,Ret_96,278,33,1.2938,1.7606
trix_24_sft <= 0.028241|efficiency_34_sft <= 0.393184|plus_di_21_sft >= 24.672607,LONG,Ret_96,294,193,1.2716,1.6858
plus_di_8_sft <= 19.418318|plus_di_24_sft >= 20.302818,LONG,Ret_96,283,186,1.3354,1.5296
adx_200_sft >= 10.138517|efficiency_8_sft <= 0.543346,LONG,Ret_48,225,134,1.3037,1.7
adx_8_sft <= 18.754478|aroon_55_sft >= 4.37,LONG,Ret_72,227,150,1.266,1.2522
efficiency_200_sft >= 0.013435|efficiency_89_sft <= 0.018904,LONG,Ret_72,321,196,1.2565,1.4
trix_89_sft <= ema_5_sft|minus_di_200_sft <= 19.846724,LONG,Ret_72,211,169,1.2897,1.357
plus_di_89_sft >= 18.382777|ema_13_sft <= Close_sft|ema_89_sft <= 1819.098828,LONG,Ret_96,336,34,1.2901,1.3177
efficiency_144_sft <= 0.142981|adx_48_sft <= 19.71399|linreg_55_sft <= 0.011679,LONG,Ret_96,287,183,1.2566,1.5227
efficiency_89_sft <= 0.018904|ema_48_sft <= 1647.476746|adx_89_sft >= 2.05,LONG,Ret_96,204,2,1.3672,55086884.4446
macdh_13_sft <= -0.00398|adx_8_sft <= 18.754478,LONG,Ret_72,267,175,1.3123,1.1968
linreg_8_sft >= 0.466946|efficiency_13_sft >= 0.589173,LONG,Ret_96,231,169,1.2801,1.3782
slope_5_sft <= 0.207647|minus_di_55_sft <= 18.373706,LONG,Ret_72,284,188,1.2793,1.4354
macdh_89_sft >= -0.466755|plus_di_21_sft >= 24.672607,LONG,Ret_96,306,202,1.2525,1.6727
macdh_34_sft <= 0.666284|adx_13_sft >= 44.272654,LONG,Ret_48,225,124,1.3633,0.9933
plus_di_8_sft <= ema_144_sft|linreg_13_sft <= ema_34_sft|plus_di_21_sft >= 24.672607,LONG,Ret_96,306,207,1.2658,1.5851
macdh_13_sft >= -2.17|plus_di_21_sft >= 24.672607,LONG,Ret_96,306,206,1.2658,1.7345
adx_13_sft >= -9.59|minus_di_120_sft <= 19.36696,LONG,Ret_72,233,173,1.3622,1.57
minus_di_48_sft <= ema_34_sft|adx_144_sft >= 8.83|plus_di_21_sft >= 24.672607,LONG,Ret_72,213,129,1.394,1.4682
adx_144_sft >= 8.674729|ema_55_sft >= -5.91,LONG,Ret_96,250,151,1.2598,1.5251
minus_di_55_sft <= 21.074759|slope_8_sft <= -0.074139,LONG,Ret_96,228,167,1.2586,1.5692
linreg_200_sft <= 0.019063|aroon_55_sft >= -50.909092,LONG,Ret_96,245,141,1.2648,1.1213
aroon_8_sft <= ema_34_sft|minus_di_120_sft <= 19.36696|slope_89_sft >= -6.5,LONG,Ret_72,233,173,1.3622,1.57
plus_di_21_sft >= 24.672607|efficiency_21_sft <= 4.92,LONG,Ret_96,306,207,1.2658,1.5851
aroon_34_sft >= 79.411766|adx_120_sft >= -6.68,LONG,Ret_96,246,161,1.253,1.4144
plus_di_21_sft >= 24.672607|linreg_5_sft >= -0.52795,LONG,Ret_96,305,205,1.2734,1.627
minus_di_200_sft <= 22.809317|slope_13_sft <= -0.138525,LONG,Ret_96,209,157,1.2509,1.4335
minus_di_200_sft <= 19.846724|efficiency_120_sft <= ema_144_sft,LONG,Ret_72,211,169,1.2897,1.357
minus_di_34_sft <= 17.529027|slope_89_sft <= 0.069769|plus_di_13_sft >= -8.22,LONG,Ret_72,298,181,1.2665,1.4305
adx_144_sft >= 8.674729|efficiency_48_sft <= 6.44,LONG,Ret_96,250,151,1.2598,1.5251
plus_di_144_sft >= -1.76|adx_200_sft >= 10.138517,LONG,Ret_48,228,137,1.3301,1.841
adx_144_sft >= 9.26|macdh_89_sft <= ema_89_sft,LONG,Ret_96,222,130,1.3169,1.5928
adx_89_sft <= ema_24_sft|adx_144_sft >= 8.674729,LONG,Ret_96,250,151,1.2598,1.5251
ema_89_sft <= 1641.957336|plus_di_200_sft >= 20.583717,LONG,Ret_96,237,3,1.364,98387626.1263
adx_200_sft >= 10.138517|linreg_89_sft <= ema_34_sft,LONG,Ret_48,228,137,1.3301,1.841
efficiency_89_sft >= 0.018904|adx_200_sft >= 10.138517,LONG,Ret_48,227,137,1.3179,1.8161
ema_34_sft <= 1648.629395|minus_di_144_sft <= 21.195539|minus_di_21_sft >= -5.84,LONG,Ret_96,222,3,1.2831,64761385.4777
trix_34_sft >= -0.009861|trix_34_sft >= 0.000779|aroon_48_sft >= 81.25,LONG,Ret_72,209,147,1.3041,1.7009
adx_200_sft >= 8.58|aroon_89_sft <= 57.303371,LONG,Ret_72,210,118,1.2875,1.3733
plus_di_24_sft >= 13.168236|minus_di_48_sft <= 21.037424|adx_8_sft <= 18.754478,LONG,Ret_72,218,160,1.4399,1.3443
minus_di_48_sft <= 18.148701|trix_21_sft <= 0.014494,LONG,Ret_72,229,140,1.2677,1.3444
slope_24_sft >= 0.119522|aroon_8_sft >= 0.0,LONG,Ret_96,232,179,1.2601,1.5385
minus_di_120_sft <= ema_5_sft|plus_di_24_sft >= 24.478443,LONG,Ret_96,298,198,1.2893,1.6348
macdh_144_sft >= -0.185443|minus_di_120_sft <= 19.36696|minus_di_200_sft <= 21.245317,LONG,Ret_72,230,163,1.3515,1.5824
minus_di_48_sft <= 18.148701|trix_24_sft <= 0.028241|linreg_13_sft <= 0.72,LONG,Ret_72,251,140,1.371,1.4253
aroon_55_sft >= -80.0|plus_di_21_sft >= 24.672607,LONG,Ret_96,304,206,1.2709,1.5726
minus_di_144_sft <= 19.549842|macdh_144_sft >= -0.376163,LONG,Ret_72,223,165,1.2978,1.3964
trix_5_sft >= -4.18|aroon_34_sft >= 79.411766,LONG,Ret_96,246,161,1.253,1.4144
plus_di_8_sft >= 26.529333|aroon_34_sft >= 8.823529,LONG,Ret_96,322,207,1.3003,1.628
macdh_55_sft <= ema_5_sft|adx_144_sft >= 8.674729,LONG,Ret_96,250,151,1.2598,1.5251
slope_48_sft >= 0.044284|macdh_24_sft <= 0.356385,LONG,Ret_48,303,204,1.266,1.2598
slope_48_sft >= 0.00225|plus_di_24_sft >= 24.478443,LONG,Ret_96,291,197,1.275,1.647
efficiency_21_sft >= 0.484428|ema_89_sft <= ema_48_sft,LONG,Ret_72,232,160,1.322,1.3333
efficiency_48_sft <= 9.41|minus_di_200_sft <= 19.846724,LONG,Ret_72,211,169,1.2897,1.357
efficiency_13_sft >= 0.123341|aroon_34_sft >= 79.411766,LONG,Ret_96,244,159,1.2774,1.558
minus_di_5_sft <= 3.06,LONG,Ret_72,214,140,1.2892,1.7095
minus_di_200_sft <= 19.846724|plus_di_120_sft >= 9.95,LONG,Ret_72,211,169,1.2897,1.357
trix_48_sft >= 0.000938|slope_89_sft >= 0.034779|minus_di_8_sft <= ema_24_sft,LONG,Ret_96,208,148,1.2522,1.6253
linreg_8_sft >= -2.31|minus_di_200_sft <= 19.846724,LONG,Ret_72,211,168,1.2897,1.409
aroon_21_sft >= 80.952377|efficiency_21_sft >= 0.351036|aroon_200_sft <= 81.5,LONG,Ret_96,224,153,1.2509,1.8935
ema_120_sft >= -2.86|slope_144_sft <= ema_200_sft|aroon_34_sft >= 79.411766,LONG,Ret_96,246,161,1.253,1.4144
linreg_5_sft >= 0.54|slope_200_sft <= 0.003036|macdh_13_sft <= ema_200_sft,LONG,Ret_96,269,158,1.2899,1.2425
efficiency_89_sft >= 0.178958|minus_di_200_sft <= 22.809317,LONG,Ret_96,219,151,1.2759,1.4379
trix_24_sft >= -0.011625|ema_24_sft <= ema_120_sft,LONG,Ret_96,247,133,1.2636,1.2966
slope_21_sft >= 0.002737|adx_8_sft <= 18.754478,LONG,Ret_72,270,186,1.2629,1.3178
ema_21_sft >= ema_144_sft|ema_200_sft <= 1820.673877,LONG,Ret_96,277,25,1.2768,1.5146
ema_144_sft >= ema_89_sft|aroon_34_sft >= 8.823529,LONG,Ret_96,199,117,1.271,1.0424
trix_34_sft >= 0.000779|efficiency_5_sft >= 0.42897|trix_144_sft <= 0.011814,LONG,Ret_72,327,189,1.2505,1.8026
minus_di_200_sft >= -2.49|ema_55_sft >= 3.75|adx_200_sft >= 10.138517,LONG,Ret_48,228,137,1.3301,1.841
trix_5_sft <= 0.05361|adx_144_sft >= 8.674729,LONG,Ret_96,249,148,1.2814,1.5661
slope_5_sft >= 0.207647|efficiency_8_sft >= -8.55|ema_144_sft <= 1818.666455,LONG,Ret_96,282,30,1.2737,1.2118
adx_144_sft >= 8.674729|macdh_89_sft >= -0.220407|macdh_200_sft >= -0.330685,LONG,Ret_96,223,119,1.2821,1.653
efficiency_8_sft >= 0.725035|trix_8_sft >= 0.020827,LONG,Ret_96,230,166,1.397,1.5882
minus_di_13_sft <= 15.19733|aroon_34_sft >= 79.411766,LONG,Ret_96,225,149,1.3815,1.6465
minus_di_55_sft <= 18.373706|slope_24_sft <= 0.056331|slope_55_sft <= 9.6,LONG,Ret_72,226,152,1.3428,1.692
minus_di_200_sft <= 19.846724|macdh_5_sft >= -0.410792,LONG,Ret_72,210,165,1.2563,1.4298
minus_di_13_sft <= 9.86|adx_34_sft <= 23.154034,LONG,Ret_72,202,137,1.3082,1.4045
aroon_34_sft >= 0.16|plus_di_200_sft <= 20.583717,LONG,Ret_96,218,127,1.2696,1.3727
efficiency_120_sft <= ema_200_sft|trix_55_sft >= -0.007616|macdh_144_sft >= 0.198633,LONG,Ret_96,203,156,1.2846,1.7764
efficiency_55_sft >= 0.024776|aroon_8_sft <= 0.0|minus_di_89_sft <= 21.15653,LONG,Ret_96,277,189,1.2593,1.4101
minus_di_144_sft <= 19.549842|minus_di_5_sft >= 11.554769|macdh_21_sft <= ema_200_sft,LONG,Ret_48,259,198,1.2769,1.3829
linreg_144_sft <= 0.147297|trix_89_sft >= 0.00102,LONG,Ret_72,236,105,1.2764,1.409
minus_di_5_sft <= 6.560701|adx_34_sft <= 17.103025,LONG,Ret_96,217,151,1.2809,1.3524
minus_di_200_sft <= 19.846724|slope_34_sft <= 0.049592|ema_89_sft >= 7.71,LONG,Ret_48,222,168,1.2931,2.0425
aroon_24_sft >= 83.333336|minus_di_5_sft <= 6.560701,LONG,Ret_72,249,169,1.2782,1.6614
adx_200_sft >= 7.534551|aroon_13_sft <= 7.692307|macdh_13_sft >= -0.45,LONG,Ret_96,213,107,1.2662,1.3243
plus_di_89_sft >= 18.382777|slope_8_sft >= 0.178176,LONG,Ret_96,280,205,1.2668,1.4337
plus_di_21_sft >= 24.672607|slope_8_sft >= 0.178176,LONG,Ret_96,253,181,1.3111,1.5903
plus_di_21_sft >= 24.672607|trix_200_sft <= 0.010228,LONG,Ret_96,281,163,1.3031,1.607
efficiency_13_sft >= 0.589173|aroon_13_sft >= 7.692307,LONG,Ret_96,250,180,1.3598,1.3016
trix_48_sft <= 0.010271|efficiency_21_sft <= 0.039904|aroon_8_sft >= 5.32,LONG,Ret_96,270,160,1.2547,1.2967
adx_5_sft <= 64.602853|linreg_34_sft >= 0.016606|adx_200_sft >= 7.534551,LONG,Ret_96,206,121,1.2843,1.3616
linreg_5_sft >= 0.57255|trix_55_sft >= -0.007616,LONG,Ret_96,334,219,1.316,1.6931
aroon_21_sft >= 4.761905|plus_di_24_sft >= 24.478443,LONG,Ret_96,291,193,1.2581,1.6482
trix_55_sft >= 0.00109|slope_5_sft >= -0.196958|efficiency_21_sft >= 0.47,LONG,Ret_72,207,139,1.289,1.1682
adx_144_sft >= 8.674729|trix_89_sft <= ema_120_sft|slope_55_sft <= 0.0022,LONG,Ret_96,209,115,1.2899,1.5167
plus_di_24_sft >= 24.478443|plus_di_55_sft >= 6.39,LONG,Ret_96,298,198,1.2893,1.6348
plus_di_24_sft >= 24.478443|ema_21_sft <= 1650.788635,LONG,Ret_96,231,3,1.309,71675187.9234
minus_di_200_sft <= 19.846724|efficiency_120_sft >= 0.016981|trix_5_sft <= ema_13_sft,LONG,Ret_72,210,169,1.2812,1.3617
adx_8_sft >= 42.556431|trix_55_sft <= ema_48_sft|linreg_48_sft >= 0.232999,LONG,Ret_72,211,175,1.3305,1.5462
trix_21_sft <= 0.029969|minus_di_8_sft <= 9.068035,LONG,Ret_96,269,174,1.2893,1.5009
ema_5_sft <= 1821.612354|linreg_200_sft >= 0.019063,LONG,Ret_96,231,23,1.2553,2.4178
ema_144_sft <= ema_13_sft|ema_34_sft <= 1821.121729,LONG,Ret_96,283,24,1.2639,1.425
macdh_55_sft <= ema_55_sft|aroon_13_sft >= 84.615387|slope_8_sft >= 0.178176,LONG,Ret_96,216,162,1.3507,1.3746
aroon_48_sft <= ema_120_sft|adx_200_sft >= 10.138517,LONG,Ret_48,228,137,1.3301,1.841
aroon_34_sft >= 79.411766|efficiency_200_sft <= 9.34,LONG,Ret_96,246,161,1.253,1.4144
minus_di_13_sft <= 11.24466|macdh_8_sft <= 0.876746,LONG,Ret_96,230,135,1.2678,1.6802
adx_5_sft >= 64.602853|adx_120_sft >= 5.328076,LONG,Ret_72,342,210,1.2531,1.2327
minus_di_89_sft >= 17.090969|adx_200_sft >= 10.138517,LONG,Ret_48,218,123,1.3842,1.6883
minus_di_120_sft <= 19.36696|ema_8_sft >= ema_21_sft,LONG,Ret_72,224,163,1.3284,1.6198
minus_di_48_sft <= 18.148701|efficiency_21_sft <= 0.20685,LONG,Ret_72,237,159,1.2824,1.8228
minus_di_8_sft <= 26.836089|adx_200_sft >= 9.09,LONG,Ret_72,211,118,1.294,1.238
plus_di_8_sft >= 26.529333|slope_48_sft <= 0.044284,LONG,Ret_96,326,196,1.2523,1.555
linreg_144_sft >= -0.114247|ema_24_sft <= 1821.353101|slope_48_sft >= -0.080823,LONG,Ret_96,331,27,1.2547,1.5017
slope_21_sft >= 0.125629|adx_55_sft <= 18.52376,LONG,Ret_96,202,154,1.2761,1.5031
linreg_120_sft >= -0.126013|macdh_5_sft <= -0.410792,LONG,Ret_96,333,208,1.2503,1.5739
minus_di_48_sft <= 18.148701|macdh_13_sft <= 0.396837,LONG,Ret_72,275,172,1.2932,1.4208
efficiency_34_sft <= 0.282634|minus_di_34_sft <= 17.529027,LONG,Ret_72,297,198,1.2598,1.3193
ema_13_sft <= 1651.514709|plus_di_24_sft >= 24.478443,LONG,Ret_96,231,3,1.309,71675187.9234
plus_di_21_sft >= 20.270658|adx_13_sft <= 15.098711|plus_di_55_sft >= 6.52,LONG,Ret_72,212,138,1.3021,1.6689
aroon_34_sft >= 79.411766|linreg_144_sft >= -4.77|linreg_24_sft <= ema_24_sft,LONG,Ret_96,246,160,1.253,1.4143
efficiency_48_sft >= 0.245374|adx_24_sft <= 19.813929,LONG,Ret_48,238,162,1.3303,1.3007
adx_5_sft >= 64.602853|linreg_55_sft >= -0.404098|adx_55_sft <= ema_5_sft,LONG,Ret_72,353,198,1.2611,1.4741
slope_200_sft >= -2.04|minus_di_120_sft <= 19.36696,LONG,Ret_72,233,173,1.3622,1.57
minus_di_200_sft <= 19.846724|linreg_120_sft <= ema_13_sft,LONG,Ret_72,211,169,1.2897,1.357
plus_di_24_sft >= 24.478443|aroon_21_sft >= -6.14,LONG,Ret_96,291,195,1.2723,1.6146
plus_di_24_sft >= 24.478443|linreg_21_sft <= ema_200_sft,LONG,Ret_96,298,198,1.2893,1.6348
aroon_55_sft >= 56.363636|linreg_120_sft <= 0.321383,LONG,Ret_72,269,146,1.254,1.5603
minus_di_24_sft <= 16.763711|slope_89_sft <= 0.069769,LONG,Ret_72,327,201,1.2613,1.3444
minus_di_5_sft <= 18.951136|aroon_8_sft <= 0.0|plus_di_13_sft >= 19.937256,LONG,Ret_96,312,199,1.332,1.9084
plus_di_21_sft >= 24.672607|aroon_13_sft >= 7.692307,LONG,Ret_96,302,201,1.2568,1.6336
aroon_89_sft >= 2.247191|efficiency_89_sft <= 0.049564|slope_55_sft >= 0.0022,LONG,Ret_48,229,144,1.3958,1.225
linreg_48_sft >= 0.013999|efficiency_89_sft <= 0.018904,LONG,Ret_72,236,148,1.2977,1.2869
minus_di_13_sft <= 11.24466|aroon_34_sft <= 79.411766|slope_120_sft <= 0.060953,LONG,Ret_72,224,122,1.429,1.3738
linreg_24_sft <= 0.660264|minus_di_13_sft <= 11.24466,LONG,Ret_96,223,100,1.3587,1.5863
macdh_8_sft >= -0.002172|adx_144_sft >= 11.764087|ema_24_sft <= ema_24_sft,LONG,Ret_48,216,113,1.2659,1.2414
macdh_34_sft >= -0.311975|minus_di_120_sft <= 19.36696,LONG,Ret_72,221,160,1.3126,1.5599
trix_24_sft >= -0.011625|adx_5_sft >= 64.602853,LONG,Ret_72,318,196,1.253,1.5453
adx_144_sft >= 8.674729|minus_di_24_sft >= 1.27,LONG,Ret_96,250,151,1.2598,1.5251
linreg_24_sft <= 0.660264|efficiency_5_sft >= 0.894355|trix_8_sft >= 0.020827,LONG,Ret_96,214,99,1.3743,1.7691
ema_55_sft >= ema_55_sft|plus_di_24_sft >= 24.478443,LONG,Ret_96,298,198,1.2893,1.6348
slope_48_sft <= 5.88|ema_55_sft <= 1819.651587|linreg_89_sft <= 0.007437,LONG,Ret_96,283,31,1.2904,1.1237
minus_di_120_sft >= 23.144876|macdh_8_sft >= -0.53|aroon_5_sft >= -80.0,LONG,Ret_72,220,112,1.2628,1.1388
adx_8_sft >= 42.556431|ema_24_sft <= Close_sft,LONG,Ret_96,250,169,1.2931,1.8796
aroon_34_sft >= 79.411766|slope_8_sft <= ema_34_sft,LONG,Ret_96,246,161,1.253,1.4144
plus_di_21_sft >= 24.672607|slope_13_sft >= -0.063572,LONG,Ret_96,305,207,1.2614,1.5858
adx_144_sft >= 8.674729|efficiency_48_sft <= 3.0,LONG,Ret_96,250,151,1.2598,1.5251
minus_di_21_sft <= 16.470973|slope_55_sft <= 0.04209,LONG,Ret_72,263,150,1.3517,1.251
efficiency_5_sft <= 9.04|minus_di_200_sft <= 19.846724|efficiency_13_sft <= 0.433265,LONG,Ret_72,201,162,1.3485,1.5088
efficiency_120_sft <= 0.090539|slope_8_sft <= 0.083389,LONG,Ret_96,339,210,1.2516,1.4318
macdh_34_sft <= 0.666284|minus_di_34_sft <= 17.529027,LONG,Ret_72,304,172,1.3082,1.8366
efficiency_21_sft >= 0.039904|minus_di_200_sft <= 19.846724,LONG,Ret_72,211,169,1.2765,1.3644
aroon_48_sft >= 56.25|trix_48_sft >= 0.000938,LONG,Ret_72,233,169,1.3311,1.4777
adx_89_sft >= 3.96|plus_di_21_sft >= 16.055331|plus_di_24_sft >= 24.478443,LONG,Ret_96,298,197,1.2748,1.6348
macdh_200_sft >= -8.52|trix_55_sft <= ema_200_sft|adx_144_sft >= 8.674729,LONG,Ret_96,250,151,1.2598,1.5251
adx_200_sft >= 10.138517|minus_di_8_sft >= -5.64,LONG,Ret_48,228,137,1.3301,1.841
aroon_55_sft <= 5.454545|macdh_120_sft >= 0.004787,LONG,Ret_96,211,121,1.2741,1.446
trix_21_sft >= -7.2|macdh_200_sft <= 0.169522|minus_di_55_sft <= 21.074759,LONG,Ret_96,282,164,1.2696,1.6974
aroon_34_sft >= 8.57|plus_di_13_sft >= 25.549025,LONG,Ret_96,314,202,1.2593,1.481
aroon_34_sft >= 79.411766|macdh_89_sft <= ema_5_sft,LONG,Ret_96,246,161,1.253,1.4144
linreg_48_sft <= 2.37|macdh_48_sft >= 0.44|macdh_8_sft <= -0.002172,LONG,Ret_72,230,214,1.2606,1.4798
ema_200_sft >= 4.61|minus_di_120_sft <= 19.36696,LONG,Ret_72,233,173,1.3622,1.57
efficiency_13_sft >= -2.47|aroon_34_sft >= 79.411766|efficiency_55_sft >= 0.063022,LONG,Ret_96,233,154,1.271,1.4624
efficiency_144_sft <= ema_55_sft|slope_55_sft <= 0.04209|plus_di_21_sft >= 24.672607,LONG,Ret_96,256,151,1.301,1.5811
minus_di_120_sft <= 19.36696|macdh_89_sft <= 3.51,LONG,Ret_72,233,172,1.3622,1.5758
aroon_48_sft >= -77.083336|efficiency_34_sft >= 0.282634,LONG,Ret_96,339,221,1.263,1.596
aroon_21_sft >= -80.952377|adx_144_sft >= 8.674729,LONG,Ret_96,249,151,1.2853,1.6614
plus_di_120_sft >= -3.99|minus_di_120_sft <= 19.36696,LONG,Ret_72,233,173,1.3622,1.57
minus_di_120_sft <= 19.36696|macdh_34_sft >= 0.010231,LONG,Ret_72,209,150,1.3999,1.6427
plus_di_24_sft >= 24.478443|minus_di_55_sft <= 18.373706,LONG,Ret_96,213,149,1.2603,2.1068
ema_24_sft >= 3.87|minus_di_200_sft <= 19.846724,LONG,Ret_72,211,169,1.2897,1.357
slope_8_sft >= 0.002395|macdh_8_sft <= -0.002172,LONG,Ret_72,391,252,1.265,1.5778
efficiency_21_sft <= 0.20685|efficiency_89_sft <= 0.049564,LONG,Ret_72,333,207,1.2651,1.3665
linreg_5_sft >= 1.30268|aroon_34_sft >= 8.823529,LONG,Ret_96,268,210,1.2805,1.3491
minus_di_24_sft <= 24.972759|minus_di_8_sft <= 9.068035|linreg_144_sft <= 0.147297,LONG,Ret_96,235,123,1.2784,1.3287
trix_144_sft >= -0.004577|minus_di_120_sft <= 19.36696,LONG,Ret_72,215,160,1.2615,1.6153
adx_21_sft <= 28.71629|plus_di_24_sft >= 20.302818,LONG,Ret_96,358,229,1.2521,1.5625
trix_24_sft >= -0.011625|adx_55_sft >= 10.040038,LONG,Ret_96,329,218,1.2668,1.4272
aroon_8_sft >= -87.5|plus_di_48_sft <= ema_13_sft|plus_di_21_sft >= 24.672607,LONG,Ret_96,306,207,1.2663,1.5851
ema_144_sft <= 1818.666455|aroon_48_sft >= 56.25,LONG,Ret_96,250,20,1.3199,2.1156
minus_di_120_sft <= 19.36696|slope_13_sft >= 0.002801,LONG,Ret_72,223,166,1.2552,1.6133
efficiency_120_sft <= 0.042423|aroon_200_sft >= -9.41,LONG,Ret_72,219,136,1.3225,1.2356
aroon_144_sft <= 7.54|plus_di_13_sft <= 25.549025|linreg_48_sft >= -0.196274,LONG,Ret_96,244,133,1.2653,1.135
minus_di_5_sft >= 27.848064|macdh_34_sft >= 0.010231,LONG,Ret_96,304,197,1.3984,1.399
minus_di_55_sft <= 21.074759|slope_120_sft <= 0.002734,LONG,Ret_72,211,123,1.2892,1.0612
adx_200_sft >= 8.15,LONG,Ret_72,272,153,1.2854,1.3818
plus_di_48_sft >= 20.502817|linreg_89_sft <= 0.180637,LONG,Ret_96,300,172,1.2879,1.508
trix_55_sft <= ema_5_sft|plus_di_24_sft >= 24.478443,LONG,Ret_96,298,198,1.2893,1.6348
plus_di_24_sft >= 24.478443|minus_di_48_sft <= ema_13_sft,LONG,Ret_96,298,198,1.2893,1.6348
linreg_48_sft >= -0.196274|adx_24_sft >= 19.813929,LONG,Ret_96,298,177,1.2853,1.3448
macdh_8_sft <= ema_89_sft|adx_144_sft >= 9.65|minus_di_34_sft >= 20.932758,LONG,Ret_72,209,121,1.3462,1.5446
macdh_5_sft <= ema_48_sft|adx_144_sft >= 8.674729,LONG,Ret_96,250,151,1.2598,1.5251
minus_di_120_sft <= 19.36696|aroon_5_sft >= 0.0|linreg_55_sft >= -0.404098,LONG,Ret_72,224,169,1.2871,1.4509
slope_5_sft >= -0.086632|macdh_8_sft <= -0.412386|minus_di_48_sft <= 21.037424,LONG,Ret_48,334,289,1.3006,1.297
macdh_13_sft <= 0.396837|minus_di_120_sft <= 19.36696,LONG,Ret_72,212,152,1.3788,1.5616
ema_144_sft <= ema_48_sft|adx_24_sft >= 19.813929|minus_di_144_sft <= 19.549842,LONG,Ret_48,220,165,1.2856,1.3203
adx_144_sft >= 8.674729|plus_di_55_sft >= 20.551075,LONG,Ret_72,237,142,1.2837,1.4813
slope_21_sft >= 0.125629|linreg_89_sft <= 0.374144,LONG,Ret_96,234,161,1.2641,1.3994
minus_di_21_sft >= 25.169423|efficiency_55_sft <= 0.063022,LONG,Ret_72,260,168,1.2572,1.3651
slope_120_sft >= 0.002734|efficiency_120_sft <= 0.090539,LONG,Ret_96,273,174,1.2963,1.491
slope_89_sft >= -0.06065|plus_di_24_sft >= 24.478443,LONG,Ret_96,298,198,1.291,1.6348
minus_di_5_sft <= 3.52,LONG,Ret_48,285,196,1.2818,1.1854
adx_48_sft >= 14.516132|minus_di_34_sft <= 20.932758,LONG,Ret_96,229,150,1.2937,1.4058
trix_24_sft <= ema_8_sft|plus_di_8_sft >= 33.824101|minus_di_55_sft <= 18.373706,LONG,Ret_72,227,155,1.2596,1.4518
aroon_13_sft <= ema_200_sft|adx_200_sft >= 10.138517,LONG,Ret_48,228,137,1.3301,1.841
adx_120_sft >= 5.328076|minus_di_120_sft <= 19.36696|ema_144_sft >= -0.14,LONG,Ret_72,217,163,1.3459,1.5412
adx_144_sft >= 8.674729|minus_di_144_sft >= -4.93,LONG,Ret_96,250,151,1.2598,1.5251
adx_200_sft >= 10.138517|trix_13_sft >= -0.032943,LONG,Ret_48,223,129,1.2991,2.0245
minus_di_34_sft <= 27.987693|adx_5_sft >= 64.602853,LONG,Ret_72,314,196,1.2526,1.3292
minus_di_8_sft >= 26.836089|efficiency_13_sft <= 0.260012|plus_di_13_sft >= 19.937256,LONG,Ret_48,260,166,1.443,1.4667
trix_48_sft <= ema_200_sft|slope_13_sft <= 0.1502|adx_144_sft >= 8.674729,LONG,Ret_96,249,148,1.2762,1.554
adx_5_sft <= 64.602853|minus_di_200_sft <= 19.846724,LONG,Ret_72,207,163,1.2735,1.5158
minus_di_24_sft >= 13.555753|minus_di_55_sft <= 18.373706,LONG,Ret_72,277,189,1.2643,1.3696
slope_120_sft >= -0.024799|slope_21_sft >= 0.125629,LONG,Ret_96,236,185,1.266,1.2139
trix_144_sft <= 1.98|plus_di_24_sft >= 24.478443|trix_24_sft <= ema_200_sft,LONG,Ret_96,298,198,1.2893,1.6348
ema_89_sft <= 1819.098828|aroon_144_sft >= 18.75|efficiency_13_sft <= 0.433265,LONG,Ret_96,253,20,1.2839,1.2774
aroon_5_sft <= ema_24_sft|plus_di_21_sft >= 24.672607,LONG,Ret_96,306,207,1.2658,1.5851
macdh_21_sft <= 0.04|aroon_55_sft <= 8.5|macdh_48_sft >= -0.280099,LONG,Ret_96,240,98,1.3018,1.0313
efficiency_120_sft <= 0.042423|adx_8_sft <= 23.855003,LONG,Ret_96,208,123,1.2885,1.4734
aroon_200_sft <= 57.0|plus_di_34_sft >= 20.409904,LONG,Ret_96,297,183,1.2625,1.6589
minus_di_13_sft >= 31.571671|macdh_13_sft >= -0.387447|ema_21_sft >= 2.74,LONG,Ret_48,257,102,1.3825,1.0246
plus_di_24_sft >= 20.302818|slope_21_sft <= ema_21_sft|minus_di_144_sft <= 19.549842,LONG,Ret_72,209,162,1.3066,1.5048
slope_24_sft >= 0.056331|macdh_34_sft <= 0.318503,LONG,Ret_96,236,131,1.2551,1.6258
slope_34_sft <= ema_24_sft|adx_144_sft >= 8.674729,LONG,Ret_96,250,151,1.2598,1.5251
linreg_55_sft >= -0.185778|aroon_8_sft >= 62.5|adx_24_sft >= 19.813929,LONG,Ret_72,279,175,1.2788,1.1766
ema_144_sft <= 1818.666455|plus_di_200_sft >= 19.087056|plus_di_89_sft >= 7.21,LONG,Ret_96,337,33,1.2922,1.3009
plus_di_24_sft >= 24.478443|linreg_144_sft >= -0.114247,LONG,Ret_96,260,160,1.2619,1.8994
plus_di_21_sft >= 24.672607|ema_55_sft >= 1.74,LONG,Ret_96,306,207,1.2658,1.5851
aroon_89_sft >= -53.932583|adx_120_sft >= 9.408218,LONG,Ret_96,229,148,1.2606,1.3569
minus_di_13_sft <= 15.19733|slope_34_sft >= 0.002637|plus_di_8_sft >= 33.824101,LONG,Ret_96,257,179,1.3087,1.5989
adx_200_sft >= 10.138517|minus_di_5_sft >= 6.560701,LONG,Ret_48,226,135,1.2938,1.7595
minus_di_34_sft <= 17.529027|trix_48_sft >= 0.000938,LONG,Ret_96,209,138,1.3221,2.2272
efficiency_13_sft <= 0.589173|minus_di_24_sft >= 29.113644,LONG,Ret_72,245,141,1.2586,0.931
slope_120_sft >= 0.002734|ema_48_sft <= 1820.151318,LONG,Ret_96,296,28,1.28,1.4615
aroon_24_sft <= 83.333336|aroon_34_sft >= 79.411766,LONG,Ret_96,236,157,1.2646,1.4656
trix_200_sft <= ema_13_sft|efficiency_13_sft <= 0.433265|macdh_144_sft >= 0.198633,LONG,Ret_96,206,166,1.2938,1.5061
linreg_55_sft <= 0.460523|minus_di_8_sft <= 9.068035,LONG,Ret_96,268,155,1.3154,1.5483
ema_144_sft <= 1818.666455|macdh_21_sft >= 0.36775,LONG,Ret_96,306,30,1.2713,1.5817
ema_48_sft >= 1227.564941|adx_21_sft <= 21.016172|plus_di_8_sft >= 26.529333,LONG,Ret_96,218,190,1.2608,1.4864
minus_di_5_sft <= 6.560701|efficiency_48_sft <= 0.142178,LONG,Ret_96,245,157,1.348,1.3568
adx_200_sft >= 7.534551|macdh_55_sft <= 0.007644,LONG,Ret_72,255,138,1.2926,1.3029
aroon_34_sft >= 79.411766|aroon_8_sft >= -1.5,LONG,Ret_96,243,158,1.3013,1.5323
efficiency_120_sft <= 0.090539|efficiency_5_sft >= 0.42897|ema_55_sft <= 1646.929871,LONG,Ret_96,253,3,1.293,82338929.5125
aroon_8_sft >= 62.5|efficiency_13_sft <= 0.050229,LONG,Ret_96,262,174,1.2711,1.376
efficiency_13_sft >= 0.433265|adx_144_sft >= 9.14,LONG,Ret_96,211,118,1.2876,1.5697
slope_55_sft >= 0.0022|aroon_13_sft >= -53.846153|adx_8_sft <= 18.754478,LONG,Ret_72,218,152,1.6211,1.2042
adx_24_sft <= ema_5_sft|aroon_34_sft >= 79.411766,LONG,Ret_96,246,161,1.253,1.4144
efficiency_8_sft >= 0.543346|efficiency_5_sft >= 0.894355,LONG,Ret_72,417,270,1.2608,1.3054
aroon_89_sft >= -77.528091|minus_di_144_sft <= 19.549842,LONG,Ret_72,225,167,1.2708,1.4574
aroon_120_sft >= -78.333336|plus_di_24_sft >= 24.478443,LONG,Ret_96,292,197,1.2737,1.6389
trix_5_sft >= 0.000867|efficiency_5_sft >= 0.894355,LONG,Ret_96,316,210,1.3478,1.3424
trix_24_sft >= -0.011625|minus_di_144_sft <= 19.549842,LONG,Ret_72,222,167,1.3407,1.4481
adx_21_sft <= 21.016172|aroon_200_sft >= -8.81|slope_89_sft <= ema_5_sft,LONG,Ret_96,241,153,1.3153,1.7927
macdh_5_sft <= ema_13_sft|minus_di_13_sft <= 20.350973|aroon_34_sft >= 79.411766,LONG,Ret_96,241,158,1.2774,1.4717
aroon_34_sft >= 79.411766|aroon_34_sft >= 58.823528,LONG,Ret_96,246,161,1.253,1.4144
minus_di_120_sft <= 23.144876|ema_24_sft <= 1821.353101,LONG,Ret_96,344,37,1.282,1.4359
ema_120_sft <= ema_8_sft|adx_144_sft >= 8.674729,LONG,Ret_72,217,138,1.295,1.5528
aroon_21_sft <= 52.380951|minus_di_34_sft <= 17.529027|macdh_48_sft <= 0.601385,LONG,Ret_72,264,147,1.27,1.6615
adx_144_sft >= 8.674729|minus_di_34_sft <= 27.987693,LONG,Ret_96,246,148,1.2598,1.6066
efficiency_24_sft <= 0.330664|adx_200_sft >= 7.534551|linreg_48_sft <= 0.232999,LONG,Ret_96,216,113,1.2618,1.4341
minus_di_55_sft <= 18.373706|linreg_13_sft <= 0.380393,LONG,Ret_72,252,160,1.2759,1.4345
linreg_48_sft >= 0.232999|plus_di_5_sft >= 36.880132,LONG,Ret_72,206,179,1.2765,1.4426
minus_di_24_sft <= 16.763711|aroon_89_sft <= 57.303371|linreg_48_sft >= 0.013999,LONG,Ret_72,271,169,1.2608,1.6178
linreg_200_sft >= 0.019063|ema_34_sft <= 1821.121729,LONG,Ret_96,230,23,1.2555,2.681
efficiency_5_sft >= 0.894355|trix_5_sft >= 0.000867,LONG,Ret_96,316,210,1.3478,1.3424
linreg_89_sft <= 0.374144|minus_di_120_sft <= 19.36696,LONG,Ret_72,214,122,1.2981,1.7947
plus_di_8_sft <= 33.824101|minus_di_5_sft <= 4.79,LONG,Ret_72,233,152,1.3632,1.3699
ema_200_sft <= 1820.673877|plus_di_89_sft >= 20.60993,LONG,Ret_96,296,29,1.2853,1.3156
adx_5_sft >= 64.602853|linreg_34_sft >= -0.71,LONG,Ret_72,353,199,1.2709,1.2371
ema_34_sft >= 1298.067139|ema_55_sft <= 1819.651587|linreg_34_sft >= -0.231489,LONG,Ret_72,222,48,1.2694,1.0244
ema_200_sft <= 1820.673877|efficiency_144_sft <= 0.081806|adx_48_sft <= 25.801505,LONG,Ret_96,295,31,1.2561,1.1668
efficiency_144_sft <= 0.015482|ema_48_sft <= 1647.476746,LONG,Ret_72,201,4,1.3095,27.1148
ema_89_sft <= 1641.957336|adx_24_sft <= 27.124339|plus_di_5_sft >= 36.880132,LONG,Ret_96,227,3,1.2785,96622639.7229
trix_200_sft <= 0.005868|plus_di_34_sft >= 20.409904|adx_48_sft >= 8.392473,LONG,Ret_96,269,149,1.2769,1.4475
aroon_55_sft <= -8.06|minus_di_13_sft <= 15.19733,LONG,Ret_96,214,128,1.3531,1.528
macdh_24_sft <= 0.356385|minus_di_13_sft <= 31.571671|efficiency_89_sft <= 0.018904,LONG,Ret_72,290,156,1.2855,1.3543
plus_di_24_sft >= 24.478443|trix_144_sft <= ema_55_sft,LONG,Ret_96,298,198,1.2893,1.6348
efficiency_89_sft >= 0.178958|ema_13_sft <= 1821.289453,LONG,Ret_96,254,30,1.2815,1.6809
plus_di_21_sft <= 24.672607|minus_di_34_sft <= 17.529027,LONG,Ret_96,204,128,1.268,1.6358
trix_21_sft >= -0.012292|efficiency_120_sft >= 0.016981|trix_48_sft >= 0.000938,LONG,Ret_96,264,178,1.2528,1.6827
minus_di_5_sft <= 3.44|linreg_34_sft >= 0.016606,LONG,Ret_48,254,178,1.2833,1.3783
adx_5_sft >= 39.487061|trix_24_sft >= 0.013661|slope_21_sft >= 0.002737,LONG,Ret_72,215,159,1.2747,1.3846
linreg_8_sft >= 0.01331|efficiency_13_sft >= 0.589173,LONG,Ret_96,257,181,1.3832,1.3195
efficiency_48_sft <= Close_sft|adx_144_sft >= 8.674729,LONG,Ret_96,250,151,1.2598,1.5251
efficiency_55_sft <= 0.024776|minus_di_55_sft <= 21.074759,LONG,Ret_96,212,142,1.3058,1.5224
linreg_5_sft <= ema_120_sft|aroon_34_sft >= 79.411766,LONG,Ret_96,246,161,1.253,1.4144
aroon_34_sft >= 79.411766|trix_48_sft >= -1.13,LONG,Ret_96,246,161,1.253,1.4144
plus_di_24_sft >= 24.478443|trix_13_sft >= -2.9,LONG,Ret_96,298,198,1.2893,1.6348
ema_48_sft <= 1820.151318|plus_di_55_sft >= 20.551075,LONG,Ret_96,309,33,1.2819,1.3257
slope_5_sft >= 0.207647|plus_di_8_sft >= 33.824101,LONG,Ret_96,258,189,1.268,1.3726
slope_24_sft >= 0.119522|ema_5_sft >= 1171.596338,LONG,Ret_96,213,180,1.2705,1.3523
aroon_34_sft >= -0.21|trix_24_sft <= 0.013661,LONG,Ret_96,332,204,1.2611,1.2576
minus_di_144_sft <= 24.867235|plus_di_8_sft >= 33.824101,LONG,Ret_96,290,198,1.2818,1.5856
trix_21_sft <= 0.014494|minus_di_13_sft <= 11.24466,LONG,Ret_72,234,141,1.2635,1.5238
adx_48_sft >= 14.516132|trix_89_sft <= 0.00784,LONG,Ret_96,234,126,1.2546,1.1238
plus_di_8_sft >= 26.529333|efficiency_48_sft <= 0.025721,LONG,Ret_96,210,129,1.4188,1.503
macdh_24_sft <= ema_21_sft|adx_144_sft >= 8.674729,LONG,Ret_96,250,151,1.2598,1.5251
aroon_8_sft <= -87.5|minus_di_21_sft <= 20.699945,LONG,Ret_72,248,153,1.3328,1.5459
aroon_89_sft >= -2.97|adx_34_sft <= 12.554484,LONG,Ret_48,231,154,1.3759,1.6557
efficiency_55_sft >= 0.024776|minus_di_200_sft <= 19.846724|adx_34_sft <= ema_89_sft,LONG,Ret_72,209,167,1.2967,1.3872
slope_24_sft >= -1.37|plus_di_21_sft >= 24.672607|trix_120_sft <= 0.012446,LONG,Ret_96,284,165,1.2635,1.6971
efficiency_13_sft >= 0.589173|macdh_34_sft >= 0.010231,LONG,Ret_96,253,179,1.3331,1.4048
ema_144_sft >= ema_48_sft|adx_13_sft >= 34.879591|minus_di_5_sft <= 27.848064,LONG,Ret_48,235,130,1.2564,1.1814
trix_5_sft <= 0.05361|minus_di_120_sft <= 19.36696,LONG,Ret_72,219,160,1.3092,1.626
plus_di_5_sft <= 36.880132|minus_di_34_sft <= 17.529027,LONG,Ret_72,312,205,1.2682,1.3574
plus_di_24_sft >= 24.478443|efficiency_5_sft <= ema_5_sft,LONG,Ret_96,298,198,1.2893,1.6348
slope_21_sft >= 0.002737|trix_55_sft <= 0.019001|linreg_55_sft >= 0.222012,LONG,Ret_72,233,194,1.3109,1.5245
linreg_89_sft <= ema_48_sft|minus_di_5_sft <= 3.61|macdh_48_sft >= -0.602652,LONG,Ret_48,296,199,1.266,1.2241
aroon_55_sft >= 56.363636|aroon_200_sft >= 6.82,LONG,Ret_72,210,158,1.3099,1.2636
plus_di_8_sft >= 33.824101|minus_di_21_sft >= 13.116563,LONG,Ret_96,273,185,1.2779,1.6899
adx_144_sft >= 8.674729|efficiency_8_sft >= 0.543346|linreg_13_sft <= Close_sft,LONG,Ret_96,232,135,1.2502,1.6539
aroon_24_sft <= -8.96|efficiency_120_sft >= 0.090539|aroon_200_sft >= -8.53,LONG,Ret_72,227,146,1.3216,1.0352
aroon_34_sft >= 79.411766|efficiency_21_sft <= 3.25,LONG,Ret_96,246,161,1.253,1.4144
efficiency_34_sft >= 0.282634|macdh_5_sft <= 0.001864|linreg_34_sft >= -0.231489,LONG,Ret_96,254,156,1.2597,1.5272
efficiency_120_sft <= 0.090539|slope_48_sft <= 0.091265,LONG,Ret_96,343,214,1.2652,1.3656
efficiency_8_sft <= ema_21_sft|minus_di_200_sft <= 19.846724,LONG,Ret_72,211,169,1.2897,1.357
plus_di_5_sft <= 36.880132|minus_di_200_sft <= 19.846724,LONG,Ret_72,204,163,1.3017,1.533
aroon_8_sft >= -50.0|minus_di_24_sft >= 29.113644,LONG,Ret_48,232,136,1.2514,0.9437
plus_di_8_sft >= -1.16|minus_di_120_sft <= 19.36696,LONG,Ret_72,233,173,1.3622,1.57
linreg_48_sft >= 0.013999|linreg_55_sft <= 0.011679,LONG,Ret_96,248,154,1.3103,1.5617
adx_48_sft <= 14.516132|efficiency_34_sft >= 0.282634,LONG,Ret_72,263,184,1.2557,1.7583
minus_di_48_sft >= 7.06|aroon_89_sft >= 57.303371|trix_200_sft <= 0.005868,LONG,Ret_48,224,137,1.2828,1.227
linreg_200_sft >= 0.019063|aroon_8_sft >= 87.5,LONG,Ret_72,254,186,1.331,1.5351
macdh_8_sft >= -6.65|minus_di_200_sft <= 19.846724,LONG,Ret_72,211,169,1.2897,1.3525
efficiency_200_sft >= 0.071137|linreg_8_sft <= 0.01331|adx_144_sft >= 8.674729,LONG,Ret_96,201,112,1.266,1.3728
efficiency_89_sft <= 0.01,LONG,Ret_96,261,159,1.2566,1.5276
trix_8_sft <= -0.018752|aroon_8_sft >= -50.0|adx_24_sft <= 19.813929,LONG,Ret_96,225,146,1.3423,1.6352
plus_di_89_sft >= 20.60993|adx_8_sft <= 23.855003,LONG,Ret_96,230,158,1.2679,1.3722
macdh_5_sft >= -0.410792|plus_di_24_sft >= 24.478443|aroon_120_sft <= ema_8_sft,LONG,Ret_96,297,194,1.2524,1.7684
minus_di_120_sft <= 19.36696|efficiency_13_sft <= 0.433265,LONG,Ret_72,215,166,1.4337,1.5141
plus_di_8_sft >= 33.824101|minus_di_34_sft >= 17.529027,LONG,Ret_96,227,148,1.2557,1.5328
slope_21_sft >= 0.125629|plus_di_200_sft >= 19.087056,LONG,Ret_96,224,175,1.2674,1.3775
adx_55_sft <= 18.52376|slope_21_sft >= 0.125629|adx_55_sft <= 18.52376,LONG,Ret_96,202,154,1.2761,1.5031
slope_8_sft <= 0.178176|adx_200_sft >= 10.138517|aroon_34_sft <= 58.823528,LONG,Ret_48,216,121,1.4727,1.8344
minus_di_8_sft <= 9.068035|efficiency_89_sft <= 0.178958,LONG,Ret_96,256,158,1.3328,1.4058
adx_55_sft >= 10.040038|efficiency_48_sft >= -2.39|adx_5_sft >= 64.602853,LONG,Ret_72,320,197,1.2506,1.1193
plus_di_24_sft >= 24.478443|efficiency_34_sft >= -1.67,LONG,Ret_96,298,198,1.2893,1.6348
plus_di_8_sft >= 33.824101|slope_200_sft <= 0.047973,LONG,Ret_96,274,168,1.3435,1.6243
minus_di_5_sft <= 6.560701|aroon_24_sft >= 83.333336|slope_5_sft >= 0.095965,LONG,Ret_72,240,167,1.3131,1.5775
macdh_13_sft <= -0.00398|minus_di_5_sft <= 27.848064|minus_di_55_sft <= 21.074759,LONG,Ret_96,279,194,1.2529,1.5252
minus_di_144_sft <= 19.549842|macdh_144_sft >= -0.185443,LONG,Ret_72,221,159,1.2896,1.4432
trix_89_sft >= 0.00102|plus_di_13_sft >= 19.937256,LONG,Ret_96,232,158,1.2542,1.586
trix_8_sft >= -1.01|adx_200_sft >= 10.138517,LONG,Ret_48,228,137,1.3301,1.841
minus_di_120_sft <= 19.36696|efficiency_5_sft <= 0.42897,LONG,Ret_72,216,162,1.3017,1.6
plus_di_24_sft >= 24.478443|linreg_200_sft >= -0.202539,LONG,Ret_96,280,176,1.2908,1.4918
slope_48_sft <= 0.091265|slope_21_sft >= 0.125629,LONG,Ret_72,232,177,1.2794,1.3754
efficiency_13_sft <= 0.589173|adx_200_sft >= 8.55,LONG,Ret_72,243,137,1.2702,1.3718
plus_di_21_sft >= 24.672607|ema_144_sft >= ema_144_sft|linreg_34_sft >= -0.231489,LONG,Ret_96,304,200,1.2686,1.6423
macdh_13_sft >= -0.81973|minus_di_21_sft >= 29.617799,LONG,Ret_72,241,99,1.2644,1.1359
slope_24_sft >= -9.51|plus_di_24_sft >= 24.478443|plus_di_120_sft >= 1.99,LONG,Ret_96,298,198,1.2893,1.6348
macdh_21_sft >= 0.36775|aroon_13_sft <= 53.846153,LONG,Ret_96,301,225,1.3322,1.2313
efficiency_21_sft >= 0.484428|plus_di_8_sft >= 8.877579|linreg_55_sft >= 0.011679,LONG,Ret_72,222,160,1.2502,1.3206
macdh_55_sft >= -6.78|linreg_13_sft >= -0.779809|minus_di_120_sft <= 19.36696,LONG,Ret_72,232,171,1.3562,1.5864
slope_120_sft >= 0.002734|trix_120_sft <= 0.006981,LONG,Ret_96,243,132,1.2651,1.4698
linreg_89_sft <= 0.374144|plus_di_24_sft >= 20.302818|slope_13_sft >= -0.063572,LONG,Ret_96,359,210,1.2983,1.5012
efficiency_8_sft <= 0.543346|minus_di_55_sft <= 18.373706|trix_21_sft <= ema_13_sft,LONG,Ret_72,282,187,1.3011,1.5751
adx_144_sft >= 8.674729|adx_144_sft <= ema_24_sft,LONG,Ret_96,250,151,1.2598,1.5251
slope_34_sft >= 0.049592|macdh_24_sft <= 0.356385|macdh_34_sft >= -7.6,LONG,Ret_72,260,168,1.3214,1.1687
adx_200_sft >= 7.34|linreg_34_sft >= 0.016606,LONG,Ret_96,217,131,1.3868,1.3043
slope_8_sft >= 0.083389|efficiency_13_sft >= 0.589173,LONG,Ret_96,236,170,1.2769,1.3785
minus_di_120_sft <= 19.36696|slope_200_sft <= ema_200_sft|ema_21_sft <= 1821.49585,LONG,Ret_72,213,31,1.4197,1.6556
adx_200_sft >= 10.138517|plus_di_21_sft <= ema_21_sft,LONG,Ret_48,228,137,1.3301,1.841
slope_120_sft >= 0.002734|ema_34_sft >= -0.51|ema_13_sft <= 1651.514709,LONG,Ret_96,242,3,1.2565,61526649.2088
adx_200_sft >= 7.534551|adx_5_sft <= 39.487061,LONG,Ret_96,222,127,1.2718,1.351
efficiency_34_sft >= 0.077306|minus_di_144_sft <= 19.549842,LONG,Ret_72,222,167,1.2635,1.4643
plus_di_89_sft <= ema_89_sft|minus_di_120_sft <= 19.36696,LONG,Ret_72,233,173,1.3622,1.57
plus_di_21_sft >= 24.672607|plus_di_48_sft >= 20.502817,LONG,Ret_96,297,205,1.282,1.5415
slope_55_sft >= 0.0022|macdh_21_sft <= 0.36775,LONG,Ret_96,325,198,1.2763,1.6269
efficiency_200_sft <= 0.120431|linreg_89_sft <= 0.180637|linreg_48_sft >= 0.23,LONG,Ret_48,226,169,1.2555,1.5141
aroon_8_sft >= -50.0|aroon_21_sft <= -80.952377|slope_144_sft <= 0.002821,LONG,Ret_96,207,111,1.2884,0.8994
plus_di_21_sft >= 24.672607|minus_di_48_sft <= Close_sft,LONG,Ret_96,306,207,1.2658,1.5851
minus_di_89_sft <= 19.024384|slope_120_sft <= 0.060953,LONG,Ret_72,238,141,1.322,1.8599
efficiency_13_sft >= 0.589173|slope_34_sft >= 0.002637,LONG,Ret_96,243,173,1.3714,1.6157
minus_di_24_sft <= 16.763711|slope_34_sft <= 0.049592|linreg_24_sft <= 2.22,LONG,Ret_96,225,129,1.2543,1.5535
macdh_13_sft <= -0.387447|minus_di_21_sft <= 20.699945,LONG,Ret_72,267,225,1.3354,1.2739
efficiency_8_sft <= ema_144_sft|adx_200_sft >= 10.138517,LONG,Ret_48,228,137,1.3301,1.841
adx_8_sft <= 18.754478|ema_120_sft <= ema_5_sft,LONG,Ret_72,203,142,1.2869,1.5779
ema_144_sft >= -8.64|ema_24_sft <= 1821.353101|linreg_89_sft <= 0.007437,LONG,Ret_96,286,33,1.2724,1.4011
adx_144_sft >= 8.674729|minus_di_55_sft <= 26.68474|linreg_13_sft <= ema_48_sft,LONG,Ret_96,242,148,1.2719,1.5138
linreg_200_sft >= 0.019063|minus_di_120_sft >= 1.75|linreg_48_sft >= 0.013999,LONG,Ret_96,228,154,1.2828,1.494
slope_200_sft <= ema_200_sft|aroon_34_sft >= 79.411766,LONG,Ret_96,246,161,1.253,1.4144
linreg_48_sft >= 0.232999|aroon_5_sft >= 100.0|efficiency_55_sft >= -8.23,LONG,Ret_72,218,202,1.3301,1.2228
plus_di_21_sft >= 20.270658|efficiency_48_sft <= 0.065908,LONG,Ret_96,295,193,1.2856,1.3751
aroon_34_sft >= 79.411766|linreg_48_sft <= ema_55_sft,LONG,Ret_96,246,161,1.253,1.4144
minus_di_200_sft <= 22.809317|efficiency_21_sft <= 0.039904,LONG,Ret_96,296,196,1.2679,1.5333
linreg_8_sft <= ema_55_sft|adx_200_sft >= 10.138517,LONG,Ret_48,228,137,1.3301,1.841
minus_di_200_sft <= 19.846724|minus_di_13_sft <= 25.958656,LONG,Ret_72,209,169,1.2682,1.3294
plus_di_34_sft >= 16.980412|plus_di_24_sft >= 24.478443,LONG,Ret_96,298,198,1.2893,1.6348
trix_48_sft >= 0.000938|minus_di_120_sft <= 19.36696,LONG,Ret_72,217,153,1.4421,1.6552
adx_8_sft <= Close_sft|ema_48_sft <= ema_13_sft|minus_di_200_sft <= 19.846724,LONG,Ret_72,200,160,1.2933,1.4405
minus_di_200_sft >= -6.88|macdh_13_sft <= -0.00398|plus_di_21_sft >= 24.672607,LONG,Ret_72,257,167,1.287,1.4477
plus_di_21_sft >= 24.672607|aroon_89_sft >= -77.528091,LONG,Ret_96,298,205,1.327,1.516
efficiency_13_sft >= -0.87|adx_200_sft >= 10.138517,LONG,Ret_48,228,137,1.3301,1.841
trix_13_sft <= 0.017071|slope_24_sft <= 0.056331|plus_di_34_sft >= 24.021143,LONG,Ret_72,202,111,1.3592,1.6075
aroon_48_sft >= 56.25|linreg_89_sft <= 0.374144,LONG,Ret_72,306,171,1.3533,1.5264
efficiency_13_sft <= 0.433265|plus_di_21_sft >= 20.270658|trix_48_sft >= 0.000938,LONG,Ret_96,241,167,1.3521,1.5703
linreg_200_sft >= -7.09|aroon_34_sft >= 79.411766|plus_di_8_sft <= ema_21_sft,LONG,Ret_96,246,161,1.253,1.4144
slope_21_sft >= 0.002737|minus_di_144_sft <= 21.195539|macdh_120_sft <= 0.210833,LONG,Ret_96,221,135,1.2612,1.8111
trix_24_sft <= 0.013661|minus_di_48_sft <= 18.148701,LONG,Ret_72,227,144,1.3025,1.3223
macdh_48_sft >= -0.280099|efficiency_8_sft >= 0.543346|adx_48_sft <= 14.516132,LONG,Ret_96,243,167,1.2598,1.2946
ema_200_sft <= ema_5_sft|ema_21_sft <= 1650.788635,LONG,Ret_96,231,3,1.2821,57069014.2654
ema_48_sft >= ema_8_sft|plus_di_34_sft >= 20.409904,LONG,Ret_96,235,140,1.2789,1.381
plus_di_13_sft >= 1.45|aroon_48_sft <= -50.0|adx_8_sft <= 23.855003,LONG,Ret_72,203,128,1.2948,1.9656
macdh_5_sft <= ema_13_sft|plus_di_21_sft >= 24.672607,LONG,Ret_96,306,207,1.2658,1.5851
minus_di_5_sft <= Close_sft|adx_144_sft >= 8.674729,LONG,Ret_96,250,151,1.2598,1.5251
minus_di_120_sft >= 17.654225|minus_di_8_sft <= 9.068035,LONG,Ret_96,250,165,1.3024,1.4263
ema_144_sft >= 8.71|minus_di_48_sft <= 18.148701|trix_8_sft <= 0.020827,LONG,Ret_96,202,128,1.3634,1.6099
slope_55_sft >= 0.0022|minus_di_5_sft <= 9.57|aroon_55_sft <= -2.52,LONG,Ret_96,234,138,1.3094,1.2794
minus_di_200_sft <= 19.846724|macdh_144_sft <= ema_34_sft,LONG,Ret_72,211,169,1.2897,1.357
linreg_55_sft >= 0.222012|linreg_144_sft <= 0.288994,LONG,Ret_72,239,160,1.4109,1.4192
trix_8_sft <= ema_13_sft|minus_di_200_sft <= 19.846724,LONG,Ret_72,211,169,1.2897,1.357
efficiency_200_sft >= 0.120431|slope_8_sft <= 0.002395,LONG,Ret_72,225,152,1.3551,1.5638
adx_200_sft <= 13.012462|aroon_34_sft >= 79.411766,LONG,Ret_96,228,149,1.2682,1.3869
minus_di_120_sft <= 19.36696|linreg_21_sft <= ema_21_sft,LONG,Ret_72,233,173,1.3622,1.57
linreg_144_sft <= 0.147297|linreg_48_sft <= ema_48_sft|linreg_5_sft >= 0.57255,LONG,Ret_96,335,182,1.2647,1.4046
aroon_200_sft <= 57.0|trix_55_sft >= 0.00109,LONG,Ret_48,327,183,1.2679,1.6179
minus_di_13_sft <= 11.24466|adx_89_sft >= 6.82,LONG,Ret_72,255,179,1.2737,1.2676
plus_di_24_sft >= 24.478443|aroon_8_sft <= ema_144_sft,LONG,Ret_96,298,198,1.2893,1.6348
plus_di_24_sft >= 24.478443|minus_di_200_sft <= ema_34_sft,LONG,Ret_96,298,198,1.2893,1.6348
efficiency_13_sft >= 0.589173|minus_di_34_sft <= ema_55_sft|aroon_8_sft >= 0.0,LONG,Ret_96,256,180,1.4879,1.3871
trix_24_sft >= 0.000709|minus_di_24_sft <= 16.763711|macdh_89_sft >= -0.466755,LONG,Ret_72,316,213,1.2503,1.2656
plus_di_24_sft >= 24.478443|linreg_144_sft >= 0.017682,LONG,Ret_96,208,139,1.3445,1.9578
adx_200_sft >= 10.138517|adx_48_sft >= 8.392473,LONG,Ret_48,221,134,1.2878,1.7767
aroon_120_sft <= 6.0|plus_di_5_sft <= 5.5,LONG,Ret_96,203,114,1.3963,1.2472
aroon_24_sft >= 83.333336|trix_21_sft >= 0.014494,LONG,Ret_48,216,185,1.3771,1.2482
plus_di_48_sft >= 20.502817|adx_48_sft >= 8.392473,LONG,Ret_96,320,214,1.3351,1.593
efficiency_8_sft <= 0.543346|plus_di_8_sft >= 33.824101|aroon_144_sft <= ema_89_sft,LONG,Ret_96,258,169,1.2889,1.4721
trix_89_sft >= 0.00102|aroon_24_sft <= ema_89_sft|ema_8_sft >= ema_24_sft,LONG,Ret_96,222,153,1.267,1.4485
aroon_34_sft <= ema_5_sft|aroon_34_sft >= 79.411766|macdh_55_sft >= -0.263827,LONG,Ret_96,245,159,1.2585,1.4125
macdh_144_sft >= 0.198633|macdh_13_sft <= 0.396837,LONG,Ret_96,206,159,1.2623,1.6249
macdh_48_sft >= 0.282632|plus_di_8_sft >= 33.824101,LONG,Ret_96,237,179,1.2908,1.5364
minus_di_5_sft <= 6.560701|slope_200_sft <= 0.024596,LONG,Ret_96,249,128,1.2941,1.5109
trix_24_sft <= 0.000709|trix_200_sft <= 0.000442,LONG,Ret_72,217,110,1.275,1.2082
plus_di_5_sft <= 18.701385|plus_di_21_sft >= 20.270658,LONG,Ret_96,308,203,1.2569,1.3316
aroon_144_sft <= ema_8_sft|minus_di_120_sft <= 19.36696|aroon_5_sft <= 100.0,LONG,Ret_72,233,173,1.3622,1.57
aroon_48_sft >= 56.25|aroon_13_sft >= 84.615387,LONG,Ret_72,227,154,1.2695,2.006
trix_13_sft <= ema_8_sft|plus_di_200_sft >= 17.951158|slope_21_sft >= 0.125629,LONG,Ret_96,239,183,1.2761,1.3586
adx_5_sft >= 64.602853|minus_di_200_sft <= 22.809317,LONG,Ret_72,289,197,1.2646,1.3056
macdh_8_sft <= -0.002172|minus_di_5_sft >= -3.02|adx_144_sft >= 8.674729,LONG,Ret_96,233,138,1.2673,1.4286
minus_di_120_sft <= 19.36696|minus_di_21_sft <= 25.169423|efficiency_48_sft <= 8.91,LONG,Ret_72,232,173,1.3553,1.57
adx_48_sft >= 14.516132|minus_di_120_sft <= 23.144876|slope_8_sft <= ema_89_sft,LONG,Ret_96,245,156,1.2569,1.3676
adx_144_sft >= 8.674729|slope_144_sft <= ema_89_sft|linreg_5_sft <= ema_48_sft,LONG,Ret_96,250,151,1.2598,1.5251
slope_120_sft >= -0.052634|plus_di_21_sft >= 24.672607|linreg_34_sft <= ema_48_sft,LONG,Ret_96,304,206,1.2777,1.5723
linreg_89_sft <= ema_34_sft|aroon_34_sft >= 79.411766,LONG,Ret_96,246,161,1.253,1.4144
minus_di_5_sft <= 6.560701|linreg_5_sft <= 0.57255,LONG,Ret_96,237,132,1.3012,1.3102
efficiency_21_sft >= 0.484428|aroon_89_sft >= 2.247191|efficiency_55_sft >= 0.024776,LONG,Ret_72,225,147,1.2531,1.3471
efficiency_144_sft <= ema_13_sft|plus_di_21_sft >= 24.672607,LONG,Ret_96,306,207,1.2658,1.5851
adx_8_sft <= 18.754478|minus_di_24_sft <= 20.769451,LONG,Ret_72,260,185,1.3171,1.4892
plus_di_24_sft >= 24.478443|slope_144_sft <= ema_13_sft,LONG,Ret_96,298,198,1.2893,1.6348
ema_13_sft <= 1821.289453|trix_24_sft <= 0.000709|aroon_8_sft >= 62.5,LONG,Ret_96,271,31,1.2503,1.8186
macdh_34_sft >= -0.67821|adx_48_sft <= 14.516132|ema_8_sft <= 1651.191833,LONG,Ret_96,209,5,1.3206,5.25
efficiency_5_sft >= 0.685103|trix_55_sft <= 0.00109|efficiency_34_sft >= 0.167678,LONG,Ret_96,235,142,1.302,1.3522
plus_di_21_sft >= 24.672607|trix_21_sft >= -0.026271|linreg_5_sft >= -1.229,LONG,Ret_96,303,206,1.2807,1.5783
trix_55_sft >= 0.00109|ema_5_sft <= 1821.612354,LONG,Ret_72,304,31,1.2865,1.6891
linreg_89_sft <= 0.374144|slope_24_sft >= 0.119522,LONG,Ret_96,224,156,1.2843,1.5104
plus_di_34_sft >= 14.262314|adx_200_sft >= 10.138517,LONG,Ret_48,224,135,1.2814,1.7743
adx_55_sft >= 13.603822|minus_di_120_sft <= 23.144876,LONG,Ret_96,230,148,1.3118,1.377
plus_di_24_sft <= ema_13_sft|minus_di_13_sft <= 15.19733|linreg_21_sft <= 0.015578,LONG,Ret_72,209,119,1.2639,1.7269
aroon_55_sft >= 5.454545|trix_21_sft <= ema_48_sft|adx_21_sft >= 21.016172,LONG,Ret_72,280,188,1.2939,1.4095
minus_di_34_sft <= 17.529027|minus_di_120_sft <= 19.36696,LONG,Ret_72,208,155,1.3114,1.4679
slope_120_sft <= 0.060953|plus_di_8_sft >= 33.824101|linreg_5_sft <= 1.30268,LONG,Ret_96,232,98,1.2934,1.6513
adx_13_sft >= 4.4|linreg_5_sft <= 0.57255|adx_200_sft >= 10.138517,LONG,Ret_48,225,131,1.2517,1.8484
efficiency_55_sft >= 0.133579|aroon_24_sft >= 83.333336,LONG,Ret_96,213,150,1.2604,1.9209
slope_5_sft >= 0.095965|adx_8_sft >= 42.556431,LONG,Ret_96,267,175,1.2757,1.6455
minus_di_120_sft <= 19.36696|plus_di_34_sft <= ema_5_sft,LONG,Ret_72,233,173,1.3622,1.57
aroon_144_sft >= -79.166664|macdh_48_sft <= 0.601385|minus_di_48_sft <= 18.148701,LONG,Ret_72,282,163,1.2601,1.5363
adx_48_sft <= 19.71399|plus_di_8_sft >= 33.824101|efficiency_21_sft <= 3.11,LONG,Ret_96,253,173,1.3928,1.4997
adx_144_sft >= 8.674729|minus_di_5_sft <= ema_48_sft,LONG,Ret_96,250,151,1.2598,1.5251
plus_di_144_sft <= 22.454097|minus_di_8_sft <= 9.068035,LONG,Ret_96,202,129,1.3194,1.1741
plus_di_34_sft >= 20.409904|adx_24_sft <= 27.124339|aroon_34_sft >= -7.34,LONG,Ret_96,321,205,1.3127,1.4944
plus_di_21_sft >= 24.672607|efficiency_55_sft <= ema_48_sft,LONG,Ret_96,306,207,1.2658,1.5851
minus_di_5_sft <= 36.897367|efficiency_21_sft >= 0.484428,LONG,Ret_72,327,218,1.2502,1.3308
plus_di_48_sft >= 20.502817|slope_24_sft <= 0.119522|trix_48_sft >= 0.000938,LONG,Ret_96,247,164,1.2702,1.7946
ema_13_sft <= 1821.289453|plus_di_8_sft >= 33.824101,LONG,Ret_96,272,32,1.2711,1.8105
linreg_200_sft >= 0.019063|macdh_200_sft <= 0.169522,LONG,Ret_96,212,126,1.2545,1.4313
plus_di_24_sft >= 20.302818|efficiency_21_sft <= 0.099101,LONG,Ret_96,322,206,1.2739,1.9063
adx_34_sft <= 23.154034|plus_di_13_sft >= 25.549025,LONG,Ret_96,303,203,1.2788,1.6187
adx_89_sft >= 6.157318|minus_di_120_sft <= 19.36696,LONG,Ret_72,223,169,1.338,1.479
plus_di_21_sft >= 16.055331|aroon_34_sft >= 79.411766|slope_48_sft >= -0.038021,LONG,Ret_96,245,160,1.2755,1.5649
trix_200_sft <= 0.000442|slope_144_sft <= 0.002821,LONG,Ret_72,244,118,1.3387,1.2297
slope_13_sft >= 0.1502|plus_di_89_sft >= 18.382777,LONG,Ret_96,259,192,1.3133,1.2365
adx_5_sft <= ema_48_sft|adx_200_sft >= 10.138517,LONG,Ret_48,228,137,1.3301,1.841
plus_di_55_sft >= 17.756641|plus_di_24_sft >= 24.478443,LONG,Ret_96,298,198,1.2893,1.6348
efficiency_48_sft >= 0.025721|adx_8_sft >= 31.781301|macdh_144_sft >= 0.198633,LONG,Ret_96,204,159,1.2648,1.7941
adx_200_sft >= 9.58|linreg_24_sft <= 0.305797,LONG,Ret_48,249,138,1.28,1.3733
ema_55_sft <= 1646.929871|efficiency_89_sft <= 0.018904|plus_di_8_sft >= 8.877579,LONG,Ret_72,231,2,1.3801,43914411.9453
plus_di_48_sft >= 20.502817|efficiency_89_sft <= 0.018904,LONG,Ret_96,206,127,1.3536,1.4694
macdh_5_sft <= 4.95|plus_di_21_sft >= 24.672607,LONG,Ret_96,306,204,1.2666,1.7454
linreg_89_sft >= -0.316671|plus_di_24_sft >= 20.302818|minus_di_144_sft >= 21.195539,LONG,Ret_96,210,106,1.2629,1.2591
plus_di_24_sft <= 28.859135|minus_di_24_sft <= 16.763711,LONG,Ret_72,330,227,1.2643,1.13
adx_89_sft >= 6.157318|ema_34_sft >= ema_144_sft,LONG,Ret_96,275,185,1.2664,1.9893
efficiency_89_sft <= 0.049564|aroon_13_sft >= -9.9|macdh_21_sft <= 0.770179,LONG,Ret_72,327,192,1.2539,1.4443
minus_di_48_sft <= 18.148701|slope_21_sft <= 7.06|macdh_8_sft <= -0.002172,LONG,Ret_72,243,167,1.3452,1.462
efficiency_120_sft <= 0.223038|adx_200_sft >= 10.138517,LONG,Ret_48,216,127,1.4149,1.7205
plus_di_21_sft >= 24.672607|trix_48_sft >= -9.47,LONG,Ret_96,306,207,1.2658,1.5851
minus_di_5_sft <= 6.560701|macdh_48_sft >= 0.282632|minus_di_5_sft <= ema_120_sft,LONG,Ret_96,241,181,1.3065,1.4014
minus_di_5_sft <= ema_24_sft|ema_24_sft >= ema_120_sft|aroon_8_sft >= 87.5,LONG,Ret_72,295,205,1.3237,1.7298
linreg_200_sft >= 0.019063|ema_21_sft <= 1821.49585|macdh_21_sft <= 0.36775,LONG,Ret_96,229,21,1.2569,2.0278
efficiency_144_sft <= 5.36|trix_200_sft <= ema_55_sft|aroon_34_sft >= 79.411766,LONG,Ret_96,246,161,1.253,1.4144
ema_200_sft <= ema_5_sft|ema_21_sft <= 1650.788635|trix_89_sft <= ema_24_sft,LONG,Ret_96,231,3,1.2821,57069014.2654
adx_144_sft >= 8.674729|slope_5_sft <= ema_8_sft|plus_di_5_sft <= 36.880132,LONG,Ret_96,250,150,1.2878,1.5599
aroon_5_sft <= ema_120_sft|plus_di_24_sft >= 24.478443,LONG,Ret_96,298,198,1.2893,1.6348
adx_8_sft >= 42.556431|minus_di_55_sft <= 21.074759,LONG,Ret_96,234,154,1.2531,1.9389
plus_di_24_sft >= 24.478443|efficiency_5_sft <= 0.894355,LONG,Ret_96,292,196,1.2634,1.5999
aroon_34_sft >= 79.411766|ema_89_sft <= ema_34_sft,LONG,Ret_48,275,193,1.2706,1.5079
minus_di_144_sft <= 19.549842|adx_8_sft <= 54.081817|macdh_24_sft <= ema_24_sft,LONG,Ret_72,214,162,1.2748,1.5468
ema_8_sft <= 1821.299512|linreg_89_sft <= 0.007437,LONG,Ret_96,287,34,1.2633,1.2787
slope_21_sft >= -0.114631|adx_200_sft >= 10.138517,LONG,Ret_48,225,133,1.2858,1.8427
adx_200_sft >= 7.534551|trix_5_sft <= 0.024925|plus_di_13_sft >= 19.937256,LONG,Ret_72,256,145,1.28,1.2804
adx_144_sft >= 8.674729|macdh_5_sft >= -3.22,LONG,Ret_96,250,150,1.2613,1.6179
minus_di_5_sft <= 6.560701|macdh_13_sft <= 0.396837,LONG,Ret_72,227,99,1.3921,1.8513
plus_di_21_sft >= 24.672607|ema_55_sft <= 1819.651587|efficiency_89_sft <= 5.89,LONG,Ret_96,281,28,1.3984,2.2341
minus_di_200_sft <= 19.846724|plus_di_5_sft <= ema_13_sft,LONG,Ret_72,211,169,1.2897,1.357
linreg_24_sft <= ema_5_sft|plus_di_21_sft >= 24.672607,LONG,Ret_96,306,207,1.2658,1.5851
ema_200_sft <= 1820.673877|trix_34_sft >= 0.000779,LONG,Ret_72,337,33,1.2506,1.8526
slope_55_sft <= 0.08611|minus_di_13_sft <= 11.24466,LONG,Ret_96,217,116,1.371,1.6044
adx_200_sft >= 10.138517|aroon_21_sft <= 80.952377,LONG,Ret_48,228,134,1.3139,1.8028
aroon_144_sft <= -5.68|adx_5_sft <= 29.65864,LONG,Ret_96,226,137,1.2777,1.4003
slope_120_sft >= 0.002734|ema_24_sft <= 1650.49292,LONG,Ret_96,242,3,1.2565,61526649.2088
slope_24_sft >= 0.119522|efficiency_34_sft >= 0.029889|linreg_120_sft <= Close_sft,LONG,Ret_96,228,180,1.2831,1.3485
linreg_55_sft >= 0.222012|adx_120_sft >= -3.86|ema_21_sft <= 1821.49585,LONG,Ret_72,243,29,1.3363,2.3157
plus_di_120_sft <= 20.616291|macdh_5_sft >= 0.872804|linreg_8_sft <= ema_200_sft,LONG,Ret_48,256,227,1.2801,1.0653
minus_di_55_sft <= 21.074759|adx_200_sft >= 7.534551,LONG,Ret_72,221,131,1.4361,1.4488
plus_di_55_sft >= 17.756641|adx_200_sft >= 7.534551,LONG,Ret_96,215,127,1.2555,1.6632
efficiency_5_sft >= 0.894355|slope_5_sft >= -0.196958|plus_di_144_sft >= 22.454097,LONG,Ret_48,221,161,1.2584,1.2683
minus_di_144_sft <= 19.549842|aroon_8_sft >= -50.0|ema_21_sft >= -1.02,LONG,Ret_72,225,169,1.2636,1.3844
minus_di_24_sft >= 9.25|aroon_48_sft >= -50.0|adx_144_sft >= 8.674729,LONG,Ret_96,238,138,1.3154,1.4144
plus_di_24_sft >= 24.478443|efficiency_13_sft <= ema_89_sft,LONG,Ret_96,298,198,1.2893,1.6348
plus_di_48_sft >= 17.550961|efficiency_5_sft <= 0.083704,LONG,Ret_96,351,226,1.2562,1.4452
aroon_48_sft >= 56.25|ema_200_sft <= 1820.673877,LONG,Ret_96,251,21,1.3315,2.1834
linreg_55_sft <= 0.222012|minus_di_34_sft <= 17.529027|adx_120_sft <= 17.005292,LONG,Ret_72,238,120,1.3184,1.3672
ema_48_sft <= 1647.476746|plus_di_144_sft >= 20.597851,LONG,Ret_96,243,3,1.2894,39462129.6283
plus_di_24_sft >= 24.478443|minus_di_200_sft >= -2.25,LONG,Ret_96,298,198,1.2893,1.6348
minus_di_13_sft <= ema_200_sft|plus_di_24_sft >= 24.478443|efficiency_144_sft <= 4.8,LONG,Ret_96,298,198,1.2893,1.6348
efficiency_13_sft <= ema_8_sft|plus_di_24_sft >= 24.478443,LONG,Ret_96,298,198,1.2893,1.6348
efficiency_48_sft >= 0.142178|adx_48_sft >= 14.516132|ema_24_sft <= 1650.49292,LONG,Ret_96,218,2,1.2669,16.8802
minus_di_120_sft <= 19.36696|minus_di_8_sft <= 13.611489,LONG,Ret_72,213,158,1.3145,1.5718
trix_24_sft <= ema_34_sft|aroon_48_sft <= ema_48_sft|plus_di_21_sft >= 24.672607,LONG,Ret_96,306,207,1.2658,1.5851
trix_34_sft >= -8.64|efficiency_8_sft <= 0.725035|minus_di_24_sft >= 29.113644,LONG,Ret_72,248,136,1.2956,0.8168
minus_di_120_sft <= 19.36696|efficiency_21_sft >= 0.039904,LONG,Ret_72,233,168,1.3385,1.6567
adx_144_sft >= 8.674729|plus_di_21_sft <= ema_120_sft,LONG,Ret_96,250,151,1.2598,1.5251
efficiency_55_sft <= 0.024776|trix_5_sft >= -0.022608|minus_di_55_sft <= 21.074759,LONG,Ret_96,204,135,1.2989,1.5746
adx_21_sft <= 28.71629|plus_di_21_sft >= 24.672607,LONG,Ret_96,288,198,1.2891,1.6388
linreg_34_sft >= -0.508917|adx_144_sft >= 8.674729,LONG,Ret_96,246,142,1.2717,1.5386
aroon_13_sft >= 53.846153|efficiency_8_sft >= 0.725035|adx_89_sft >= 6.157318,LONG,Ret_96,244,166,1.4436,1.6512
slope_55_sft >= -6.37|plus_di_21_sft >= 24.672607,LONG,Ret_96,306,207,1.2658,1.5851
minus_di_34_sft <= 17.529027|plus_di_5_sft <= 36.880132,LONG,Ret_72,312,205,1.2682,1.3574
minus_di_13_sft >= -0.37|adx_144_sft >= 8.674729|macdh_200_sft <= ema_8_sft,LONG,Ret_96,250,151,1.2598,1.5251
efficiency_55_sft <= 6.32|efficiency_48_sft <= 0.142178|plus_di_34_sft >= 24.021143,LONG,Ret_96,213,145,1.3428,1.6657
aroon_120_sft >= -55.833332|aroon_13_sft <= 84.615387|plus_di_34_sft >= 20.409904,LONG,Ret_96,323,209,1.2623,1.6085
plus_di_144_sft <= ema_21_sft|minus_di_200_sft <= 19.846724,LONG,Ret_72,211,169,1.2897,1.357
adx_200_sft >= 10.138517|efficiency_13_sft >= 0.123341,LONG,Ret_48,227,137,1.2684,1.8132
adx_5_sft <= 51.964844|minus_di_48_sft <= 18.148701|minus_di_5_sft >= 6.560701,LONG,Ret_72,268,174,1.2712,1.4855
aroon_34_sft >= 79.411766|linreg_89_sft <= ema_89_sft,LONG,Ret_96,246,161,1.253,1.4144
minus_di_5_sft <= 4.71|linreg_13_sft <= 3.35,LONG,Ret_96,260,155,1.2725,1.4961
minus_di_144_sft <= 23.01281|adx_21_sft >= 28.71629|minus_di_8_sft <= 19.812439,LONG,Ret_72,204,133,1.3752,1.2579
plus_di_8_sft >= 33.824101|aroon_21_sft >= 4.761905,LONG,Ret_96,288,196,1.264,1.5101
plus_di_24_sft >= 24.478443|minus_di_8_sft <= ema_21_sft,LONG,Ret_96,298,198,1.2893,1.6348
minus_di_5_sft <= 5.7|ema_13_sft <= 1821.289453,LONG,Ret_96,262,30,1.282,1.755
adx_200_sft >= 7.534551|slope_89_sft >= -0.029242,LONG,Ret_72,275,153,1.2721,1.3923
plus_di_13_sft >= 25.549025|plus_di_24_sft >= 24.478443,LONG,Ret_96,294,195,1.2915,1.6019
trix_48_sft <= 0.020359|plus_di_8_sft >= 33.824101,LONG,Ret_96,280,181,1.3019,1.7547
linreg_24_sft >= 0.305797|adx_8_sft >= 42.556431|slope_24_sft >= 0.056331,LONG,Ret_96,219,154,1.2627,1.7667
minus_di_55_sft >= -4.54|minus_di_200_sft <= 19.846724,LONG,Ret_72,211,169,1.2897,1.357
trix_5_sft >= -0.04967|adx_144_sft >= 8.674729|adx_34_sft >= 12.554484,LONG,Ret_96,233,138,1.2764,1.6379
trix_21_sft >= -0.012292|efficiency_55_sft >= 0.227701|trix_5_sft <= 0.024925,LONG,Ret_48,291,186,1.2564,1.2
slope_120_sft >= 0.002734|ema_89_sft <= 1641.957336,LONG,Ret_96,242,3,1.2565,82125624.9188
minus_di_120_sft <= 19.36696|ema_144_sft >= 5.5,LONG,Ret_72,233,173,1.3622,1.57
linreg_120_sft <= 0.162486|aroon_200_sft >= 9.6,LONG,Ret_96,218,110,1.2504,1.2303
plus_di_21_sft >= 12.747228|ema_24_sft <= 1821.353101|plus_di_13_sft >= 25.549025,LONG,Ret_96,316,34,1.2683,1.689
minus_di_200_sft <= 19.846724|adx_13_sft <= Close_sft,LONG,Ret_72,211,169,1.2897,1.357
linreg_89_sft >= -0.147821|adx_24_sft <= ema_48_sft|adx_8_sft <= 18.754478,LONG,Ret_72,278,170,1.2649,1.6649
efficiency_13_sft >= 0.589173|aroon_8_sft >= 62.5,LONG,Ret_96,237,168,1.3901,1.1776
efficiency_5_sft >= 0.42897|adx_200_sft >= 10.138517,LONG,Ret_48,223,134,1.4371,1.6091
aroon_34_sft >= 79.411766|linreg_34_sft <= 8.38,LONG,Ret_96,246,161,1.253,1.3398
minus_di_24_sft <= 16.763711|trix_34_sft >= 0.000779,LONG,Ret_48,374,246,1.2556,1.4744
efficiency_21_sft >= 0.484428|linreg_55_sft >= -0.404098,LONG,Ret_72,351,205,1.2547,1.1741
efficiency_89_sft <= 0.049564|ema_34_sft <= 1648.629395,LONG,Ret_96,230,3,1.3107,58876601.8597
efficiency_5_sft >= 0.894355|macdh_21_sft >= 0.004786,LONG,Ret_96,317,205,1.2762,1.189
adx_89_sft >= 3.4|adx_200_sft >= 10.138517|adx_200_sft >= -7.88,LONG,Ret_48,228,137,1.3301,1.841
minus_di_120_sft <= 19.36696|macdh_8_sft <= -0.002172,LONG,Ret_48,263,198,1.2898,1.3458
trix_89_sft <= 0.014481|adx_5_sft <= 39.487061|slope_89_sft >= 0.002437,LONG,Ret_96,276,172,1.2791,1.6053
plus_di_55_sft >= 17.756641|efficiency_21_sft >= 0.351036,LONG,Ret_72,402,264,1.2528,1.405
trix_5_sft >= 0.000867|ema_8_sft <= 1821.299512|plus_di_24_sft >= 24.478443,LONG,Ret_96,270,26,1.2861,2.4068
plus_di_5_sft <= ema_144_sft|minus_di_120_sft <= 19.36696,LONG,Ret_72,233,173,1.3622,1.57
ema_144_sft >= 0.53|plus_di_8_sft >= 33.824101|adx_144_sft <= 15.455651,LONG,Ret_96,272,183,1.2669,1.5673
macdh_24_sft >= -0.349489|adx_200_sft >= 10.138517,LONG,Ret_48,216,123,1.2508,1.7648
ema_5_sft <= 1821.612354|ema_24_sft >= ema_200_sft,LONG,Ret_72,341,29,1.2607,1.5787
efficiency_89_sft >= 0.178958|minus_di_200_sft <= 22.809317|efficiency_89_sft <= ema_13_sft,LONG,Ret_96,219,151,1.2759,1.4379
linreg_89_sft <= 0.180637|plus_di_34_sft >= 24.021143|minus_di_120_sft >= -9.7,LONG,Ret_96,235,133,1.251,1.7794
minus_di_21_sft <= 20.699945|minus_di_144_sft <= 19.549842,LONG,Ret_72,219,166,1.2536,1.4466
macdh_144_sft >= 0.198633|adx_5_sft >= 39.487061,LONG,Ret_96,206,161,1.3578,1.6787
linreg_21_sft <= 0.015578|minus_di_13_sft <= 15.19733,LONG,Ret_72,209,119,1.2639,1.7269
adx_200_sft >= 10.138517,LONG,Ret_48,228,137,1.3301,1.841
linreg_120_sft <= 0.162486|adx_5_sft >= 39.487061|efficiency_8_sft <= 0.159616,LONG,Ret_96,307,158,1.2761,1.3269
plus_di_13_sft <= 31.343732|minus_di_144_sft <= 19.549842,LONG,Ret_72,206,162,1.2504,1.4356
minus_di_5_sft <= 11.554769|ema_89_sft >= 1227.931763|efficiency_34_sft >= 0.282634,LONG,Ret_72,222,196,1.2539,1.4634
minus_di_200_sft <= 19.846724|linreg_89_sft >= -0.147821,LONG,Ret_72,206,160,1.2633,1.4406
linreg_5_sft <= ema_24_sft|plus_di_21_sft >= 24.672607,LONG,Ret_96,306,207,1.2658,1.5851
minus_di_120_sft <= 25.158413|slope_21_sft >= 0.125629,LONG,Ret_96,237,184,1.2708,1.3432
minus_di_89_sft <= 19.024384|linreg_8_sft >= 0.466946,LONG,Ret_72,222,170,1.292,1.616
slope_144_sft <= 4.73|trix_200_sft <= 0.010228|plus_di_55_sft >= 20.551075,LONG,Ret_96,305,178,1.2758,1.6232
efficiency_89_sft <= 0.018904|ema_48_sft <= 1647.476746,LONG,Ret_96,204,2,1.3672,55086884.4446
adx_144_sft >= 8.674729|aroon_120_sft <= Close_sft,LONG,Ret_96,250,151,1.2598,1.5251
slope_13_sft <= 0.002801|slope_200_sft <= 0.003036|efficiency_13_sft <= 0.123341,LONG,Ret_96,267,144,1.3562,1.1594
minus_di_200_sft <= 19.846724,LONG,Ret_72,211,169,1.2897,1.357
aroon_8_sft >= 0.0|aroon_200_sft >= 1.9,LONG,Ret_96,270,180,1.2612,1.3781
efficiency_120_sft <= 0.090539|slope_5_sft <= 0.095965,LONG,Ret_96,340,211,1.2536,1.4874
linreg_55_sft <= ema_55_sft|adx_144_sft >= 8.674729,LONG,Ret_96,250,151,1.2598,1.5251
plus_di_48_sft >= 20.502817|adx_120_sft >= 9.2,LONG,Ret_72,236,160,1.3051,1.4649
aroon_34_sft >= 79.411766,LONG,Ret_96,246,161,1.253,1.4144
minus_di_21_sft <= 29.617799|minus_di_120_sft <= 19.36696|trix_24_sft >= -0.024564,LONG,Ret_72,232,173,1.3474,1.5699
ema_89_sft <= 1819.098828|efficiency_34_sft >= 0.282634|trix_89_sft <= 0.014481,LONG,Ret_72,366,37,1.2684,1.6307
adx_144_sft >= 8.674729,LONG,Ret_96,250,151,1.2598,1.5251
linreg_21_sft <= 0.321069|minus_di_55_sft <= 18.373706,LONG,Ret_96,206,126,1.2781,1.8889
macdh_144_sft <= 9.03|aroon_34_sft >= 79.411766,LONG,Ret_96,246,161,1.253,1.4144
adx_144_sft >= 8.674729|plus_di_21_sft >= 20.270658,LONG,Ret_96,221,131,1.2545,1.6431
aroon_55_sft >= 4.81|adx_200_sft >= 7.534551|linreg_48_sft <= ema_144_sft,LONG,Ret_72,231,140,1.2722,1.0034
slope_55_sft >= 0.04209|aroon_120_sft <= 58.333332,LONG,Ret_96,225,153,1.2916,1.8154
efficiency_24_sft >= 0.02|minus_di_200_sft <= 19.846724,LONG,Ret_72,211,169,1.2592,1.3708
ema_48_sft <= ema_13_sft|minus_di_144_sft <= 19.549842,LONG,Ret_72,216,162,1.2899,1.4925
trix_200_sft >= 0.000442|efficiency_48_sft >= 0.245374,LONG,Ret_72,210,159,1.2702,1.1918
aroon_55_sft >= -50.909092|linreg_200_sft <= 0.019063,LONG,Ret_96,245,141,1.2648,1.1213
ema_144_sft <= ema_34_sft|ema_34_sft <= 1821.121729,LONG,Ret_72,336,30,1.2535,1.6457
plus_di_21_sft >= 24.672607,LONG,Ret_96,306,207,1.2658,1.5851
minus_di_120_sft <= 19.36696,LONG,Ret_72,233,173,1.3622,1.57
minus_di_48_sft <= 21.037424|trix_55_sft >= -0.007616,LONG,Ret_96,305,200,1.3448,1.6821
minus_di_55_sft <= 18.373706|slope_21_sft >= -0.114631|efficiency_120_sft <= 0.155584,LONG,Ret_72,244,164,1.2576,1.4519
plus_di_24_sft >= 24.478443,LONG,Ret_96,298,198,1.2893,1.6348
efficiency_120_sft <= 0.090539|ema_48_sft >= ema_34_sft,LONG,Ret_96,266,169,1.2891,1.1412
plus_di_21_sft >= 24.672607|efficiency_34_sft >= 0.167678,LONG,Ret_96,270,181,1.305,1.7948
bbw_89_sft <= 0.029286|vol_z_5_sft <= -1.376641|vol_z_120_sft <= 7.38,LONG,Ret_96,335,191,1.3178,1.5451
std_200_sft >= -3.39|vol_z_5_sft <= -1.376641|bbw_89_sft <= 0.029286,LONG,Ret_96,335,191,1.3178,1.5451
vol_z_89_sft <= -1.68,LONG,Ret_96,254,160,1.3407,1.5517
vol_z_5_sft >= -0.378751|vol_z_120_sft <= 0.3,LONG,Ret_96,353,213,1.2573,1.4652
bbw_21_sft <= 0.006008|vol_z_24_sft >= -1.190366|bbw_13_sft >= 0.00438,LONG,Ret_96,286,144,1.3023,1.8732
bbw_5_sft >= 0.005822|vol_z_120_sft <= 0.930988|bbw_34_sft <= 0.011669,LONG,Ret_72,357,199,1.2687,1.6672
std_13_sft >= 1.28|std_5_sft <= 0.75881,LONG,Ret_96,369,165,1.2749,1.7639
vol_z_89_sft <= -1.63|std_24_sft <= 6.02,LONG,Ret_96,262,135,1.3519,1.7048
std_5_sft <= 0.75881|std_24_sft >= 1.578101,LONG,Ret_96,375,167,1.2896,1.6505
natr_13_sft >= 0.176006|bbw_21_sft <= 0.006008|vol_z_21_sft >= -0.307313,LONG,Ret_96,226,113,1.4306,2.0084
vol_z_55_sft <= -0.290199|vol_z_24_sft >= -0.291953|bbw_89_sft <= Close_sft,LONG,Ret_96,315,193,1.2509,1.6252
vol_z_21_sft >= -1.673403|vol_z_13_sft <= -1.592901|vol_z_200_sft <= Close_sft,LONG,Ret_72,400,248,1.2543,1.3553
vol_z_55_sft <= 1.671507|vol_z_120_sft <= 0.33,LONG,Ret_96,364,221,1.2537,1.4637
bbw_8_sft >= 0.003177|natr_5_sft <= 0.211623,LONG,Ret_96,365,196,1.2594,1.5595
bbw_21_sft <= 0.006008|vol_z_144_sft >= -1.945098,LONG,Ret_96,320,158,1.2908,1.6277
vol_z_13_sft <= -1.592901|bbw_8_sft >= 0.003177|std_34_sft <= 9.28889,LONG,Ret_72,346,142,1.2999,1.4493
vol_z_48_sft <= Close_sft|vol_z_89_sft <= -0.92|natr_13_sft >= 0.176006,LONG,Ret_96,245,175,1.329,1.6009
std_13_sft <= 3.640449|std_34_sft <= 6.19043|bbw_21_sft <= 0.006008,LONG,Ret_96,325,130,1.2884,1.698
bbw_8_sft >= 0.007711|natr_200_sft >= 0.227102|natr_21_sft <= 0.3462,LONG,Ret_72,240,198,1.3032,1.7078
std_24_sft >= 2.210957|bbw_21_sft <= 0.006008,LONG,Ret_96,278,168,1.294,1.5804
vol_z_89_sft <= -1.69|vol_z_48_sft <= -0.29442,LONG,Ret_96,253,160,1.2783,1.5271
vol_z_24_sft >= -0.291953|std_21_sft <= 3.054573,LONG,Ret_96,326,92,1.2819,1.7118
natr_24_sft <= 0.344588|bbw_24_sft <= 0.00949|natr_5_sft >= 0.284373,LONG,Ret_96,233,157,1.3241,1.9292
vol_z_89_sft >= -1.370045|std_24_sft <= 3.3073|vol_z_8_sft <= 0.94727,LONG,Ret_96,338,103,1.2524,2.0075
vol_z_89_sft <= -1.63,LONG,Ret_96,264,165,1.3403,1.4278
vol_z_5_sft <= 8.04|bbw_34_sft <= 0.008132|bbw_5_sft <= 0.002248,LONG,Ret_96,260,119,1.3065,1.737
natr_55_sft <= Close_sft|vol_z_13_sft <= -1.592901|bbw_8_sft >= 0.003177,LONG,Ret_72,362,235,1.314,1.3309
natr_55_sft <= 0.275054|vol_z_21_sft >= -1.200137|vol_z_13_sft <= -1.592901,LONG,Ret_72,253,122,1.3652,1.7114
vol_z_89_sft <= -1.63|vol_z_13_sft <= 8.68,LONG,Ret_96,264,165,1.3403,1.4278
std_5_sft <= 0.89|bbw_55_sft >= 0.007986|natr_5_sft <= 0.211623,LONG,Ret_96,350,156,1.274,1.6111
vol_z_55_sft <= -1.307981|bbw_13_sft >= 0.00438|bbw_8_sft <= 0.012058,LONG,Ret_96,297,194,1.2896,1.5159
bbw_21_sft <= 0.006008|vol_z_13_sft <= Close_sft|vol_z_34_sft >= -1.260982,LONG,Ret_96,304,144,1.2669,1.9585
vol_z_89_sft <= -1.59,LONG,Ret_96,267,166,1.3105,1.4414
vol_z_89_sft <= -1.62,LONG,Ret_96,264,166,1.3443,1.4273
bbw_13_sft >= 0.006566|vol_z_24_sft >= -1.708722|vol_z_120_sft <= -0.81,LONG,Ret_96,244,159,1.2611,1.5776
bbw_5_sft <= 0.001474|bbw_8_sft <= 0.002194|bbw_24_sft <= Close_sft,LONG,Ret_96,246,118,1.3451,1.8523
vol_z_89_sft <= -0.334506|natr_8_sft >= 0.215186,LONG,Ret_96,235,179,1.2914,1.6749
vol_z_48_sft <= -1.799152|std_200_sft >= 7.585233,LONG,Ret_96,227,170,1.3357,1.6012
vol_z_13_sft <= -0.392608|natr_200_sft <= 0.27821|vol_z_5_sft <= -1.157032,LONG,Ret_96,305,167,1.2864,1.6673
vol_z_89_sft <= -1.6,LONG,Ret_96,267,166,1.3085,1.4438
bbw_21_sft <= 0.006008|vol_z_48_sft >= -1.286116,LONG,Ret_96,303,144,1.2819,2.4995
bbw_24_sft <= 0.00949|std_8_sft >= 2.760613,LONG,Ret_96,274,205,1.2601,1.4665
bbw_8_sft >= 0.003177|bbw_5_sft <= 0.001474,LONG,Ret_96,281,157,1.2567,1.5353
vol_z_8_sft <= -1.248868|natr_5_sft <= 0.211623|std_8_sft <= 4.41928,LONG,Ret_96,363,188,1.2742,1.548
vol_z_8_sft <= -1.248868|natr_5_sft <= 0.211623,LONG,Ret_96,363,192,1.2742,1.5434
vol_z_89_sft <= -1.64|std_34_sft <= Close_sft|natr_5_sft <= Close_sft,LONG,Ret_96,263,165,1.3544,1.4157
natr_8_sft <= Close_sft|vol_z_48_sft >= -1.286116|bbw_21_sft <= 0.006008,LONG,Ret_96,303,144,1.2819,2.4995
vol_z_89_sft <= -0.334506|natr_13_sft >= 0.217387,LONG,Ret_96,201,166,1.3204,1.6055
std_5_sft <= 0.75881|vol_z_8_sft <= 0.94727,LONG,Ret_96,381,164,1.2547,1.6527
std_8_sft <= 0.726908|vol_z_144_sft <= -0.446939,LONG,Ret_96,212,53,1.3988,2.2146
natr_24_sft >= 0.180416|vol_z_120_sft <= 0.29,LONG,Ret_96,300,210,1.2601,1.4164
natr_5_sft <= 0.211623|vol_z_5_sft <= -1.157032,LONG,Ret_96,359,190,1.2553,1.5841
vol_z_89_sft <= -1.64|vol_z_5_sft <= 1.435161,LONG,Ret_96,263,165,1.3557,1.4165
vol_z_48_sft <= Close_sft|vol_z_24_sft >= -0.291953|vol_z_120_sft <= -1.410417,LONG,Ret_72,209,131,1.3914,1.7017
bbw_21_sft <= 0.006008|vol_z_24_sft <= Close_sft|bbw_24_sft <= 0.00949,LONG,Ret_96,332,169,1.2571,1.6298
vol_z_5_sft <= -1.157032|bbw_5_sft <= 2.11|natr_5_sft <= 0.211623,LONG,Ret_96,359,190,1.2553,1.5841
vol_z_200_sft >= -1.991249|bbw_5_sft <= 0.001474|vol_z_48_sft >= -5.37,LONG,Ret_96,316,178,1.2672,1.6402
bbw_13_sft <= 0.006566|std_8_sft <= 0.726908,LONG,Ret_96,260,59,1.3156,2.2609
vol_z_120_sft <= 0.930988|bbw_5_sft >= 0.009348,LONG,Ret_96,248,177,1.29,1.4461
bbw_5_sft >= 0.009348|bbw_8_sft <= 0.012058,LONG,Ret_96,279,195,1.2821,1.3448
std_5_sft <= 0.75881|natr_5_sft <= Close_sft|std_55_sft <= 11.956969,LONG,Ret_96,374,145,1.2874,1.494
vol_z_55_sft >= -1.307981|vol_z_34_sft >= -0.271333|bbw_120_sft <= 0.034196,LONG,Ret_96,344,185,1.2719,1.3616
vol_z_144_sft >= -1.457436|bbw_89_sft <= 0.020122|bbw_5_sft <= Close_sft,LONG,Ret_96,294,153,1.2866,1.5692
vol_z_34_sft >= -0.271333|natr_120_sft <= Close_sft|bbw_120_sft <= 0.034196,LONG,Ret_96,344,185,1.2719,1.3616
vol_z_13_sft >= -0.93|vol_z_200_sft <= -1.519421,LONG,Ret_96,203,121,1.3063,1.7342
std_21_sft <= 2.016376|std_5_sft >= 1.24561|vol_z_34_sft <= Close_sft,LONG,Ret_96,283,66,1.2715,1.5788
bbw_48_sft >= 0.007403|vol_z_200_sft >= -1.991249|bbw_21_sft <= 0.006008,LONG,Ret_96,307,157,1.2615,1.625
vol_z_144_sft >= -1.457436|natr_5_sft <= 0.211623,LONG,Ret_96,331,178,1.2972,1.6501
bbw_5_sft >= 0.009348|vol_z_13_sft <= Close_sft|bbw_8_sft <= 0.012058,LONG,Ret_96,279,195,1.2821,1.3448
std_200_sft >= 3.94|std_8_sft <= 0.726908|bbw_8_sft <= 0.004852,LONG,Ret_96,277,65,1.3731,1.593
bbw_21_sft <= 0.006008|vol_z_13_sft <= 3.33|vol_z_24_sft >= -0.291953,LONG,Ret_96,247,112,1.3212,2.1482
vol_z_120_sft >= -1.410417|natr_5_sft <= 0.211623,LONG,Ret_96,334,179,1.3597,1.4941
vol_z_24_sft >= -0.291953|bbw_21_sft <= 0.006008,LONG,Ret_96,247,112,1.3212,2.1482
bbw_13_sft <= 0.00438|vol_z_55_sft <= -1.835457,LONG,Ret_96,241,116,1.2821,1.6639
vol_z_5_sft <= -1.157032|std_5_sft <= 0.75881|vol_z_8_sft <= 1.642852,LONG,Ret_96,349,133,1.2706,1.6296
bbw_13_sft <= 0.00438|vol_z_55_sft <= -1.835457|bbw_5_sft >= -2.47,LONG,Ret_96,241,116,1.2821,1.6639
vol_z_5_sft <= -1.157032|std_5_sft <= 0.75881,LONG,Ret_96,349,133,1.2706,1.6296
vol_z_21_sft <= Close_sft|bbw_13_sft <= 0.00438|vol_z_55_sft <= -1.835457,LONG,Ret_96,241,116,1.2821,1.6639
std_144_sft >= 4.628202|bbw_13_sft <= 0.003169,LONG,Ret_96,261,126,1.2706,1.7996
vol_z_8_sft <= Close_sft|vol_z_89_sft <= -1.53,LONG,Ret_96,272,169,1.2854,1.4017
vol_z_89_sft <= -1.52|vol_z_5_sft <= Close_sft,LONG,Ret_96,274,169,1.251,1.4072
vol_z_144_sft <= 1.795831|vol_z_34_sft >= 0.788692|bbw_24_sft <= 0.014312,LONG,Ret_96,304,172,1.2611,1.4039
bbw_120_sft <= 0.0238|bbw_21_sft <= 0.006008,LONG,Ret_96,236,98,1.3008,1.8514
std_8_sft <= 0.726908|natr_48_sft <= Close_sft|std_200_sft >= 5.571106,LONG,Ret_96,255,65,1.3464,1.593
bbw_34_sft <= 0.008132|std_8_sft <= 1.42,LONG,Ret_96,276,95,1.2652,2.5121
natr_5_sft >= 0.284373|bbw_21_sft <= 0.0088|bbw_48_sft <= Close_sft,LONG,Ret_96,245,172,1.3587,1.5191
bbw_24_sft >= -1.02|std_5_sft <= 0.75881|vol_z_144_sft >= -1.945098,LONG,Ret_96,372,159,1.254,1.5102
natr_5_sft >= 0.284373|bbw_21_sft <= 0.0088,LONG,Ret_96,245,172,1.3587,1.5191
std_13_sft >= 1.469158|std_24_sft <= 2.16|vol_z_21_sft <= Close_sft,LONG,Ret_72,331,66,1.2665,1.4969
natr_34_sft <= 0.341322|vol_z_21_sft <= -1.59,LONG,Ret_96,328,171,1.2676,1.5152
std_13_sft <= 3.640449|std_120_sft <= Close_sft|std_8_sft <= 0.726908,LONG,Ret_96,273,63,1.322,1.6299
bbw_5_sft <= 0.001474|vol_z_48_sft <= -1.799152,LONG,Ret_96,214,99,1.3905,1.5727
std_55_sft >= 4.3|std_8_sft <= 0.726908,LONG,Ret_96,215,61,1.4545,1.6836
bbw_24_sft >= 0.006573|vol_z_5_sft >= 1.435161|std_21_sft <= 3.054573,LONG,Ret_96,280,60,1.2606,1.7613
vol_z_8_sft <= -1.545812|std_5_sft <= 0.75881,LONG,Ret_72,383,133,1.2752,1.5134
vol_z_34_sft >= -0.271333|vol_z_48_sft <= -0.29442,LONG,Ret_72,334,201,1.2599,1.4829
bbw_21_sft <= 0.006008|bbw_24_sft >= 0.006573,LONG,Ret_96,290,143,1.2839,1.5024
bbw_89_sft <= 0.040511|std_8_sft <= 1.072658|std_13_sft >= 2.287618,LONG,Ret_96,248,100,1.3546,1.9418
bbw_5_sft >= 0.001474|bbw_144_sft <= Close_sft|bbw_13_sft <= 0.003169,LONG,Ret_96,277,122,1.2643,1.6507
natr_21_sft <= 0.3462|natr_5_sft >= 0.378965,LONG,Ret_72,212,168,1.3322,1.8407
bbw_34_sft >= 0.006005|std_8_sft <= 0.726908,LONG,Ret_96,264,63,1.2852,1.7632
bbw_144_sft >= -6.97|natr_21_sft <= 0.3462|natr_5_sft >= 0.378965,LONG,Ret_72,212,168,1.3322,1.8407
bbw_5_sft >= 0.001474|bbw_13_sft <= 0.003169,LONG,Ret_96,277,122,1.2643,1.6507
bbw_89_sft >= 0.010654|bbw_13_sft <= 0.003169,LONG,Ret_96,271,123,1.2688,1.7652
bbw_21_sft >= 0.004404|vol_z_48_sft <= -1.799152,LONG,Ret_72,300,189,1.3256,1.3948
vol_z_5_sft <= -1.376641|vol_z_89_sft <= -1.14,LONG,Ret_96,240,152,1.2878,1.4967
bbw_5_sft <= 0.001474|bbw_144_sft <= 0.02626,LONG,Ret_96,226,98,1.3502,2.1208
bbw_48_sft >= 0.007403|vol_z_89_sft <= -1.370045|vol_z_48_sft >= -1.286116,LONG,Ret_96,220,139,1.2707,1.4894
std_34_sft >= -9.07|std_8_sft <= 0.726908|std_21_sft <= 7.19688,LONG,Ret_96,276,59,1.3428,1.6316
std_5_sft >= 3.430447|natr_48_sft <= Close_sft|vol_z_89_sft <= 0.912652,LONG,Ret_72,261,279,1.2852,1.4381
vol_z_89_sft <= -1.65|std_34_sft <= 4.050388,LONG,Ret_96,233,76,1.2548,1.5333
std_5_sft >= 3.430447|vol_z_120_sft <= 0.930988,LONG,Ret_96,226,212,1.342,1.4423
vol_z_13_sft >= 0.97029|bbw_120_sft <= Close_sft|std_21_sft <= 3.054573,LONG,Ret_96,327,99,1.2724,1.8423
vol_z_48_sft <= -1.799152|vol_z_144_sft <= -0.446939,LONG,Ret_96,223,135,1.2915,1.5554
vol_z_144_sft <= -0.446939|vol_z_48_sft <= -1.799152|vol_z_120_sft <= -0.408338,LONG,Ret_96,222,135,1.2893,1.5669
bbw_5_sft >= 0.003591|natr_5_sft <= 0.211623,LONG,Ret_96,338,176,1.2507,1.8529
vol_z_21_sft >= -0.307313|vol_z_89_sft <= -1.370045,LONG,Ret_96,203,119,1.3563,1.5442
std_13_sft <= 3.41|vol_z_200_sft <= 4.69|std_8_sft <= 0.726908,LONG,Ret_96,271,61,1.2946,1.9862
std_55_sft <= 11.956969|std_8_sft >= 1.683368|vol_z_8_sft <= -1.248868,LONG,Ret_96,306,177,1.2764,1.387
vol_z_34_sft >= 0.788692|natr_5_sft >= 0.132175|vol_z_200_sft <= -0.5693,LONG,Ret_96,208,126,1.3722,1.4764
std_21_sft <= 7.19688|std_8_sft <= 0.726908|vol_z_13_sft <= -0.392608,LONG,Ret_96,270,59,1.3431,1.6168
natr_5_sft <= 0.211623|vol_z_55_sft <= Close_sft|natr_34_sft >= 0.220473,LONG,Ret_96,208,153,1.309,1.6013
std_34_sft <= Close_sft|vol_z_24_sft >= -0.291953|bbw_55_sft <= 0.01531,LONG,Ret_96,321,169,1.2595,1.4096
vol_z_48_sft <= -1.66|std_8_sft <= 1.072658,LONG,Ret_96,260,83,1.3016,1.9777
natr_34_sft <= Close_sft|vol_z_48_sft <= -1.286116|std_8_sft <= 0.726908,LONG,Ret_96,222,45,1.4568,1.8727
bbw_34_sft <= 0.008132|std_5_sft <= 0.75881,LONG,Ret_96,260,89,1.2702,1.6719
vol_z_48_sft <= -1.286116|std_8_sft <= 0.726908,LONG,Ret_96,222,45,1.4568,1.8727
bbw_21_sft <= 0.006008|bbw_89_sft <= 0.020122|vol_z_120_sft <= Close_sft,LONG,Ret_72,289,129,1.296,1.6428
std_21_sft <= 3.054573|vol_z_13_sft >= 1.14,LONG,Ret_96,319,94,1.2503,2.0342
vol_z_34_sft <= Close_sft|std_5_sft >= 3.430447|std_24_sft <= 3.48,LONG,Ret_96,201,83,1.3134,1.7389
natr_8_sft <= 0.215186|bbw_13_sft <= 0.00438|vol_z_55_sft <= -1.835457,LONG,Ret_96,224,106,1.2799,2.0281
bbw_8_sft <= 0.002194|natr_120_sft <= 0.278211|std_21_sft >= 2.016376,LONG,Ret_96,225,125,1.4097,1.7053
std_48_sft >= 4.88495|bbw_13_sft <= 0.00438,LONG,Ret_72,297,213,1.2908,1.5192
vol_z_89_sft <= -1.57|vol_z_200_sft <= Close_sft,LONG,Ret_96,268,168,1.2567,1.3573
vol_z_55_sft >= -0.290199|natr_5_sft >= 0.378965|vol_z_13_sft >= 1.39,LONG,Ret_72,242,202,1.3014,1.5012
vol_z_21_sft <= -0.307313|vol_z_5_sft <= -1.57,LONG,Ret_96,224,136,1.3098,1.6306
bbw_21_sft <= 0.0088|std_8_sft >= 2.760613,LONG,Ret_96,258,211,1.3551,1.418
bbw_21_sft >= 0.006008|natr_5_sft <= Close_sft|vol_z_48_sft <= -1.799152,LONG,Ret_96,219,152,1.3683,1.6362
bbw_34_sft >= -6.45|vol_z_89_sft <= -1.57,LONG,Ret_96,268,168,1.2567,1.3573
natr_21_sft >= 0.154328|std_8_sft <= 0.726908,LONG,Ret_96,257,58,1.3412,1.743
std_8_sft <= 0.726908|std_144_sft <= 19.486476|std_5_sft <= 2.077894,LONG,Ret_96,271,57,1.3216,1.8733
natr_89_sft <= 6.58|std_5_sft <= 0.75881|vol_z_120_sft >= -1.410417,LONG,Ret_96,345,144,1.2709,1.5576
natr_5_sft <= 0.211623|std_21_sft >= 3.44,LONG,Ret_96,285,192,1.2731,1.4702
bbw_21_sft >= 0.006008|vol_z_48_sft <= -1.799152,LONG,Ret_96,219,152,1.3683,1.6362
vol_z_48_sft >= 0.842775|std_21_sft <= 3.054573|bbw_8_sft >= 0.003177,LONG,Ret_96,216,43,1.3283,2.306
vol_z_21_sft <= -0.307313|vol_z_89_sft <= -1.370045|std_8_sft >= 1.072658,LONG,Ret_96,264,173,1.263,1.3541
vol_z_120_sft >= -1.410417|natr_34_sft <= Close_sft|std_5_sft <= 0.75881,LONG,Ret_96,345,144,1.2709,1.5576
vol_z_34_sft >= -1.260982|natr_8_sft <= 0.363757|bbw_24_sft <= 0.006573,LONG,Ret_72,363,168,1.2837,1.3886
natr_5_sft >= 0.378965|vol_z_24_sft >= 1.597743|natr_5_sft >= 0.378965,LONG,Ret_72,232,198,1.2726,1.516
natr_13_sft <= 0.353002|bbw_48_sft >= 0.007403|vol_z_48_sft <= -1.799152,LONG,Ret_96,256,156,1.3007,1.6006
natr_120_sft >= 0.224096|bbw_120_sft <= 0.034196|std_34_sft <= 9.28889,LONG,Ret_72,223,147,1.3212,1.6075
natr_8_sft <= 0.363757|std_8_sft <= 0.726908,LONG,Ret_96,278,65,1.3127,1.593
vol_z_24_sft >= -0.291953|std_8_sft >= 0.726908|bbw_55_sft <= 0.01531,LONG,Ret_96,320,169,1.2577,1.4096
std_24_sft <= 3.3073|std_21_sft <= 2.016376,LONG,Ret_96,307,70,1.2654,1.4596
std_8_sft <= 0.726908|vol_z_21_sft <= 0.803529|std_24_sft <= 7.668578,LONG,Ret_96,275,56,1.3437,1.5482
std_8_sft <= 0.726908|bbw_8_sft <= 0.007711|vol_z_55_sft <= 1.24,LONG,Ret_96,276,65,1.3296,1.5844
natr_13_sft <= 0.353002|std_8_sft <= 0.726908|bbw_5_sft >= -5.84,LONG,Ret_96,278,65,1.313,1.593
vol_z_89_sft <= -1.370045|vol_z_5_sft <= -1.376641,LONG,Ret_96,222,139,1.3837,1.519
vol_z_24_sft <= Close_sft|std_8_sft <= 0.726908,LONG,Ret_96,279,65,1.3082,1.593
vol_z_48_sft <= Close_sft|vol_z_89_sft <= -1.370045|vol_z_5_sft <= -1.376641,LONG,Ret_96,222,139,1.3837,1.519
vol_z_89_sft <= Close_sft|std_8_sft <= 0.726908|bbw_5_sft >= -0.6,LONG,Ret_96,279,65,1.3082,1.593
std_24_sft <= Close_sft|std_8_sft <= 0.726908,LONG,Ret_96,279,65,1.3082,1.593
std_8_sft <= 0.726908|std_144_sft <= Close_sft,LONG,Ret_96,279,65,1.3082,1.593
vol_z_8_sft <= 7.93|std_8_sft <= 0.726908,LONG,Ret_96,279,65,1.3082,1.593
bbw_13_sft >= -7.3|std_8_sft <= 0.726908,LONG,Ret_96,279,65,1.3082,1.593
vol_z_144_sft >= -3.71|std_8_sft <= 0.726908,LONG,Ret_96,279,65,1.3082,1.593
natr_5_sft >= -1.35|std_8_sft <= 0.726908,LONG,Ret_96,279,65,1.3082,1.593
std_8_sft <= 0.726908|bbw_120_sft <= Close_sft,LONG,Ret_96,279,65,1.3082,1.593
std_8_sft <= 0.726908|vol_z_34_sft <= 9.9,LONG,Ret_96,279,65,1.3082,1.593
std_8_sft <= 0.726908|std_21_sft >= -4.45,LONG,Ret_96,279,65,1.3082,1.593
std_8_sft <= 0.726908|std_21_sft <= Close_sft,LONG,Ret_96,279,65,1.3082,1.593
std_8_sft <= 0.726908|bbw_5_sft <= Close_sft,LONG,Ret_96,279,65,1.3082,1.593
std_8_sft <= 0.726908|natr_13_sft >= -7.97,LONG,Ret_96,279,65,1.3082,1.593
bbw_8_sft <= 0.007711|std_8_sft <= 0.726908,LONG,Ret_96,279,65,1.3082,1.593
std_34_sft <= Close_sft|std_8_sft <= 0.726908,LONG,Ret_96,279,65,1.3082,1.593
std_5_sft <= 3.430447|std_8_sft <= 0.726908,LONG,Ret_96,279,65,1.3082,1.593
natr_120_sft >= -2.83|std_8_sft <= 0.726908,LONG,Ret_96,279,65,1.3082,1.593
bbw_34_sft >= -5.18|std_8_sft <= 0.726908,LONG,Ret_96,279,65,1.3082,1.593
std_8_sft <= 0.726908|natr_5_sft <= Close_sft|natr_48_sft <= Close_sft,LONG,Ret_96,279,65,1.3082,1.593
std_8_sft <= 0.726908|bbw_5_sft <= 0.71,LONG,Ret_96,279,65,1.3082,1.593
bbw_13_sft >= -1.3|std_8_sft <= 0.726908,LONG,Ret_96,279,65,1.3082,1.593
std_8_sft <= 0.726908|natr_21_sft <= Close_sft|natr_120_sft <= Close_sft,LONG,Ret_96,279,65,1.3082,1.593
std_55_sft >= -2.3|std_8_sft <= 0.726908|vol_z_144_sft <= Close_sft,LONG,Ret_96,279,65,1.3082,1.593
natr_8_sft <= Close_sft|std_8_sft <= 0.726908|natr_200_sft <= Close_sft,LONG,Ret_96,279,65,1.3082,1.593
std_8_sft <= 0.726908|bbw_24_sft >= -6.59,LONG,Ret_96,279,65,1.3082,1.593
bbw_200_sft <= Close_sft|std_8_sft <= 0.726908,LONG,Ret_96,279,65,1.3082,1.593
std_55_sft <= Close_sft|std_8_sft <= 0.726908,LONG,Ret_96,279,65,1.3082,1.593
natr_8_sft >= -1.14|bbw_48_sft >= -2.06|std_8_sft <= 0.726908,LONG,Ret_96,279,65,1.3082,1.593
std_89_sft >= -9.73|std_8_sft <= 0.726908,LONG,Ret_96,279,65,1.3082,1.593
std_8_sft <= 0.726908|natr_21_sft >= -9.55,LONG,Ret_96,279,65,1.3082,1.593
bbw_120_sft >= -0.41|std_8_sft <= 0.726908,LONG,Ret_96,279,65,1.3082,1.593
std_8_sft <= 0.726908|std_8_sft <= 0.726908|natr_13_sft >= -4.77,LONG,Ret_96,279,65,1.3082,1.593
std_120_sft <= Close_sft|std_8_sft <= 0.726908,LONG,Ret_96,279,65,1.3082,1.593
std_55_sft >= -1.21|std_8_sft <= 0.726908,LONG,Ret_96,279,65,1.3082,1.593
std_8_sft <= 0.726908|std_144_sft >= -9.43,LONG,Ret_96,279,65,1.3082,1.593
natr_13_sft <= 3.95|std_8_sft <= 0.726908,LONG,Ret_96,279,65,1.3082,1.593
std_55_sft >= -8.19|std_8_sft <= 0.726908,LONG,Ret_96,279,65,1.3082,1.593
natr_5_sft <= 1.28|std_8_sft <= 0.726908,LONG,Ret_96,279,65,1.3082,1.593
bbw_8_sft >= -9.35|std_8_sft <= 0.726908|natr_24_sft <= Close_sft,LONG,Ret_96,279,65,1.3082,1.593
vol_z_8_sft <= 6.1|std_8_sft <= 0.726908,LONG,Ret_96,279,65,1.3082,1.593
std_8_sft <= 0.726908|vol_z_8_sft <= Close_sft,LONG,Ret_96,279,65,1.3082,1.593
std_200_sft >= 2.75|std_8_sft <= 0.726908,LONG,Ret_96,279,65,1.3082,1.593
natr_34_sft >= -8.04|std_8_sft <= 0.726908,LONG,Ret_96,279,65,1.3082,1.593
std_8_sft <= 0.726908|natr_24_sft <= 2.76,LONG,Ret_96,279,65,1.3082,1.593
std_8_sft <= 0.726908|bbw_48_sft <= 7.22,LONG,Ret_96,279,65,1.3082,1.593
std_8_sft <= 0.726908|bbw_48_sft <= 4.78,LONG,Ret_96,279,65,1.3082,1.593
std_8_sft <= 0.726908|bbw_5_sft <= 4.5|bbw_89_sft <= Close_sft,LONG,Ret_96,279,65,1.3082,1.593
vol_z_34_sft <= 1.630792|std_8_sft <= 0.726908,LONG,Ret_96,279,65,1.3082,1.593
std_8_sft <= 0.726908|bbw_120_sft <= 4.42,LONG,Ret_96,279,65,1.3082,1.593
bbw_5_sft >= -4.81|std_8_sft <= 0.726908,LONG,Ret_96,279,65,1.3082,1.593
vol_z_89_sft >= -7.92|std_8_sft <= 0.726908,LONG,Ret_96,279,65,1.3082,1.593
std_8_sft <= 0.726908|std_5_sft <= Close_sft,LONG,Ret_96,279,65,1.3082,1.593
vol_z_13_sft <= 3.57|std_8_sft <= 0.726908,LONG,Ret_96,279,65,1.3082,1.593
std_120_sft <= Close_sft|std_8_sft <= 0.726908|natr_120_sft >= -8.25,LONG,Ret_96,279,65,1.3082,1.593
natr_5_sft >= -1.51|std_8_sft <= 0.726908,LONG,Ret_96,279,65,1.3082,1.593
std_8_sft <= 0.726908|bbw_89_sft <= 1.98,LONG,Ret_96,279,65,1.3082,1.593
bbw_48_sft <= 0.06|std_8_sft <= 0.726908,LONG,Ret_96,279,65,1.3082,1.593
bbw_89_sft <= Close_sft|natr_120_sft <= 3.37|std_8_sft <= 0.726908,LONG,Ret_96,279,65,1.3082,1.593
std_8_sft <= 0.726908|vol_z_34_sft <= 6.03,LONG,Ret_96,279,65,1.3082,1.593
std_8_sft >= -1.33|std_8_sft <= 0.726908,LONG,Ret_96,279,65,1.3082,1.593
bbw_144_sft >= -1.46|std_8_sft <= 0.726908,LONG,Ret_96,279,65,1.3082,1.593
std_8_sft <= 0.726908|std_24_sft >= -6.08,LONG,Ret_96,279,65,1.3082,1.593
std_8_sft <= 0.726908|natr_89_sft >= -3.76,LONG,Ret_96,279,65,1.3082,1.593
std_8_sft <= 0.726908|natr_55_sft <= 6.68,LONG,Ret_96,279,65,1.3082,1.593
bbw_200_sft <= 5.24|std_8_sft <= 0.726908,LONG,Ret_96,279,65,1.3082,1.593
std_8_sft <= 0.726908|bbw_5_sft <= 0.005822,LONG,Ret_96,279,65,1.3082,1.593
vol_z_8_sft <= 4.42|std_8_sft <= 0.726908,LONG,Ret_96,279,65,1.3082,1.593
std_8_sft <= 0.726908|vol_z_21_sft <= 4.33,LONG,Ret_96,279,65,1.3082,1.593
std_8_sft <= 0.726908|bbw_34_sft <= 2.41,LONG,Ret_96,279,65,1.3082,1.593
std_8_sft <= 0.726908|natr_55_sft >= -3.62,LONG,Ret_96,279,65,1.3082,1.593
std_8_sft <= 0.726908|natr_34_sft >= -7.6,LONG,Ret_96,279,65,1.3082,1.593
natr_24_sft <= Close_sft|std_8_sft <= 0.726908,LONG,Ret_96,279,65,1.3082,1.593
vol_z_34_sft <= Close_sft|std_8_sft <= 0.726908,LONG,Ret_96,279,65,1.3082,1.593
std_8_sft <= 0.726908|vol_z_120_sft <= Close_sft,LONG,Ret_96,279,65,1.3082,1.593
std_8_sft <= 0.726908|vol_z_120_sft >= -8.98,LONG,Ret_96,279,65,1.3082,1.593
bbw_13_sft >= -2.73|std_8_sft <= 0.726908,LONG,Ret_96,279,65,1.3082,1.593
std_8_sft <= 0.726908|natr_89_sft <= 6.39,LONG,Ret_96,279,65,1.3082,1.593
std_8_sft <= 0.726908|vol_z_144_sft <= Close_sft,LONG,Ret_96,279,65,1.3082,1.593
bbw_8_sft <= Close_sft|std_8_sft <= 0.726908,LONG,Ret_96,279,65,1.3082,1.593
std_8_sft <= 0.726908|natr_8_sft <= 2.35,LONG,Ret_96,279,65,1.3082,1.593
std_8_sft <= 0.726908|bbw_144_sft >= -8.65,LONG,Ret_96,279,65,1.3082,1.593
bbw_55_sft >= -9.2|std_8_sft <= 0.726908,LONG,Ret_96,279,65,1.3082,1.593
natr_24_sft <= 8.77|std_8_sft <= 0.726908,LONG,Ret_96,279,65,1.3082,1.593
vol_z_5_sft <= Close_sft|std_8_sft <= 0.726908,LONG,Ret_96,279,65,1.3082,1.593
std_8_sft <= 0.726908|natr_55_sft <= 6.64,LONG,Ret_96,279,65,1.3082,1.593
natr_8_sft >= -4.52|std_8_sft <= 0.726908,LONG,Ret_96,279,65,1.3082,1.593
natr_5_sft <= 0.211623|bbw_89_sft <= 0.020122,LONG,Ret_72,353,161,1.2595,1.5802
bbw_21_sft >= 0.004404|natr_5_sft <= 0.162398,LONG,Ret_96,295,141,1.2543,1.5485
bbw_55_sft <= 0.02261|vol_z_21_sft <= -0.307313|natr_5_sft <= 0.162398,LONG,Ret_72,351,161,1.271,1.7076
std_21_sft <= 3.054573|natr_5_sft >= 0.284373|natr_89_sft <= Close_sft,LONG,Ret_96,239,64,1.3171,1.5119
vol_z_13_sft <= 7.31|std_8_sft <= 0.726908|natr_48_sft <= Close_sft,LONG,Ret_96,279,65,1.3082,1.593
vol_z_200_sft >= -5.82|vol_z_200_sft >= -1.991249|bbw_13_sft <= 0.003169,LONG,Ret_96,261,113,1.2816,1.9286
bbw_24_sft <= Close_sft|std_5_sft <= 0.75881|bbw_13_sft >= 0.00438,LONG,Ret_96,361,155,1.2596,1.4758
std_8_sft <= 0.726908|bbw_48_sft >= 0.010012,LONG,Ret_96,238,59,1.3028,1.6635
std_8_sft <= 0.726908|bbw_21_sft <= 0.019389,LONG,Ret_96,273,63,1.2809,1.7977
std_8_sft <= 0.726908|natr_48_sft <= Close_sft|bbw_13_sft <= 0.015473,LONG,Ret_96,278,65,1.3101,1.593
natr_13_sft <= 0.277146|bbw_5_sft >= -1.21|natr_200_sft >= 0.227102,LONG,Ret_72,239,200,1.2705,1.5253
vol_z_48_sft <= -1.799152|bbw_5_sft <= 0.002248,LONG,Ret_96,264,142,1.2708,1.3469
vol_z_120_sft <= -1.410417|vol_z_48_sft >= -1.286116,LONG,Ret_96,217,136,1.2699,1.6179
std_21_sft >= 3.054573|vol_z_13_sft <= -1.592901|vol_z_13_sft <= -0.392608,LONG,Ret_72,327,258,1.3604,1.2843
vol_z_144_sft <= -1.02|bbw_200_sft <= 0.043372,LONG,Ret_96,248,132,1.251,1.4824
std_8_sft <= 1.072658|vol_z_21_sft <= -1.35|vol_z_55_sft <= -1.835457,LONG,Ret_96,230,64,1.2934,1.9959
std_8_sft <= 0.726908|std_13_sft <= 5.688889,LONG,Ret_96,278,65,1.3266,1.5878
std_21_sft <= Close_sft|vol_z_89_sft <= -1.58,LONG,Ret_96,267,168,1.2934,1.3295
natr_200_sft >= -6.19|std_13_sft <= 0.98,LONG,Ret_96,234,45,1.2927,1.6817
std_8_sft <= 0.726908|natr_24_sft <= 0.344588,LONG,Ret_96,277,65,1.2825,1.593
vol_z_21_sft >= -0.307313|std_8_sft <= 4.41928|bbw_5_sft <= 0.002248,LONG,Ret_96,314,154,1.2994,1.4382
std_24_sft >= 5.56|std_13_sft <= 3.640449,LONG,Ret_72,277,207,1.2793,1.519
std_8_sft <= 0.726908|natr_21_sft <= 0.3462,LONG,Ret_96,277,65,1.281,1.593
vol_z_8_sft <= 0.94727|std_8_sft <= 0.726908,LONG,Ret_96,278,65,1.3047,1.593
vol_z_55_sft <= -1.307981|bbw_24_sft >= 0.00949|vol_z_144_sft <= Close_sft,LONG,Ret_96,210,154,1.4025,1.6054
vol_z_8_sft <= 0.94727|vol_z_144_sft >= -6.37|std_8_sft <= 0.726908,LONG,Ret_96,278,65,1.3047,1.593
vol_z_5_sft <= -1.376641|bbw_34_sft <= 0.008132|vol_z_8_sft <= 0.94727,LONG,Ret_72,266,109,1.3069,1.6854
vol_z_144_sft <= -0.446939|vol_z_48_sft >= -0.88,LONG,Ret_96,263,157,1.3431,1.3431
vol_z_5_sft <= -1.376641|bbw_34_sft <= 0.008132,LONG,Ret_72,266,109,1.3069,1.6854
bbw_13_sft <= 0.010172|std_8_sft >= 2.760613|vol_z_24_sft >= 0.751257,LONG,Ret_96,233,182,1.2513,1.6529
std_21_sft <= 2.016376|std_8_sft <= 1.683368,LONG,Ret_96,300,70,1.2908,1.5171
vol_z_24_sft >= 1.597743|natr_13_sft >= 0.277146,LONG,Ret_72,246,208,1.2782,1.3788
vol_z_24_sft >= -0.291953|natr_5_sft <= 0.211623,LONG,Ret_96,276,129,1.3054,1.8454
std_21_sft <= 2.016376|bbw_8_sft <= 0.004852,LONG,Ret_96,302,75,1.2837,1.5279
std_21_sft <= 2.016376|bbw_55_sft <= Close_sft|std_13_sft <= 2.287618,LONG,Ret_96,314,75,1.2545,1.4985
vol_z_48_sft <= -1.799152|vol_z_89_sft <= -1.370045,LONG,Ret_96,242,148,1.259,1.4766
bbw_55_sft <= Close_sft|std_34_sft >= 1.954364|natr_5_sft <= 0.162398,LONG,Ret_96,286,144,1.2725,1.5464
vol_z_200_sft <= -0.5693|vol_z_21_sft >= 1.674621,LONG,Ret_72,232,141,1.4771,1.4102
natr_24_sft >= 0.155439|bbw_24_sft >= -4.43|std_8_sft <= 0.726908,LONG,Ret_96,254,57,1.3209,1.7033
bbw_21_sft >= 0.004404|vol_z_24_sft >= 0.751257|bbw_13_sft <= 0.006566,LONG,Ret_96,233,110,1.2808,1.9096
natr_5_sft <= 0.211623|vol_z_5_sft <= -1.157032|bbw_5_sft <= 0.001474,LONG,Ret_96,262,121,1.2518,1.7054
natr_200_sft >= 0.227102|std_5_sft <= 1.24561,LONG,Ret_96,211,147,1.2637,1.5246
vol_z_55_sft <= -1.835457|std_8_sft <= 1.072658,LONG,Ret_96,238,69,1.2869,1.9595
natr_5_sft >= 0.378965|vol_z_55_sft >= -1.307981|natr_120_sft <= 0.327401,LONG,Ret_72,217,159,1.2839,1.7172
std_13_sft >= 1.469158|vol_z_120_sft >= -1.410417|std_5_sft <= 0.75881,LONG,Ret_96,325,144,1.2524,1.5911
bbw_21_sft <= 0.006008|std_21_sft <= 2.016376|bbw_13_sft <= 0.006566,LONG,Ret_96,304,76,1.2741,1.5
std_8_sft <= 0.726908|std_21_sft >= 1.89,LONG,Ret_96,247,63,1.2954,1.656
std_8_sft >= 1.683368|vol_z_89_sft <= 3.55|std_5_sft <= 0.75881,LONG,Ret_96,300,140,1.303,1.4646
std_5_sft <= 0.75881|std_8_sft >= 1.683368,LONG,Ret_96,300,140,1.303,1.4646
vol_z_13_sft >= -0.392608|std_34_sft <= Close_sft|bbw_5_sft <= 0.002248,LONG,Ret_96,296,154,1.2586,1.7899
natr_5_sft <= 8.9|vol_z_120_sft >= -1.410417|natr_8_sft <= 0.215186,LONG,Ret_96,309,154,1.2829,1.4769
vol_z_48_sft >= 0.45|natr_5_sft <= 0.211623,LONG,Ret_96,205,101,1.4084,1.6533
natr_200_sft >= 0.227102|std_13_sft <= 2.287618,LONG,Ret_72,249,117,1.3519,1.4904
bbw_5_sft <= 0.002248|vol_z_13_sft >= -0.392608,LONG,Ret_96,296,154,1.2586,1.7899
bbw_13_sft >= 0.00438|vol_z_48_sft <= -1.799152|bbw_55_sft >= 0.007986,LONG,Ret_96,200,144,1.2885,1.5681
vol_z_34_sft >= -0.271333|bbw_34_sft <= 0.008132|bbw_144_sft <= Close_sft,LONG,Ret_96,209,102,1.3137,1.6488
natr_13_sft >= 0.277146|vol_z_21_sft >= 1.674621,LONG,Ret_72,253,213,1.2737,1.3555
vol_z_21_sft <= Close_sft|bbw_8_sft <= 0.004852|std_24_sft >= 5.149226,LONG,Ret_72,292,282,1.3342,1.3638
bbw_24_sft <= 0.006573|bbw_89_sft <= 0.020122|vol_z_21_sft <= Close_sft,LONG,Ret_72,284,122,1.3348,1.5031
std_8_sft <= 0.726908|natr_34_sft >= 0.158195,LONG,Ret_96,250,57,1.3189,1.677
std_8_sft <= 0.726908|std_21_sft >= 1.442227,LONG,Ret_96,266,65,1.3181,1.6011
natr_200_sft >= 0.227102|natr_8_sft <= 0.280445,LONG,Ret_96,200,163,1.4286,1.4678
vol_z_13_sft <= -1.592901|vol_z_34_sft <= Close_sft|std_24_sft >= 3.3073,LONG,Ret_72,320,260,1.2827,1.2919
std_48_sft >= 2.419202|std_8_sft <= 0.726908,LONG,Ret_96,264,65,1.2864,1.593
bbw_8_sft <= 0.002194|std_21_sft <= 9.05,LONG,Ret_96,301,147,1.2713,1.4851
bbw_24_sft >= 0.004823|vol_z_48_sft <= -1.799152|std_120_sft >= 4.1604,LONG,Ret_72,293,193,1.2742,1.374
std_8_sft >= 1.072658|vol_z_200_sft <= -1.519421,LONG,Ret_96,208,129,1.2522,1.7095
natr_13_sft <= Close_sft|vol_z_34_sft <= 0.788692|std_8_sft <= 0.726908,LONG,Ret_96,275,65,1.2816,1.5929
vol_z_34_sft >= -1.774818|vol_z_89_sft <= -1.370045|vol_z_13_sft <= -1.248446,LONG,Ret_72,263,167,1.4447,1.3487
bbw_5_sft >= 0.009348|std_13_sft <= 3.640449,LONG,Ret_96,232,38,1.2672,1.4497
bbw_144_sft >= 0.01412|vol_z_21_sft >= 1.674621|natr_13_sft >= 0.277146,LONG,Ret_72,247,212,1.2823,1.366
vol_z_144_sft <= -0.446939|vol_z_24_sft >= 0.751257,LONG,Ret_96,223,138,1.3951,1.3945
std_8_sft <= 0.726908|natr_48_sft <= 0.335629,LONG,Ret_96,275,64,1.2701,1.6354
vol_z_200_sft <= -0.5693|natr_13_sft <= 0.217387|std_8_sft >= 1.683368,LONG,Ret_96,201,119,1.3004,1.594
bbw_34_sft <= 0.008132|vol_z_120_sft <= Close_sft|vol_z_8_sft <= -1.248868,LONG,Ret_72,307,134,1.2627,1.452
vol_z_48_sft <= -1.799152|vol_z_13_sft >= -1.592901|natr_89_sft <= Close_sft,LONG,Ret_96,274,166,1.2718,1.3835
vol_z_200_sft >= -3.12|std_8_sft <= 0.726908|bbw_13_sft <= Close_sft,LONG,Ret_96,279,64,1.3082,1.5311
std_8_sft <= 0.726908|vol_z_24_sft <= -1.190366,LONG,Ret_96,238,48,1.362,2.1257
natr_5_sft >= 0.378965|vol_z_120_sft >= -0.86|vol_z_200_sft <= 1.801536,LONG,Ret_72,202,174,1.3283,1.4324
bbw_34_sft <= 0.008132|bbw_24_sft <= 0.00949|vol_z_8_sft <= -1.545812,LONG,Ret_72,249,99,1.3443,1.5306
vol_z_55_sft <= -1.307981|bbw_21_sft >= 0.0088|natr_144_sft >= -4.16,LONG,Ret_96,213,153,1.3601,1.5263
vol_z_55_sft <= 1.671507|std_8_sft <= 1.683368|bbw_8_sft <= 0.002194,LONG,Ret_96,304,148,1.2547,1.5045
std_120_sft <= 11.990304|bbw_8_sft <= 0.002194,LONG,Ret_96,259,84,1.2929,1.6432
bbw_8_sft <= 0.002194|natr_8_sft <= 0.280445,LONG,Ret_96,301,148,1.2515,1.5429
vol_z_34_sft >= -0.74|bbw_48_sft <= 0.014148|natr_5_sft <= 0.211623,LONG,Ret_96,239,110,1.3298,1.8045
vol_z_144_sft <= -0.446939|bbw_120_sft <= 0.0238,LONG,Ret_96,234,114,1.2537,1.5482
bbw_144_sft <= 0.051953|std_8_sft <= 0.726908,LONG,Ret_96,268,63,1.2903,1.7935
vol_z_5_sft <= -1.376641|natr_34_sft <= 0.220473|vol_z_120_sft >= -3.01,LONG,Ret_96,235,92,1.3191,2.1658
vol_z_200_sft <= 0.27|vol_z_55_sft >= -1.307981|bbw_120_sft <= 0.0238,LONG,Ret_96,239,117,1.3037,1.5701
bbw_24_sft <= 0.006573|vol_z_8_sft <= -1.545812,LONG,Ret_96,220,102,1.2822,1.7049
vol_z_13_sft <= Close_sft|natr_24_sft <= 0.344588|natr_5_sft >= 0.378965,LONG,Ret_72,213,167,1.3293,1.6014
vol_z_5_sft <= -0.378751|std_89_sft <= 6.96738,LONG,Ret_72,364,75,1.2709,1.3889
vol_z_34_sft >= 1.630792|natr_89_sft >= 0.222443,LONG,Ret_72,208,189,1.3261,1.4356
vol_z_48_sft >= 0.842775|bbw_13_sft <= 0.006566,LONG,Ret_96,211,113,1.3373,1.6347
vol_z_34_sft <= Close_sft|natr_8_sft <= 0.280445|bbw_13_sft <= 0.003169,LONG,Ret_96,283,126,1.2547,1.7934
std_21_sft <= 2.016376|vol_z_5_sft <= 0.893421,LONG,Ret_96,302,68,1.2691,1.581
bbw_21_sft <= 0.006008|natr_34_sft <= 0.220473,LONG,Ret_96,247,99,1.2711,1.7533
bbw_120_sft <= 0.0238|vol_z_55_sft >= -0.290199|bbw_34_sft <= Close_sft,LONG,Ret_96,256,127,1.2638,1.4191
bbw_8_sft <= 0.002194|bbw_13_sft >= 0.00438,LONG,Ret_96,245,126,1.3934,1.4999
natr_8_sft >= 0.170214|natr_200_sft >= 0.227102|std_24_sft <= 7.668578,LONG,Ret_96,221,160,1.2745,1.4086
bbw_144_sft <= Close_sft|natr_89_sft >= 0.222443|vol_z_34_sft >= 1.630792,LONG,Ret_72,208,189,1.3261,1.4356
std_34_sft >= 2.735518|bbw_200_sft <= 0.043372|bbw_8_sft <= 0.002194,LONG,Ret_96,227,117,1.273,1.9457
bbw_24_sft <= 0.00949|bbw_5_sft <= 0.002248,LONG,Ret_96,337,175,1.2528,1.3124
vol_z_89_sft >= -1.877272|natr_5_sft <= 0.162398|natr_200_sft <= 4.31,LONG,Ret_96,280,122,1.2992,1.4667
vol_z_24_sft >= -0.291953|natr_13_sft <= 0.353002|bbw_120_sft <= 0.0238,LONG,Ret_96,277,133,1.2794,1.541
natr_8_sft <= 0.280445|vol_z_144_sft <= Close_sft|bbw_5_sft >= 0.009348,LONG,Ret_96,211,119,1.2874,2.0156
bbw_8_sft <= 0.004852|std_21_sft >= 5.24,LONG,Ret_72,271,275,1.2913,1.4031
vol_z_13_sft >= 0.97029|std_144_sft <= 7.06,LONG,Ret_72,220,20,1.3979,2.5367
natr_5_sft <= 0.162398|vol_z_89_sft >= -1.877272|std_48_sft >= -6.78,LONG,Ret_96,280,122,1.2992,1.4667
vol_z_24_sft >= 0.751257|vol_z_55_sft <= -0.290199,LONG,Ret_72,253,144,1.2689,1.5717
bbw_24_sft <= 0.014312|std_8_sft <= 0.726908,LONG,Ret_96,263,55,1.2823,1.9276
vol_z_144_sft <= -0.446939|vol_z_8_sft >= 1.642852,LONG,Ret_96,256,160,1.2997,1.2792
vol_z_200_sft <= -0.5693|natr_5_sft <= 0.162398|vol_z_55_sft <= Close_sft,LONG,Ret_96,227,116,1.2677,1.6872
std_200_sft <= 23.582862|std_8_sft <= 0.726908,LONG,Ret_96,269,60,1.2728,1.6864
bbw_48_sft >= 0.010012|std_55_sft >= 5.307895|bbw_13_sft <= 0.00438,LONG,Ret_72,281,211,1.2567,1.4532
natr_200_sft >= 0.227102|std_8_sft <= 1.072658,LONG,Ret_72,204,84,1.3003,1.7315
std_8_sft <= 0.726908|vol_z_120_sft <= 0.930988,LONG,Ret_96,267,63,1.2611,1.5712
natr_5_sft >= 0.378965|bbw_144_sft <= 0.051953|bbw_5_sft >= 0.005822,LONG,Ret_72,228,181,1.2763,1.4882
std_13_sft <= 2.61|bbw_13_sft >= 0.00438|vol_z_48_sft <= -1.799152,LONG,Ret_72,226,67,1.3336,1.9074
vol_z_13_sft <= 0.97029|std_8_sft <= 0.726908,LONG,Ret_96,279,65,1.2749,1.593
vol_z_5_sft >= -0.378751|bbw_5_sft <= 0.002248,LONG,Ret_96,308,168,1.2707,1.5502
bbw_120_sft <= 0.034196|vol_z_48_sft <= -1.799152|bbw_24_sft <= 0.014312,LONG,Ret_96,244,116,1.2535,1.6417
vol_z_8_sft <= -0.389454|natr_200_sft >= 0.227102|bbw_55_sft <= 0.031868,LONG,Ret_96,210,180,1.2652,1.459
vol_z_8_sft <= 0.94727|std_200_sft >= 5.571106|vol_z_48_sft <= -1.799152,LONG,Ret_72,305,199,1.3035,1.3356
vol_z_5_sft <= -1.157032|vol_z_144_sft <= -1.457436,LONG,Ret_96,210,133,1.2626,1.5407
bbw_55_sft >= 0.010807|std_8_sft <= 0.726908,LONG,Ret_96,235,56,1.2806,1.6177
std_8_sft <= 0.726908|bbw_48_sft <= 0.029847,LONG,Ret_96,275,62,1.2946,1.5312
vol_z_48_sft <= -1.799152|vol_z_5_sft <= 6.26|vol_z_144_sft <= -0.77,LONG,Ret_96,213,131,1.2689,1.584
std_8_sft <= 0.726908|vol_z_200_sft <= 1.801536,LONG,Ret_96,276,65,1.2674,1.639
vol_z_48_sft <= -1.286116|vol_z_34_sft <= Close_sft|bbw_13_sft >= 0.006566,LONG,Ret_96,211,170,1.3317,1.5068
natr_200_sft >= 0.227102|std_8_sft <= 1.683368,LONG,Ret_96,206,118,1.3782,1.4312
vol_z_120_sft <= -0.408338|std_8_sft <= 0.7|bbw_21_sft <= Close_sft,LONG,Ret_96,208,49,1.3308,2.1505
bbw_5_sft <= 0.001474|vol_z_200_sft <= -0.5693,LONG,Ret_96,232,125,1.2644,1.695
natr_24_sft >= 0.219751|bbw_21_sft <= 0.0088|vol_z_13_sft >= 0.73,LONG,Ret_96,208,160,1.3369,1.4433
vol_z_8_sft <= -1.248868|std_34_sft <= 4.050388|natr_5_sft <= 0.162398,LONG,Ret_96,264,73,1.274,1.3389
vol_z_8_sft <= -1.545812|std_144_sft <= 7.82,LONG,Ret_96,201,25,1.3123,1.5436
std_13_sft <= Close_sft|std_144_sft <= 6.7|natr_55_sft <= 0.334023,LONG,Ret_72,223,19,1.3135,2.4818
std_5_sft <= 0.492177|bbw_34_sft <= 0.008132,LONG,Ret_72,239,53,1.3993,1.5055
std_24_sft <= 8.93|bbw_8_sft <= 0.002194,LONG,Ret_96,301,144,1.2713,1.4458
bbw_5_sft <= 0.005822|vol_z_55_sft <= -2.13,LONG,Ret_96,208,114,1.3072,1.5012
bbw_48_sft <= Close_sft|vol_z_200_sft <= -0.5693|bbw_5_sft <= 0.001474,LONG,Ret_96,232,125,1.2644,1.695
vol_z_34_sft <= 9.61|std_8_sft <= 0.726908|vol_z_21_sft <= -1.200137,LONG,Ret_96,245,50,1.3302,2.2014
vol_z_55_sft >= -0.92|vol_z_144_sft <= -0.446939,LONG,Ret_96,261,156,1.3091,1.3524
vol_z_21_sft >= -0.307313|bbw_48_sft <= 0.014148|vol_z_8_sft <= -1.248868,LONG,Ret_96,250,126,1.2698,1.9505
bbw_34_sft <= 0.008132|bbw_89_sft <= 0.020122,LONG,Ret_96,222,100,1.2727,1.591
vol_z_21_sft <= -1.673403|bbw_200_sft >= 0.031557|vol_z_200_sft >= -1.519421,LONG,Ret_48,242,183,1.2967,1.4891
bbw_5_sft <= 0.002248|vol_z_34_sft >= 0.788692,LONG,Ret_96,214,106,1.2601,1.457
bbw_200_sft >= 0.031557|vol_z_5_sft >= -0.378751|bbw_34_sft <= 0.011669,LONG,Ret_96,201,131,1.2655,1.6153
std_55_sft >= 3.661666|natr_24_sft >= 0.219751|natr_5_sft <= 0.211623,LONG,Ret_48,313,253,1.3272,1.441
bbw_13_sft <= 0.006566|std_34_sft >= 2.12|vol_z_48_sft >= 0.842775,LONG,Ret_96,206,113,1.3374,1.6347
std_8_sft <= 4.97|natr_5_sft >= 0.38,LONG,Ret_72,222,119,1.3433,1.4233
bbw_34_sft >= 0.017355|bbw_13_sft <= 0.006566|bbw_200_sft <= Close_sft,LONG,Ret_48,288,204,1.3524,1.5176
bbw_5_sft >= 0.009348|natr_13_sft >= 0.277146,LONG,Ret_72,256,228,1.2522,1.3072
bbw_24_sft <= 0.00949|bbw_5_sft >= 0.009348,LONG,Ret_96,214,123,1.2934,1.341
vol_z_24_sft <= -1.190366|std_8_sft <= 0.726908|natr_24_sft <= 0.344588,LONG,Ret_96,237,48,1.3258,2.1257
std_24_sft <= 7.668578|natr_5_sft >= 0.378965|std_55_sft >= -1.23,LONG,Ret_72,250,132,1.261,1.3974
natr_24_sft <= 0.344588|natr_120_sft >= 0.185329|natr_5_sft >= 0.378965,LONG,Ret_72,205,166,1.3332,1.5691
std_8_sft <= 1.683368|natr_89_sft >= 0.222443|natr_144_sft >= 0.225372,LONG,Ret_96,206,117,1.3411,1.5069
bbw_5_sft <= 0.002248|natr_200_sft >= 0.227102,LONG,Ret_72,249,212,1.3716,1.2738
bbw_8_sft <= 0.002194|natr_21_sft >= -4.89,LONG,Ret_96,304,153,1.2543,1.2667
natr_5_sft <= 0.211623|bbw_48_sft >= 0.021014,LONG,Ret_48,237,151,1.4024,1.1964
std_8_sft >= 1.072658|std_5_sft <= 0.75881,LONG,Ret_96,358,164,1.272,1.5459
bbw_200_sft >= 0.031557|std_21_sft <= 4.77108|natr_5_sft <= 0.211623,LONG,Ret_96,208,98,1.2885,2.0263
bbw_5_sft <= 0.001474|std_55_sft <= 3.661666|natr_21_sft <= Close_sft,LONG,Ret_72,206,33,1.2631,1.0906
bbw_8_sft <= 0.002194|natr_24_sft <= Close_sft,LONG,Ret_96,304,153,1.2543,1.2667
vol_z_144_sft <= 0.950722|natr_144_sft >= 0.225372,LONG,Ret_72,263,228,1.2523,1.26
natr_5_sft <= 0.378965|natr_5_sft <= 6.17|std_8_sft <= 0.726908,LONG,Ret_96,278,65,1.3151,1.593
natr_5_sft >= 0.378965|natr_24_sft <= 0.344588,LONG,Ret_72,213,167,1.3293,1.6014
vol_z_24_sft <= -0.291953|bbw_34_sft <= 0.006005|vol_z_120_sft <= Close_sft,LONG,Ret_48,249,94,1.2663,0.9713
std_200_sft <= 10.871477|vol_z_21_sft <= -0.86,LONG,Ret_96,238,47,1.2796,0.8119
std_48_sft <= 3.38|natr_24_sft >= -4.45,LONG,Ret_96,258,45,1.2549,1.1669
std_5_sft <= 9.15|vol_z_200_sft >= -1.519421|std_48_sft <= 3.378221,LONG,Ret_96,207,35,1.4024,0.9453
std_89_sft >= 3.540767|std_8_sft <= 0.726908,LONG,Ret_96,264,64,1.2906,1.4431
vol_z_34_sft <= Close_sft|std_48_sft <= 3.378221|vol_z_8_sft <= 1.642852,LONG,Ret_96,256,43,1.27,1.0199
std_34_sft <= 4.050388|natr_21_sft >= 0.219369,LONG,Ret_96,228,78,1.2744,1.5169
vol_z_34_sft >= -1.774818|std_144_sft <= 9.075485|vol_z_89_sft >= -1.877272,LONG,Ret_96,274,57,1.2587,1.0054
bbw_8_sft <= 0.002194|std_55_sft >= -8.61,LONG,Ret_96,304,153,1.2543,1.2667
std_8_sft <= 4.41928|std_8_sft <= 0.726908|std_48_sft <= Close_sft,LONG,Ret_96,279,65,1.3082,1.593
std_21_sft >= 1.442227|vol_z_48_sft <= -1.799152,LONG,Ret_96,259,172,1.2823,1.5654
std_21_sft <= Close_sft|bbw_8_sft <= 0.002194|vol_z_24_sft <= Close_sft,LONG,Ret_96,304,153,1.2543,1.2667
std_55_sft <= 3.661666|vol_z_5_sft <= -1.157032,LONG,Ret_96,217,33,1.2587,0.8187
std_24_sft <= Close_sft|bbw_144_sft <= 0.018355|natr_21_sft <= 0.219369,LONG,Ret_48,248,78,1.2891,1.8736
std_21_sft <= 2.016376|std_120_sft <= 5.568195|bbw_89_sft <= Close_sft,LONG,Ret_48,219,8,1.3112,1.2551
std_48_sft <= 3.378221|vol_z_144_sft <= 5.99,LONG,Ret_96,258,45,1.2583,1.1723
vol_z_34_sft >= -5.17|std_48_sft <= 3.378221,LONG,Ret_96,258,45,1.2583,1.1723
std_34_sft <= 2.15|natr_144_sft >= -6.59,LONG,Ret_96,211,24,1.2508,1.2072
bbw_8_sft <= 0.002194|vol_z_144_sft <= -0.446939,LONG,Ret_96,223,113,1.2678,1.315
bbw_5_sft <= 0.002248|vol_z_21_sft >= 0.803529,LONG,Ret_96,200,90,1.3427,2.368
std_48_sft <= 3.378221|bbw_34_sft <= Close_sft,LONG,Ret_96,258,45,1.2583,1.1723
bbw_8_sft <= 0.004852|bbw_34_sft >= 0.017355,LONG,Ret_24,419,311,1.3672,1.2484
natr_24_sft >= 0.219751|vol_z_34_sft >= -1.260982|vol_z_89_sft <= -0.334506,LONG,Ret_72,202,179,1.2532,1.2436
std_8_sft <= 0.76|bbw_120_sft <= Close_sft,LONG,Ret_96,285,71,1.2696,1.5694
std_8_sft <= 0.726908|bbw_200_sft <= 0.061954,LONG,Ret_96,266,61,1.3307,1.8055
std_120_sft <= 5.568195|bbw_21_sft >= 0.004404|bbw_21_sft <= Close_sft,LONG,Ret_48,270,16,1.2603,0.4316
vol_z_13_sft <= 0.97029|natr_24_sft <= 0.27492|bbw_21_sft >= 0.0088,LONG,Ret_96,314,175,1.2726,1.86
bbw_5_sft <= 0.001474|std_8_sft <= 0.726908|std_55_sft <= 5.307895,LONG,Ret_72,223,27,1.2821,1.1148
bbw_13_sft >= 0.00438|std_144_sft <= 6.184653,LONG,Ret_48,251,13,1.2923,2.0456
bbw_24_sft >= 0.006573|bbw_21_sft <= 0.006008,LONG,Ret_96,290,143,1.2839,1.5024
std_8_sft <= 0.726908|vol_z_34_sft <= 1.630792,LONG,Ret_96,279,65,1.3082,1.593
vol_z_144_sft <= -1.457436|bbw_200_sft <= 0.061954|bbw_13_sft <= 0.006566,LONG,Ret_96,218,127,1.2613,1.3223
vol_z_200_sft >= -1.519421|std_5_sft <= 0.75881,LONG,Ret_96,329,144,1.277,1.6664
std_5_sft <= 0.75881|bbw_48_sft >= 0.021014,LONG,Ret_48,246,103,1.3733,1.1185
vol_z_55_sft <= -0.290199|vol_z_8_sft <= 2.64|vol_z_24_sft >= -0.291953,LONG,Ret_96,315,193,1.2509,1.6252
vol_z_55_sft >= -1.307981|vol_z_120_sft <= -0.75,LONG,Ret_96,275,170,1.3056,1.6168
natr_55_sft <= 0.221245|vol_z_48_sft >= 0.842775,LONG,Ret_48,248,84,1.2694,1.6764
std_48_sft <= 3.378221|vol_z_89_sft <= 1.737015,LONG,Ret_96,258,45,1.268,1.1711
std_55_sft <= Close_sft|std_8_sft <= 0.726908|vol_z_144_sft <= -0.446939,LONG,Ret_96,212,53,1.3988,2.2146
natr_48_sft >= 0.22116|natr_144_sft >= 0.225372|vol_z_24_sft >= 1.597743,LONG,Ret_72,205,197,1.2706,1.1665
natr_8_sft <= 0.280445|std_13_sft >= 3.640449,LONG,Ret_96,274,211,1.2953,1.536
std_89_sft <= 6.96738|std_34_sft >= 4.050388,LONG,Ret_72,293,77,1.3158,1.2512
std_55_sft <= 7.980703|natr_13_sft <= 0.149287,LONG,Ret_48,220,48,1.2918,1.4649
bbw_89_sft <= 0.020122|vol_z_144_sft >= -1.457436|natr_55_sft <= 0.275054,LONG,Ret_96,263,129,1.3718,1.6353
std_21_sft <= Close_sft|std_48_sft <= 3.378221,LONG,Ret_96,258,45,1.2583,1.1723
vol_z_5_sft <= -1.157032|natr_5_sft <= 0.211623,LONG,Ret_96,359,190,1.2553,1.5841
vol_z_8_sft <= -1.545812|natr_8_sft <= 0.363757|vol_z_13_sft >= -1.248446,LONG,Ret_96,312,181,1.2927,1.5186
bbw_13_sft <= 0.010172|vol_z_48_sft >= 1.657311,LONG,Ret_72,205,124,1.2666,1.3491
std_8_sft <= 0.726908|vol_z_120_sft <= Close_sft|natr_34_sft <= 3.43,LONG,Ret_96,279,65,1.3082,1.593
std_48_sft <= 3.378221|bbw_8_sft >= 0.003177,LONG,Ret_96,254,43,1.2758,1.2242
vol_z_21_sft <= -1.673403|bbw_200_sft >= 0.031557,LONG,Ret_48,284,221,1.3076,1.3664
natr_21_sft <= 0.219369|vol_z_34_sft >= -0.271333|vol_z_120_sft <= Close_sft,LONG,Ret_96,225,84,1.3451,1.5464
natr_144_sft >= 0.225372|std_8_sft <= 1.683368,LONG,Ret_96,210,120,1.3622,1.492
std_34_sft >= 6.19043|vol_z_5_sft <= -1.376641,LONG,Ret_48,313,360,1.2792,1.1798
std_8_sft <= 0.726908|std_5_sft <= 0.75881,LONG,Ret_96,274,61,1.2588,1.4542
std_13_sft <= 1.045182|natr_5_sft <= 0.132175|natr_21_sft <= 0.179614,LONG,Ret_48,224,34,1.2657,1.1342
std_8_sft <= 0.726908|bbw_24_sft <= 0.014312,LONG,Ret_96,263,55,1.2823,1.9276
std_8_sft <= 0.726908|bbw_5_sft <= 0.009348,LONG,Ret_96,279,65,1.3082,1.593
std_200_sft <= 8.26|std_21_sft >= 3.054573,LONG,Ret_48,218,16,1.3554,1.9084
vol_z_48_sft <= -1.86|bbw_48_sft >= 0.007403|bbw_120_sft >= -3.6,LONG,Ret_96,255,160,1.2872,1.4518
std_144_sft <= 6.66|bbw_48_sft >= 0.007403,LONG,Ret_72,210,19,1.2952,2.2086
natr_21_sft <= 0.3462|natr_200_sft >= 0.227102,LONG,Ret_96,212,176,1.28,1.4274
std_200_sft <= 10.871477|vol_z_48_sft >= 0.842775,LONG,Ret_48,295,53,1.2771,0.9683
std_200_sft <= 8.94|natr_5_sft <= 0.378965,LONG,Ret_96,199,22,1.2671,0.8579
vol_z_120_sft >= -9.97|std_34_sft >= 6.19043|bbw_8_sft <= 0.004852,LONG,Ret_48,321,361,1.2938,1.4726
vol_z_144_sft <= -0.446939|vol_z_34_sft >= 0.788692,LONG,Ret_96,208,123,1.3307,1.4202
vol_z_34_sft >= 1.630792|std_13_sft <= 3.640449,LONG,Ret_96,217,56,1.2732,1.1651
bbw_8_sft <= 0.002194|natr_200_sft >= -7.83,LONG,Ret_96,304,153,1.2543,1.2667
vol_z_5_sft <= -1.376641|std_200_sft <= Close_sft|bbw_24_sft <= 0.006573,LONG,Ret_96,225,107,1.2713,1.7513
std_48_sft >= 2.419202|std_5_sft <= 0.75881,LONG,Ret_96,372,168,1.2651,1.6391
bbw_8_sft <= 0.002194|bbw_34_sft <= 6.39,LONG,Ret_96,304,153,1.2543,1.2667
vol_z_8_sft <= -1.248868|natr_13_sft <= 0.277146|vol_z_200_sft >= -0.5693,LONG,Ret_96,229,122,1.3168,1.6255
natr_24_sft <= 0.344588|std_48_sft <= 3.56,LONG,Ret_96,271,54,1.2528,1.2352
bbw_13_sft >= 0.00438|std_13_sft <= Close_sft|vol_z_21_sft <= -1.200137,LONG,Ret_96,340,227,1.2538,1.3371
vol_z_55_sft >= -0.290199|bbw_120_sft <= 0.0238,LONG,Ret_96,256,127,1.2638,1.4191
bbw_13_sft >= 0.00438|vol_z_89_sft <= -1.370045,LONG,Ret_48,384,249,1.2774,1.2378
bbw_8_sft <= 0.002194|vol_z_21_sft <= 0.803529,LONG,Ret_96,303,151,1.2895,1.2249
std_200_sft <= 9.2|std_200_sft <= 10.871477,LONG,Ret_96,205,23,1.2993,0.7929
bbw_55_sft >= 0.02261|std_13_sft <= 5.688889|natr_8_sft <= 0.280445,LONG,Ret_48,243,161,1.3232,1.3087
std_21_sft <= 4.77108|std_144_sft <= 9.075485|vol_z_200_sft <= -0.5693,LONG,Ret_96,207,48,1.3182,1.0834
vol_z_200_sft <= 1.801536|std_48_sft <= 3.378221,LONG,Ret_96,257,45,1.2645,1.173
bbw_21_sft >= 0.004404|vol_z_89_sft <= Close_sft|std_8_sft <= 0.726908,LONG,Ret_96,266,59,1.3287,1.6669
natr_55_sft >= -9.76|bbw_8_sft <= 0.002194,LONG,Ret_96,304,153,1.2543,1.2667
std_89_sft <= 4.785471|vol_z_24_sft >= -0.291953|vol_z_5_sft >= 0.893421,LONG,Ret_48,238,23,1.2964,1.0053
bbw_144_sft <= 0.02626|std_200_sft <= 10.871477,LONG,Ret_72,291,59,1.3166,1.0677
bbw_21_sft <= 0.006008|std_13_sft <= 1.469158|bbw_13_sft >= 0.003169,LONG,Ret_96,247,14,1.2805,2.8935
std_89_sft <= Close_sft|vol_z_55_sft >= -1.835457|std_8_sft <= 0.726908,LONG,Ret_96,255,55,1.2505,0.9995
std_89_sft <= 5.23|bbw_5_sft <= 0.001474,LONG,Ret_48,256,26,1.2665,1.3676
natr_5_sft <= 0.162398|vol_z_55_sft <= Close_sft|std_120_sft <= 8.227266,LONG,Ret_96,233,40,1.2615,0.7428
natr_13_sft >= 0.217387|vol_z_55_sft >= -1.835457|std_21_sft <= 2.016376,LONG,Ret_48,220,26,1.2883,0.7261
vol_z_21_sft >= -0.307313|std_21_sft <= 3.054573|vol_z_5_sft >= 1.435161,LONG,Ret_96,290,76,1.3146,1.8967
vol_z_200_sft <= 0.945483|natr_13_sft >= 0.277146|natr_34_sft >= 0.158195,LONG,Ret_72,206,179,1.2806,1.2177
bbw_8_sft <= 0.002194|vol_z_13_sft <= 1.805897,LONG,Ret_96,304,153,1.2543,1.2667
natr_200_sft >= -3.36|bbw_8_sft <= 0.002194,LONG,Ret_96,304,153,1.2543,1.2667
vol_z_24_sft >= 1.597743|bbw_5_sft <= 0.005822,LONG,Ret_48,324,173,1.3173,1.4183
bbw_24_sft >= 0.00949|vol_z_48_sft <= -1.286116,LONG,Ret_96,216,156,1.2706,1.6458
natr_13_sft <= 0.149287|std_120_sft >= 2.3,LONG,Ret_48,220,54,1.2894,1.4082
vol_z_89_sft <= 1.737015|bbw_48_sft >= 0.007403|vol_z_48_sft <= -1.799152,LONG,Ret_72,305,195,1.2985,1.3286
std_48_sft <= 3.378221|natr_13_sft <= 0.353002,LONG,Ret_96,258,45,1.27,1.1723
std_48_sft <= 3.378221|bbw_21_sft <= 4.85,LONG,Ret_96,258,45,1.2583,1.1723
bbw_200_sft <= 0.061954|natr_200_sft >= 0.227102|vol_z_5_sft >= -1.157032,LONG,Ret_96,200,174,1.2992,1.3326
natr_8_sft <= 0.215186|vol_z_144_sft >= -1.457436,LONG,Ret_96,304,152,1.2632,1.4657
natr_200_sft >= -5.68|bbw_144_sft <= Close_sft|std_48_sft <= 3.378221,LONG,Ret_96,258,45,1.2583,1.1723
std_55_sft <= 5.307895|std_5_sft >= 3.430447,LONG,Ret_72,233,75,1.2874,1.0481
bbw_34_sft <= 0.008132|vol_z_5_sft <= 0.893421|bbw_8_sft <= 0.002194,LONG,Ret_72,231,87,1.2575,1.6117
std_21_sft <= 1.74|std_48_sft <= 7.394481,LONG,Ret_96,261,36,1.2509,1.2533
vol_z_13_sft <= -1.592901|std_24_sft >= 5.149226,LONG,Ret_72,213,227,1.4358,1.2507
std_34_sft >= 2.735518|std_13_sft <= 1.045182,LONG,Ret_96,211,45,1.2525,1.953
std_144_sft <= 6.184653|vol_z_8_sft <= -0.389454,LONG,Ret_48,258,13,1.3016,1.6847
bbw_8_sft <= 0.002194|bbw_89_sft >= -3.63,LONG,Ret_96,304,153,1.2543,1.2667
natr_21_sft <= 0.3462|vol_z_48_sft >= 1.657311|std_8_sft <= 4.41928,LONG,Ret_48,292,110,1.2642,1.5547
std_48_sft <= 3.378221|std_120_sft <= Close_sft,LONG,Ret_96,258,45,1.2583,1.1723
std_8_sft <= 0.726908|natr_24_sft >= -2.01|natr_5_sft <= Close_sft,LONG,Ret_96,279,65,1.3082,1.593
std_24_sft <= 2.210957|bbw_34_sft >= 0.008132|vol_z_5_sft <= -0.378751,LONG,Ret_96,215,29,1.2949,1.4181
std_34_sft >= 6.91|vol_z_200_sft <= 0.945483,LONG,Ret_48,229,314,1.3074,1.2449
std_13_sft <= 0.99|bbw_21_sft <= Close_sft,LONG,Ret_96,237,46,1.3011,1.6985
std_48_sft <= 3.378221|natr_55_sft <= Close_sft,LONG,Ret_96,258,45,1.2583,1.1723
std_34_sft >= 0.97|bbw_8_sft >= 0.007711|vol_z_34_sft <= -0.271333,LONG,Ret_96,230,174,1.2711,1.4847
std_89_sft <= 6.96738|natr_5_sft <= 0.162398,LONG,Ret_96,235,51,1.258,1.1965
vol_z_200_sft >= -4.85|bbw_8_sft <= 0.002194,LONG,Ret_96,304,153,1.2543,1.2667
natr_8_sft >= 0.215186|vol_z_89_sft <= -0.334506,LONG,Ret_96,235,179,1.2914,1.6749
natr_120_sft <= Close_sft|std_48_sft <= 3.378221,LONG,Ret_96,258,45,1.2583,1.1723
vol_z_55_sft <= Close_sft|std_34_sft <= 2.39|vol_z_34_sft <= -1.260982,LONG,Ret_96,206,29,1.2546,1.7203
std_13_sft <= 3.640449|bbw_5_sft >= 0.009348,LONG,Ret_96,232,38,1.2672,1.4497
std_8_sft <= 0.726908|std_13_sft <= Close_sft,LONG,Ret_96,279,65,1.3082,1.593
std_48_sft <= 4.17,LONG,Ret_96,320,74,1.2615,1.2638
std_8_sft <= 0.726908|vol_z_144_sft >= -1.457436,LONG,Ret_48,340,47,1.2551,0.7912
std_48_sft <= 3.378221|std_21_sft >= 1.442227,LONG,Ret_96,253,45,1.2761,1.1863
natr_8_sft <= 0.141748|std_34_sft <= 2.735518,LONG,Ret_48,216,32,1.2855,0.8364
bbw_24_sft <= 0.020794|std_48_sft <= 3.378221,LONG,Ret_96,258,45,1.2583,1.1723
std_120_sft >= -6.33|std_34_sft <= 2.735518|std_48_sft <= 4.88495,LONG,Ret_96,262,46,1.2653,0.9873
bbw_34_sft >= 0.017355|std_5_sft <= 1.24561|std_21_sft <= 4.71,LONG,Ret_48,256,65,1.4703,1.3641
vol_z_34_sft >= -0.271333|natr_200_sft >= 0.227102,LONG,Ret_96,211,196,1.2624,1.1942
vol_z_55_sft <= -1.307981|bbw_21_sft >= 0.0088,LONG,Ret_96,213,153,1.3601,1.5263
bbw_13_sft <= 0.010172|bbw_8_sft <= 0.002194,LONG,Ret_96,297,151,1.2641,1.2499
bbw_21_sft >= -2.14|std_200_sft <= 8.44|bbw_13_sft >= 0.00438,LONG,Ret_48,293,18,1.2883,2.0258
std_8_sft <= 0.726908|vol_z_5_sft <= 4.9,LONG,Ret_96,279,65,1.3082,1.593
vol_z_13_sft <= -1.592901|vol_z_55_sft >= -1.835457|natr_120_sft <= 4.0,LONG,Ret_72,428,259,1.2503,1.412
std_24_sft <= 2.210957|vol_z_24_sft >= -0.291953,LONG,Ret_96,241,35,1.3179,1.2672
bbw_21_sft >= 0.0088|vol_z_55_sft <= -1.307981|bbw_24_sft <= Close_sft,LONG,Ret_96,213,153,1.3601,1.5263
std_144_sft <= 6.52|std_34_sft <= 2.735518|vol_z_8_sft >= -3.74,LONG,Ret_48,217,9,1.3139,1.4028
std_8_sft <= 0.726908|std_55_sft >= 3.661666|bbw_89_sft >= 0.010654,LONG,Ret_96,236,62,1.2696,1.5967
natr_55_sft >= 0.183506|vol_z_48_sft <= -1.799152,LONG,Ret_72,242,185,1.2606,1.3092
vol_z_21_sft >= 0.803529|natr_48_sft <= 0.22116,LONG,Ret_96,207,74,1.3497,1.9574
std_144_sft <= 9.075485|vol_z_200_sft <= -0.5693,LONG,Ret_96,210,51,1.3062,1.1633
vol_z_13_sft <= -1.592901|bbw_34_sft >= 0.017355,LONG,Ret_72,210,165,1.3696,1.3183
bbw_120_sft <= 0.0238|std_200_sft >= 7.585233,LONG,Ret_72,257,175,1.2506,1.3123
std_55_sft <= 11.956969|bbw_21_sft <= 0.006008,LONG,Ret_96,329,141,1.2842,1.4946
std_8_sft <= 0.726908|vol_z_13_sft <= 3.5|vol_z_144_sft >= -1.945098,LONG,Ret_96,262,53,1.2773,1.4756
vol_z_55_sft <= -1.307981|std_144_sft <= 9.075485,LONG,Ret_96,210,45,1.2937,0.6164
vol_z_8_sft <= -1.248868|bbw_48_sft <= 0.010012,LONG,Ret_72,256,111,1.2675,1.4198
vol_z_144_sft <= -0.446939|std_120_sft <= 5.568195,LONG,Ret_48,218,13,1.3402,1.0909
vol_z_200_sft <= -1.519421|vol_z_34_sft >= -0.271333,LONG,Ret_48,220,135,1.3262,1.2373
natr_34_sft <= 0.220473|vol_z_21_sft >= 0.803529,LONG,Ret_96,208,73,1.3348,1.5241
bbw_5_sft >= 0.009348|bbw_24_sft <= 0.00949,LONG,Ret_96,214,123,1.2934,1.341
bbw_21_sft <= 0.013332|std_24_sft >= 5.149226,LONG,Ret_48,309,400,1.2581,1.2694
vol_z_48_sft <= Close_sft|vol_z_48_sft <= -1.799152|bbw_5_sft <= 0.001474,LONG,Ret_96,214,99,1.3905,1.5727
bbw_5_sft <= Close_sft|bbw_8_sft <= 0.002194,LONG,Ret_96,304,153,1.2543,1.2667
std_13_sft >= 2.287618|std_55_sft <= 3.661666|natr_21_sft <= 0.3462,LONG,Ret_72,244,42,1.292,1.1651
bbw_34_sft >= 0.008132|std_21_sft <= 3.054573|vol_z_34_sft >= 0.788692,LONG,Ret_96,223,32,1.3051,1.9178
std_48_sft <= 3.378221|bbw_13_sft <= Close_sft,LONG,Ret_96,258,45,1.2583,1.1723
std_34_sft <= Close_sft|vol_z_13_sft <= 0.97029|std_8_sft <= 0.726908,LONG,Ret_96,279,65,1.2749,1.593
vol_z_21_sft <= -1.200137|bbw_24_sft >= 0.014312,LONG,Ret_48,242,211,1.3261,1.3074
std_21_sft <= 2.016376|bbw_13_sft >= 0.00438,LONG,Ret_96,276,38,1.2739,1.7266
std_24_sft >= 1.578101|std_120_sft <= 5.568195|vol_z_120_sft <= 1.764268,LONG,Ret_48,269,15,1.2966,0.586
vol_z_13_sft <= 1.805897|std_8_sft <= 0.726908,LONG,Ret_96,279,65,1.3089,1.593
std_8_sft <= 1.072658|std_200_sft <= 10.871477|bbw_34_sft >= -8.1,LONG,Ret_96,235,39,1.2738,0.7333
std_120_sft <= 11.990304|bbw_8_sft <= 0.002194|std_5_sft <= 0.492177,LONG,Ret_96,216,49,1.4872,1.2695
vol_z_34_sft <= 1.630792|bbw_8_sft <= 0.002194,LONG,Ret_96,304,153,1.2543,1.2537
bbw_34_sft <= 9.56|std_144_sft <= 6.72,LONG,Ret_72,226,19,1.2587,2.5404
vol_z_144_sft >= -1.945098|vol_z_144_sft <= Close_sft|std_13_sft <= 1.045182,LONG,Ret_96,235,39,1.2835,1.6654
vol_z_5_sft <= -0.378751|std_144_sft <= 6.184653,LONG,Ret_48,261,13,1.2838,1.689
natr_8_sft <= 0.141748|std_5_sft >= 0.492177,LONG,Ret_72,201,58,1.3024,1.2369
std_48_sft <= 3.378221|bbw_8_sft >= 0.004852,LONG,Ret_96,235,39,1.267,1.4432
std_120_sft <= 11.990304|bbw_8_sft <= 0.002194|natr_200_sft <= Close_sft,LONG,Ret_96,259,84,1.2929,1.6432
std_24_sft >= 1.578101|std_120_sft <= 5.568195,LONG,Ret_48,269,16,1.2821,0.4512
vol_z_24_sft >= 1.597743|vol_z_200_sft <= -0.5693,LONG,Ret_72,215,128,1.4654,1.2874
bbw_8_sft <= 0.002194|bbw_5_sft >= -1.91,LONG,Ret_96,304,153,1.2543,1.2667
vol_z_34_sft <= -1.260982|natr_120_sft <= 9.19|bbw_8_sft <= 0.002194,LONG,Ret_96,246,127,1.2638,1.0276
bbw_8_sft <= 0.012058|bbw_120_sft <= 0.034196|std_8_sft >= 2.760613,LONG,Ret_96,293,197,1.2644,1.4398
vol_z_21_sft >= -1.673403|std_21_sft <= 2.016376|vol_z_144_sft >= -1.457436,LONG,Ret_96,264,52,1.3066,1.6216
bbw_48_sft <= 6.92|natr_200_sft >= 0.227102|vol_z_34_sft <= -0.271333,LONG,Ret_96,203,188,1.3271,1.3419
natr_48_sft <= 0.22116|vol_z_24_sft >= 1.597743,LONG,Ret_72,200,65,1.3345,1.9366
vol_z_21_sft <= -1.200137|bbw_13_sft >= 0.00438,LONG,Ret_96,340,227,1.2538,1.3371
bbw_8_sft >= 0.004852|std_200_sft <= Close_sft|std_34_sft <= 2.735518,LONG,Ret_96,246,34,1.2513,0.9404
vol_z_34_sft <= Close_sft|natr_34_sft <= 0.341322|natr_21_sft >= 0.275318,LONG,Ret_72,208,168,1.3298,1.3048
std_48_sft <= 3.378221|std_55_sft <= Close_sft,LONG,Ret_96,258,45,1.2583,1.1723
bbw_8_sft <= 0.002194|std_8_sft <= Close_sft|natr_89_sft <= Close_sft,LONG,Ret_96,304,153,1.2543,1.2667
vol_z_5_sft <= -1.13|std_55_sft <= 11.956969|std_200_sft <= 8.95,LONG,Ret_48,311,30,1.2955,1.5579
bbw_8_sft <= 0.002194|bbw_24_sft <= Close_sft,LONG,Ret_96,304,153,1.2543,1.2667
natr_89_sft <= Close_sft|bbw_5_sft <= 0.002248|vol_z_48_sft <= -1.799152,LONG,Ret_96,264,142,1.2708,1.3469
std_8_sft >= 1.683368|std_144_sft <= 9.075485,LONG,Ret_96,255,57,1.2599,1.1436
vol_z_144_sft <= Close_sft|std_8_sft <= 0.726908|bbw_5_sft <= 0.003591,LONG,Ret_96,279,65,1.3082,1.593
vol_z_120_sft >= -1.92868|std_21_sft <= 2.016376,LONG,Ret_96,300,68,1.2558,1.5746
vol_z_48_sft <= -1.799152|vol_z_89_sft >= -1.877272,LONG,Ret_72,259,156,1.3287,1.5518
natr_5_sft <= 0.378965|std_48_sft <= 3.378221|natr_48_sft <= Close_sft,LONG,Ret_96,258,45,1.2644,1.1805
bbw_34_sft >= 0.017355|bbw_21_sft <= 0.0088,LONG,Ret_48,234,150,1.3417,1.1572
bbw_34_sft <= 0.008132|vol_z_89_sft <= -0.334506|std_55_sft <= 3.661666,LONG,Ret_72,207,36,1.3411,1.2513
bbw_8_sft <= 0.002194|std_13_sft <= 1.469158|vol_z_48_sft >= -1.286116,LONG,Ret_72,211,47,1.3673,1.0239
std_5_sft <= 1.24561|natr_200_sft >= 0.227102|std_144_sft <= Close_sft,LONG,Ret_96,211,147,1.2637,1.5246
std_8_sft <= 0.726908|vol_z_13_sft >= -1.592901,LONG,Ret_96,263,59,1.2713,1.6266
natr_89_sft >= 0.222443|natr_200_sft <= 0.68|vol_z_200_sft <= 0.945483,LONG,Ret_72,254,223,1.2536,1.1006
natr_144_sft >= 0.225372|vol_z_144_sft <= 0.950722|natr_24_sft >= 0.219751,LONG,Ret_72,254,222,1.2916,1.1794
std_13_sft <= 2.287618|bbw_55_sft >= 0.02261|natr_89_sft <= 0.32954,LONG,Ret_48,216,81,1.2646,1.219
vol_z_200_sft <= 1.19|std_24_sft >= 5.77,LONG,Ret_48,288,357,1.2515,1.2751
bbw_8_sft <= 0.002194|natr_120_sft >= 0.185329,LONG,Ret_96,222,141,1.3383,1.3257
natr_48_sft <= Close_sft|bbw_8_sft <= 0.002194,LONG,Ret_96,304,153,1.2543,1.2667
bbw_120_sft <= 0.0238|std_21_sft <= 2.016376,LONG,Ret_96,226,48,1.2566,0.9559
vol_z_144_sft <= -0.446939|bbw_21_sft <= 0.004404,LONG,Ret_72,209,89,1.3007,1.3956
bbw_5_sft >= 0.009348|bbw_144_sft <= 0.02626,LONG,Ret_72,219,113,1.2758,1.3322
bbw_8_sft <= 0.002194|vol_z_21_sft <= 8.36,LONG,Ret_96,304,153,1.2543,1.2667
natr_89_sft <= 0.184801|vol_z_89_sft >= -1.370045,LONG,Ret_48,226,39,1.2623,1.1763
bbw_200_sft <= 0.061954|std_48_sft <= 3.378221,LONG,Ret_96,250,43,1.2948,1.1726
vol_z_120_sft <= -0.408338|bbw_55_sft <= 0.01531|bbw_5_sft <= 0.001474,LONG,Ret_96,206,100,1.2625,2.0879
bbw_48_sft >= 0.021014|std_55_sft <= 11.956969,LONG,Ret_24,447,118,1.2952,0.8549
std_5_sft <= Close_sft|std_200_sft <= 9.05,LONG,Ret_96,202,22,1.3496,0.7734
vol_z_120_sft <= 0.930988|bbw_48_sft >= 0.021014|bbw_120_sft >= 0.0238,LONG,Ret_48,216,200,1.3347,1.0136
bbw_13_sft <= 0.00438|bbw_120_sft >= 0.0238,LONG,Ret_72,248,150,1.2906,1.5266
vol_z_21_sft >= -1.673403|std_48_sft <= 3.378221|std_21_sft >= 1.442227,LONG,Ret_96,252,45,1.266,1.1813
std_8_sft <= 0.726908|std_21_sft >= -6.3|std_120_sft <= 11.990304,LONG,Ret_96,250,42,1.2995,1.5216
std_5_sft <= Close_sft|bbw_144_sft <= 5.92|bbw_8_sft <= 0.002194,LONG,Ret_96,304,153,1.2543,1.2667
std_21_sft <= 2.016376|std_5_sft >= 1.24561,LONG,Ret_96,283,66,1.2715,1.5788
std_8_sft <= 0.726908|bbw_144_sft <= Close_sft|natr_24_sft <= 7.68,LONG,Ret_96,279,65,1.3082,1.593
vol_z_144_sft <= -0.446939|vol_z_5_sft >= 1.65,LONG,Ret_96,243,150,1.2657,1.2828
vol_z_89_sft <= Close_sft|vol_z_120_sft >= -1.92868|vol_z_48_sft <= -1.799152,LONG,Ret_72,269,160,1.3745,1.312
vol_z_21_sft >= 0.803529|std_144_sft <= 6.184653|bbw_34_sft <= 3.65,LONG,Ret_48,216,11,1.3099,1.3138
bbw_21_sft <= 0.013332|natr_5_sft >= 0.378965|vol_z_24_sft <= Close_sft,LONG,Ret_72,207,181,1.2538,1.296
vol_z_55_sft >= -1.307981|std_89_sft <= 6.96738,LONG,Ret_72,362,81,1.2619,0.9917
std_34_sft <= 2.735518|std_48_sft <= 4.88495,LONG,Ret_96,262,46,1.2653,0.9873
std_120_sft <= Close_sft|std_8_sft <= 0.726908|std_55_sft <= 7.980703,LONG,Ret_96,258,47,1.2596,1.3955
bbw_8_sft <= 0.002194|bbw_5_sft <= 0.009348,LONG,Ret_96,304,153,1.2543,1.2667
vol_z_120_sft <= 6.06|vol_z_48_sft <= -1.799152|vol_z_8_sft >= -1.248868,LONG,Ret_96,268,160,1.2653,1.3525
bbw_24_sft >= 0.014312|vol_z_5_sft <= -0.378751|std_13_sft <= 2.287618,LONG,Ret_72,240,65,1.2535,1.1419
std_34_sft >= 1.954364|natr_200_sft >= 0.186526|vol_z_48_sft <= -1.799152,LONG,Ret_72,238,190,1.3429,1.3095
std_21_sft <= 3.054573|vol_z_55_sft >= 0.867098,LONG,Ret_96,213,41,1.2749,2.3657
vol_z_200_sft <= 0.945483|natr_89_sft >= 0.222443,LONG,Ret_72,256,229,1.309,1.1494
vol_z_21_sft <= 1.674621|std_34_sft <= 2.84|vol_z_144_sft >= -1.945098,LONG,Ret_96,281,59,1.2538,1.3475
std_55_sft <= 5.307895|std_34_sft <= 4.050388|vol_z_200_sft <= 8.07,LONG,Ret_96,320,72,1.2543,1.1057
std_13_sft <= 3.640449|bbw_24_sft <= 0.014312|std_24_sft <= 1.96,LONG,Ret_96,268,46,1.2853,0.9235
vol_z_34_sft >= 1.630792|std_13_sft >= -7.38|natr_13_sft >= 0.277146,LONG,Ret_72,236,192,1.3085,1.5311
std_144_sft <= 9.075485|std_5_sft >= 1.24561,LONG,Ret_96,265,58,1.2528,1.1215
std_48_sft <= 3.378221|bbw_5_sft <= 0.009348,LONG,Ret_96,257,44,1.2704,1.1087
vol_z_55_sft >= -1.62|natr_5_sft <= 0.162398,LONG,Ret_72,332,133,1.2629,1.6706
std_34_sft >= 0.17|std_48_sft <= 3.378221,LONG,Ret_96,258,45,1.2583,1.1723
std_8_sft <= 0.726908|bbw_120_sft <= 0.21,LONG,Ret_96,279,65,1.3082,1.593
bbw_24_sft >= 0.004823|vol_z_48_sft <= -1.799152,LONG,Ret_72,307,193,1.2954,1.374
vol_z_13_sft <= Close_sft|std_8_sft <= 0.726908|vol_z_34_sft <= 1.630792,LONG,Ret_96,279,65,1.3082,1.593
vol_z_89_sft <= -1.63|vol_z_89_sft >= -3.02|natr_8_sft <= 0.280445,LONG,Ret_96,258,147,1.2737,1.7396
vol_z_21_sft <= 0.803529|std_200_sft <= 9.12,LONG,Ret_96,203,23,1.2822,0.8133
bbw_48_sft >= 0.007403|std_13_sft <= 5.688889|std_144_sft <= 6.98,LONG,Ret_72,234,18,1.2852,2.2818
vol_z_200_sft <= 0.945483|natr_13_sft >= 0.277146|vol_z_144_sft <= Close_sft,LONG,Ret_72,206,179,1.2806,1.2177
bbw_89_sft <= 0.029286|std_48_sft <= 3.378221,LONG,Ret_96,240,43,1.2669,1.1442
bbw_55_sft >= 0.010807|vol_z_48_sft <= -1.799152,LONG,Ret_72,255,180,1.2793,1.3108
natr_13_sft <= 0.217387|vol_z_34_sft >= -0.271333,LONG,Ret_96,224,83,1.2713,1.592
std_48_sft <= 3.378221|bbw_21_sft >= -3.88,LONG,Ret_96,258,45,1.2583,1.1723
vol_z_144_sft <= -0.446939|vol_z_48_sft <= -1.799152,LONG,Ret_96,223,135,1.2915,1.5554
std_48_sft <= 3.378221|natr_13_sft <= 3.25,LONG,Ret_96,258,45,1.2583,1.1723
natr_24_sft >= 0.180416|std_8_sft <= 0.726908,LONG,Ret_96,203,49,1.3164,1.4237
vol_z_24_sft >= -0.291953|std_144_sft <= 9.075485|std_34_sft <= 6.19043,LONG,Ret_96,252,52,1.3438,1.2454
vol_z_200_sft <= -0.5693|std_144_sft <= 9.075485,LONG,Ret_96,210,51,1.3062,1.1633
std_8_sft <= 2.760613|std_8_sft <= 0.726908,LONG,Ret_96,279,65,1.3082,1.593
std_89_sft >= 1.8|vol_z_48_sft <= -1.799152|std_21_sft >= 1.442227,LONG,Ret_96,258,172,1.2691,1.5654
vol_z_120_sft <= 1.764268|std_8_sft <= 0.726908,LONG,Ret_96,275,65,1.277,1.5957
std_13_sft <= Close_sft|bbw_8_sft <= 0.002194,LONG,Ret_96,304,153,1.2543,1.2667
std_21_sft <= 7.19688|bbw_8_sft <= 0.002194,LONG,Ret_96,300,138,1.2567,1.5479
std_48_sft <= 4.2|natr_21_sft <= Close_sft,LONG,Ret_96,321,75,1.2683,1.2511
std_13_sft <= 3.640449|bbw_5_sft >= 0.009348|bbw_5_sft >= 0.002248,LONG,Ret_96,232,38,1.2672,1.4497
natr_8_sft <= 0.141748|bbw_5_sft <= 0.005822|std_34_sft <= 2.735518,LONG,Ret_48,216,32,1.2855,0.8364
std_21_sft <= Close_sft|std_55_sft <= 7.980703|natr_120_sft >= 0.224096,LONG,Ret_96,200,104,1.2769,1.1798
std_34_sft >= 4.050388|std_200_sft <= 10.871477,LONG,Ret_72,242,54,1.3468,1.11
std_200_sft <= 10.871477|std_120_sft <= 8.227266,LONG,Ret_96,227,30,1.292,0.9467
natr_200_sft >= -5.21|std_8_sft <= 0.726908,LONG,Ret_96,279,65,1.3082,1.593
std_8_sft <= 0.726908|natr_34_sft >= 0.182053,LONG,Ret_96,201,49,1.3848,1.4336
std_8_sft <= 0.726908|natr_5_sft <= 7.41|bbw_89_sft <= Close_sft,LONG,Ret_96,279,65,1.3082,1.593
bbw_21_sft <= 0.006008|vol_z_24_sft >= -0.291953,LONG,Ret_96,247,112,1.3212,2.1482
vol_z_24_sft >= -0.291953|bbw_8_sft <= 0.002194,LONG,Ret_48,232,85,1.2788,1.4759
std_34_sft >= 2.735518|vol_z_48_sft <= -1.799152|vol_z_55_sft <= Close_sft,LONG,Ret_72,247,197,1.273,1.3462
vol_z_89_sft <= -1.370045|natr_21_sft <= Close_sft|vol_z_5_sft <= -1.376641,LONG,Ret_96,222,139,1.3837,1.519
std_120_sft <= 5.568195|vol_z_5_sft >= 1.435161,LONG,Ret_48,229,14,1.3502,0.756
bbw_8_sft <= 0.002194|natr_8_sft >= -1.24,LONG,Ret_96,304,153,1.2543,1.2667
bbw_21_sft <= 0.006008|bbw_24_sft <= 0.00949,LONG,Ret_96,332,169,1.2571,1.6298
std_13_sft <= 1.045182|bbw_5_sft >= 0.001474,LONG,Ret_96,246,43,1.3226,1.1111
natr_48_sft <= 0.335629|natr_5_sft >= 0.378965,LONG,Ret_72,215,166,1.2505,1.6592
natr_120_sft <= 0.327401|vol_z_8_sft >= 1.642852|natr_5_sft >= 0.378965,LONG,Ret_72,202,144,1.2554,1.4292
bbw_5_sft >= 0.001474|natr_5_sft <= 0.162398,LONG,Ret_96,289,138,1.2898,1.4947
vol_z_13_sft <= -1.248446|vol_z_89_sft <= 1.737015|natr_5_sft <= 0.211623,LONG,Ret_96,361,190,1.2503,1.5632
natr_24_sft <= 1.95|std_8_sft <= 0.726908,LONG,Ret_96,279,65,1.3082,1.593
std_55_sft <= 7.980703|bbw_8_sft <= 0.002194,LONG,Ret_96,281,97,1.3001,1.1687
vol_z_5_sft >= -0.378751|std_13_sft <= 1.045182,LONG,Ret_96,223,38,1.2637,1.9804
vol_z_5_sft >= 1.435161|natr_144_sft >= 0.225372|vol_z_34_sft <= 0.788692,LONG,Ret_72,241,223,1.2541,1.1525
natr_21_sft <= 0.275318|vol_z_48_sft >= -1.286116|std_120_sft <= 5.568195,LONG,Ret_48,266,14,1.2529,0.9506
std_200_sft <= 8.27|vol_z_34_sft >= -1.260982,LONG,Ret_72,211,15,1.2756,1.5857
bbw_8_sft >= 0.004852|std_144_sft <= 6.184653,LONG,Ret_48,233,10,1.2747,1.6239
std_48_sft <= 3.378221|std_21_sft >= 2.63,LONG,Ret_72,250,44,1.2769,1.3134
std_48_sft <= 3.378221|std_24_sft >= 0.04,LONG,Ret_96,258,45,1.2583,1.1723
bbw_8_sft <= 0.003177|bbw_34_sft <= 0.006005,LONG,Ret_48,225,81,1.3759,0.9693
vol_z_200_sft <= Close_sft|std_8_sft <= 0.726908,LONG,Ret_96,279,65,1.3082,1.593
bbw_21_sft >= 0.006008|std_200_sft <= 7.585233,LONG,Ret_48,227,8,1.2596,1.2905
vol_z_24_sft >= 1.597743|std_144_sft <= 9.075485,LONG,Ret_72,238,42,1.2677,1.0013
bbw_89_sft <= 0.020122|std_8_sft <= 0.726908,LONG,Ret_96,201,46,1.2783,1.375
bbw_8_sft <= 0.002194|vol_z_55_sft <= 1.671507,LONG,Ret_96,304,153,1.2547,1.2667
vol_z_55_sft >= -0.290199|std_21_sft <= 2.016376,LONG,Ret_96,214,33,1.3059,1.6341
vol_z_5_sft <= 1.435161|std_8_sft <= 0.726908,LONG,Ret_96,278,64,1.3,1.4552
bbw_200_sft >= 0.031557|vol_z_55_sft <= -1.307981,LONG,Ret_72,218,166,1.3105,1.4308
vol_z_200_sft <= 0.945483|bbw_13_sft >= 0.015473,LONG,Ret_48,233,191,1.2679,1.1961
vol_z_200_sft <= Close_sft|bbw_8_sft <= 0.002194|natr_48_sft <= Close_sft,LONG,Ret_96,304,153,1.2543,1.2667
natr_13_sft >= 0.176006|std_8_sft <= 0.726908,LONG,Ret_96,210,44,1.3352,1.5257
bbw_8_sft <= 0.002194|natr_13_sft <= Close_sft,LONG,Ret_96,304,153,1.2543,1.2667
bbw_13_sft <= 0.015473|natr_5_sft >= 0.378965,LONG,Ret_72,239,211,1.2575,1.5888
std_55_sft <= 5.307895|std_34_sft <= 2.735518,LONG,Ret_96,248,39,1.3004,1.1347
std_200_sft <= Close_sft|vol_z_48_sft >= 0.842775|bbw_5_sft <= 0.002248,LONG,Ret_96,204,105,1.2575,1.6503
natr_34_sft >= 0.220473|bbw_24_sft >= 0.00949|vol_z_13_sft <= -1.592901,LONG,Ret_72,214,192,1.3433,1.1978
std_8_sft <= 0.726908|bbw_21_sft <= 0.013332,LONG,Ret_96,263,60,1.2633,1.6499
bbw_5_sft <= 0.002248|std_8_sft <= 0.726908,LONG,Ret_96,270,65,1.2524,1.593
bbw_8_sft >= 0.002194|std_21_sft <= 1.83|bbw_144_sft <= Close_sft,LONG,Ret_96,287,54,1.3524,1.2916
std_8_sft <= 0.726908|vol_z_21_sft <= 3.96,LONG,Ret_96,279,65,1.3082,1.593
bbw_21_sft <= 0.0088|bbw_89_sft <= 0.020122|std_200_sft >= 7.585233,LONG,Ret_72,251,168,1.2545,1.602
vol_z_55_sft >= -1.307981|natr_89_sft <= 0.184801,LONG,Ret_48,228,41,1.2674,1.1611
vol_z_89_sft >= -1.877272|vol_z_48_sft <= -1.799152|vol_z_34_sft <= 0.788692,LONG,Ret_72,259,156,1.3287,1.5518
std_8_sft <= 0.726908|vol_z_8_sft <= 1.642852,LONG,Ret_96,279,65,1.3095,1.593
natr_5_sft <= 0.378965|std_34_sft >= -3.7|std_8_sft <= 0.726908,LONG,Ret_96,278,65,1.3151,1.593
bbw_34_sft <= 0.008132|bbw_120_sft >= -1.08|natr_5_sft <= 0.132175,LONG,Ret_48,249,72,1.2683,0.957
std_8_sft <= 0.726908|vol_z_13_sft <= 1.805897,LONG,Ret_96,279,65,1.3089,1.593
std_48_sft <= 3.378221|natr_200_sft <= 8.96,LONG,Ret_96,258,45,1.2583,1.1723
std_120_sft <= 8.227266|natr_5_sft <= 0.162398,LONG,Ret_96,233,40,1.2615,0.7428
bbw_8_sft <= 0.002194|natr_120_sft >= -7.32,LONG,Ret_96,304,153,1.2543,1.2667
natr_24_sft >= 0.219751|vol_z_89_sft <= -0.334506,LONG,Ret_72,212,196,1.2874,1.2887
natr_21_sft <= 0.3462|bbw_55_sft <= 0.01531|std_34_sft <= 2.735518,LONG,Ret_96,245,50,1.3062,0.9298
bbw_13_sft <= 0.00438|bbw_144_sft >= 0.02626,LONG,Ret_72,244,146,1.2969,1.5383
bbw_48_sft >= 0.021014|bbw_5_sft <= 0.003591|vol_z_200_sft >= -1.991249,LONG,Ret_48,306,243,1.2684,1.1315
std_13_sft <= 6.35|std_8_sft <= 0.726908|vol_z_120_sft >= -1.410417,LONG,Ret_48,333,45,1.332,0.9983
std_144_sft <= 9.075485|vol_z_34_sft <= Close_sft|bbw_8_sft >= 0.003177,LONG,Ret_96,274,58,1.252,1.1094
vol_z_48_sft <= 1.657311|std_48_sft <= 3.378221|bbw_200_sft <= 0.043372,LONG,Ret_96,230,39,1.3591,1.0316
std_21_sft <= 2.016376|bbw_8_sft >= 0.003177|vol_z_5_sft <= -1.157032,LONG,Ret_96,211,27,1.4131,0.6524
std_21_sft <= 2.58|std_8_sft >= 2.760613,LONG,Ret_48,236,73,1.2548,1.8793
std_5_sft <= 0.75881|bbw_48_sft >= 0.007403,LONG,Ret_96,373,162,1.2562,1.6038
natr_8_sft <= 0.170214|std_34_sft <= 2.735518,LONG,Ret_72,257,48,1.2535,0.9988
vol_z_24_sft <= -1.84|bbw_200_sft >= 0.031557,LONG,Ret_48,245,186,1.3018,1.6041
vol_z_24_sft <= 0.751257|std_200_sft <= 9.26,LONG,Ret_96,204,23,1.2951,0.8015
std_48_sft <= 3.378221|bbw_34_sft >= -7.38,LONG,Ret_96,258,45,1.2583,1.1723
std_120_sft <= 5.568195|vol_z_8_sft >= 1.642852,LONG,Ret_48,220,14,1.2755,0.9128
vol_z_48_sft <= -1.799152|vol_z_21_sft >= -1.673403,LONG,Ret_96,264,161,1.2937,1.5338
std_144_sft <= 6.184653|natr_89_sft <= 0.277186|bbw_8_sft >= 0.004852,LONG,Ret_48,230,10,1.3121,1.6239
std_89_sft <= Close_sft|std_8_sft <= 0.726908,LONG,Ret_96,279,65,1.3082,1.593
std_5_sft <= 0.492177|vol_z_48_sft <= -1.799152,LONG,Ret_96,201,46,1.3736,1.464
vol_z_5_sft <= -1.376641|std_89_sft <= 6.25|natr_120_sft <= 6.61,LONG,Ret_96,240,44,1.2587,1.2051
bbw_21_sft <= 0.006008|bbw_5_sft >= 0.005822|std_144_sft >= -9.79,LONG,Ret_72,233,120,1.3002,1.7195
vol_z_24_sft <= 0.751257|std_13_sft >= 1.469158|std_24_sft <= 2.210957,LONG,Ret_96,278,64,1.2765,1.5817
bbw_21_sft <= 0.004404|std_8_sft >= 1.072658,LONG,Ret_96,216,104,1.2512,1.8559
natr_8_sft <= 0.280445|natr_200_sft >= 0.227102,LONG,Ret_96,200,163,1.4286,1.4678
std_48_sft <= 3.378221|natr_5_sft <= 0.378965|std_21_sft <= Close_sft,LONG,Ret_96,258,45,1.2644,1.1805
vol_z_200_sft >= -4.41|std_200_sft >= 5.571106|vol_z_48_sft <= -1.799152,LONG,Ret_72,306,200,1.2658,1.3299
std_5_sft <= 0.75881|bbw_34_sft <= 0.008132|bbw_8_sft <= 0.003177,LONG,Ret_72,268,87,1.3547,1.7242
bbw_24_sft <= Close_sft|std_8_sft <= 0.726908,LONG,Ret_96,279,65,1.3082,1.593
std_48_sft <= 3.378221|bbw_144_sft <= Close_sft|vol_z_55_sft <= 6.27,LONG,Ret_96,258,45,1.2583,1.1723
bbw_8_sft <= 0.002194|natr_5_sft <= Close_sft,LONG,Ret_96,304,153,1.2543,1.2667
bbw_200_sft <= 5.1|std_48_sft <= 3.378221,LONG,Ret_96,258,45,1.2583,1.1723
vol_z_48_sft >= 0.842775|vol_z_200_sft <= -0.5693,LONG,Ret_48,238,157,1.3541,1.1919
std_24_sft <= 2.210957|bbw_48_sft >= 0.014148|bbw_21_sft >= 0.004404,LONG,Ret_48,218,24,1.3173,1.6462
natr_5_sft >= 0.162398|std_13_sft <= 1.98|std_200_sft <= 10.871477,LONG,Ret_96,232,33,1.2693,1.0906
std_13_sft <= 2.287618|natr_5_sft >= 0.284373,LONG,Ret_72,220,44,1.4789,1.6277
std_144_sft <= 9.075485|vol_z_144_sft <= -0.446939,LONG,Ret_96,213,51,1.3003,1.2284
std_48_sft <= 3.378221|std_120_sft <= Close_sft|bbw_200_sft <= Close_sft,LONG,Ret_96,258,45,1.2583,1.1723
vol_z_34_sft <= -0.271333|natr_144_sft >= 0.225372,LONG,Ret_96,208,186,1.2531,1.3108
bbw_89_sft <= 0.020122|natr_89_sft >= 0.222443,LONG,Ret_48,217,179,1.2561,1.2301
bbw_13_sft <= 0.010172|std_8_sft <= 0.726908,LONG,Ret_96,274,65,1.4052,1.6425
natr_24_sft <= 0.344588|std_48_sft <= 3.378221,LONG,Ret_96,258,45,1.2675,1.1723
bbw_144_sft <= 0.018355|natr_5_sft <= 0.162398,LONG,Ret_48,230,67,1.2884,1.7696
std_144_sft <= 6.184653|natr_5_sft <= 3.8|bbw_13_sft >= 0.00438,LONG,Ret_48,251,13,1.2923,2.0456
std_144_sft <= Close_sft|std_8_sft <= 0.726908,LONG,Ret_96,279,65,1.3082,1.593
natr_8_sft <= 0.280445|bbw_55_sft >= 0.02261,LONG,Ret_48,243,172,1.4133,1.2849
bbw_5_sft <= 0.001474|std_8_sft <= 0.726908,LONG,Ret_96,233,61,1.2752,1.4757
bbw_48_sft <= 4.74|std_120_sft <= 7.01,LONG,Ret_96,247,36,1.2591,1.0786
bbw_24_sft <= 0.006573|natr_8_sft <= Close_sft|vol_z_5_sft <= -1.376641,LONG,Ret_96,225,107,1.2713,1.7513
bbw_21_sft <= 0.006008|bbw_120_sft <= 0.016661,LONG,Ret_48,222,70,1.2573,1.6975
bbw_24_sft >= 0.006573|std_8_sft <= 0.726908,LONG,Ret_96,245,53,1.2724,2.1869
vol_z_55_sft <= -1.307981|bbw_55_sft >= 0.01531,LONG,Ret_96,201,156,1.2739,1.4783
bbw_55_sft <= 0.010807|bbw_8_sft >= 0.007711,LONG,Ret_72,207,105,1.2747,1.133
bbw_8_sft <= 0.002194|bbw_55_sft >= -0.88,LONG,Ret_96,304,153,1.2543,1.2667
std_24_sft >= 2.210957|natr_5_sft <= 0.162398|vol_z_55_sft <= 1.671507,LONG,Ret_96,266,142,1.2998,1.4959
vol_z_24_sft <= 3.01|bbw_8_sft <= 0.002194,LONG,Ret_96,304,153,1.2543,1.2667
bbw_8_sft <= 0.002194|vol_z_120_sft >= -0.408338,LONG,Ret_48,225,91,1.3005,0.93
bbw_8_sft <= 0.002194|std_89_sft <= Close_sft,LONG,Ret_96,304,153,1.2543,1.2667
bbw_120_sft <= 0.04667|std_8_sft <= 0.726908,LONG,Ret_96,267,61,1.268,1.8244
vol_z_144_sft <= Close_sft|bbw_8_sft <= 0.002194,LONG,Ret_96,304,153,1.2543,1.2667
vol_z_200_sft >= -1.519421|std_144_sft <= 6.184653|bbw_89_sft <= Close_sft,LONG,Ret_48,217,11,1.268,6.2622
vol_z_55_sft <= -0.290199|vol_z_24_sft >= -0.291953|std_34_sft <= 2.735518,LONG,Ret_48,253,27,1.2559,1.7145
vol_z_89_sft <= -1.370045|vol_z_21_sft <= -1.673403|bbw_200_sft <= 0.061954,LONG,Ret_48,286,153,1.399,1.3222
vol_z_21_sft <= 1.674621|bbw_8_sft <= 0.002194,LONG,Ret_96,304,153,1.2532,1.2667
std_21_sft <= 2.016376|vol_z_144_sft >= -1.457436,LONG,Ret_96,267,54,1.3297,1.715
bbw_120_sft <= 2.01|std_48_sft <= 3.378221,LONG,Ret_96,258,45,1.2583,1.1723
vol_z_13_sft >= -1.592901|vol_z_48_sft <= -1.799152,LONG,Ret_96,274,166,1.2718,1.3835
std_21_sft >= 2.016376|vol_z_48_sft <= -1.799152,LONG,Ret_72,250,194,1.2614,1.3525
bbw_89_sft <= Close_sft|vol_z_144_sft >= -0.446939|bbw_120_sft <= 0.034196,LONG,Ret_72,328,172,1.26,1.3038
std_8_sft <= 0.726908|vol_z_48_sft <= -1.286116,LONG,Ret_96,222,45,1.4568,1.8727
vol_z_120_sft <= 0.930988|std_5_sft >= 3.93,LONG,Ret_72,220,248,1.2561,1.3357
std_144_sft <= 9.075485|natr_5_sft >= 0.284373,LONG,Ret_72,219,52,1.2677,0.8212
vol_z_24_sft >= 1.597743|std_21_sft <= 3.054573,LONG,Ret_72,220,36,1.3503,1.6663
vol_z_34_sft <= 0.788692|std_13_sft <= 1.469158,LONG,Ret_96,331,100,1.2661,1.3302
std_34_sft <= 2.735518|vol_z_89_sft <= -1.370045,LONG,Ret_96,206,45,1.3185,1.6349
std_8_sft <= 0.726908|vol_z_13_sft <= 0.97029|natr_21_sft <= Close_sft,LONG,Ret_96,279,65,1.2749,1.593
std_5_sft <= 1.24561|std_21_sft <= 2.016376,LONG,Ret_96,296,66,1.3033,1.2921
bbw_8_sft <= 0.002194|vol_z_55_sft <= 1.671507|vol_z_24_sft <= 0.751257,LONG,Ret_96,302,151,1.264,1.2249
bbw_21_sft <= 0.006008|bbw_5_sft >= 0.005822,LONG,Ret_72,233,120,1.3002,1.7195
vol_z_48_sft <= -1.7|std_24_sft >= 1.578101,LONG,Ret_96,275,185,1.2927,1.5136
std_55_sft <= 7.980703|bbw_34_sft >= 0.017355,LONG,Ret_72,253,48,1.2815,0.6865
bbw_24_sft >= 0.014312|bbw_55_sft <= 0.01531|std_24_sft >= 3.3073,LONG,Ret_72,210,123,1.2604,1.1019
std_8_sft <= 0.726908|std_5_sft <= 0.492177,LONG,Ret_96,226,45,1.3618,1.101
std_8_sft <= 0.726908|vol_z_120_sft <= 1.764268,LONG,Ret_96,275,65,1.277,1.5957
natr_21_sft <= 0.275318|natr_200_sft >= 0.227102,LONG,Ret_72,226,184,1.2731,1.2644
std_55_sft <= 7.980703|std_48_sft <= 3.378221,LONG,Ret_96,258,44,1.2579,1.1225
natr_5_sft <= 0.162398|bbw_120_sft <= 0.0238,LONG,Ret_96,234,85,1.2733,1.5999
std_48_sft <= 3.378221|std_89_sft <= 15.141673,LONG,Ret_96,257,43,1.2618,1.1253
bbw_144_sft <= 0.051953|vol_z_55_sft >= -1.307981|std_8_sft <= 0.726908,LONG,Ret_72,264,44,1.3411,0.803
vol_z_34_sft >= -0.271333|natr_55_sft <= 0.221245,LONG,Ret_96,221,79,1.2586,1.6475
natr_5_sft <= 0.162398|vol_z_34_sft >= -1.260982|natr_55_sft <= 0.275054,LONG,Ret_96,229,89,1.2685,1.5592
bbw_24_sft >= 0.004823|std_200_sft <= 8.23,LONG,Ret_48,290,18,1.2506,1.9147
vol_z_120_sft <= -0.408338|vol_z_200_sft >= -0.92|natr_8_sft <= Close_sft,LONG,Ret_48,221,120,1.3129,1.2372
bbw_8_sft <= 0.002194|std_5_sft <= Close_sft,LONG,Ret_96,304,153,1.2543,1.2667
std_34_sft <= 6.19043|std_48_sft <= 3.378221,LONG,Ret_96,258,45,1.2583,1.1723
std_89_sft <= 6.96738|vol_z_55_sft >= -1.307981,LONG,Ret_72,362,81,1.2619,0.9917
std_48_sft <= 3.378221|std_48_sft >= 1.96|bbw_34_sft <= Close_sft,LONG,Ret_96,257,45,1.2781,1.1723
vol_z_200_sft <= 0.13|bbw_200_sft >= 0.031557,LONG,Ret_72,214,157,1.251,1.1255
bbw_8_sft <= 0.012058|bbw_8_sft <= 0.002194,LONG,Ret_96,304,153,1.2543,1.2667
natr_21_sft <= 0.275318|natr_144_sft >= 0.225372|std_13_sft <= 2.287618,LONG,Ret_72,211,107,1.3756,1.5846
natr_8_sft <= 0.280445|std_21_sft >= 3.02|std_34_sft >= 6.19043,LONG,Ret_48,296,326,1.2795,1.6046
vol_z_120_sft <= Close_sft|std_8_sft <= 0.726908,LONG,Ret_96,279,65,1.3082,1.593
bbw_34_sft >= 0.008132|std_48_sft <= 3.378221,LONG,Ret_72,242,2,1.3012,3.1617
std_24_sft <= 2.210957|bbw_5_sft >= -4.2|std_200_sft <= 10.871477,LONG,Ret_96,205,26,1.4157,0.7494
bbw_13_sft <= 0.006566|natr_21_sft <= Close_sft|vol_z_24_sft >= 0.751257,LONG,Ret_96,242,111,1.3171,1.9853
vol_z_21_sft >= 0.803529|bbw_5_sft <= 0.002248,LONG,Ret_96,200,90,1.3427,2.368
vol_z_5_sft <= -1.376641|std_89_sft <= 10.2737|vol_z_21_sft >= -1.673403,LONG,Ret_72,406,135,1.3482,1.181
std_21_sft >= 1.442227|std_48_sft <= 3.378221,LONG,Ret_96,253,45,1.2761,1.1863
bbw_8_sft <= 0.002194|std_34_sft >= -9.99,LONG,Ret_96,304,153,1.2543,1.2667
natr_8_sft >= 0.280445|bbw_21_sft <= 0.0088,LONG,Ret_72,226,179,1.31,1.4845
std_8_sft <= 0.726908|bbw_5_sft <= 0.005822|natr_34_sft >= 0.182053,LONG,Ret_96,201,49,1.3848,1.4336
std_8_sft <= 0.726908|vol_z_120_sft <= 6.7,LONG,Ret_96,279,65,1.3082,1.593
bbw_8_sft <= 0.002194|vol_z_34_sft <= -1.260982,LONG,Ret_96,246,127,1.2638,1.0276
vol_z_21_sft >= 0.803529|bbw_55_sft <= 0.010807|std_120_sft >= -3.38,LONG,Ret_96,201,91,1.3115,1.4426
natr_55_sft >= 0.221245|natr_48_sft >= 0.160479|vol_z_13_sft >= 2.12,LONG,Ret_72,244,222,1.2746,1.4047
bbw_8_sft <= 0.002194|std_13_sft <= Close_sft,LONG,Ret_96,304,153,1.2543,1.2667
std_144_sft <= 9.075485|std_8_sft >= 1.683368,LONG,Ret_96,255,57,1.2599,1.1436
vol_z_89_sft <= -1.370045|vol_z_24_sft >= -0.291953,LONG,Ret_48,243,141,1.2754,1.5641
vol_z_21_sft >= -3.04|std_200_sft <= 9.13,LONG,Ret_96,205,23,1.3168,0.784
natr_200_sft <= 0.27821|std_48_sft >= 3.378221|vol_z_48_sft >= 0.842775,LONG,Ret_72,271,175,1.2565,1.367
std_21_sft <= 3.054573|vol_z_21_sft >= 1.674621,LONG,Ret_96,226,38,1.3938,1.2504
bbw_8_sft <= 0.002194|std_144_sft <= Close_sft,LONG,Ret_96,304,153,1.2543,1.2667
std_8_sft <= 0.726908|vol_z_24_sft <= 1.597743,LONG,Ret_96,279,65,1.3082,1.593
bbw_8_sft <= 0.002194|vol_z_55_sft <= -1.307981,LONG,Ret_96,230,114,1.2924,1.1242
std_5_sft <= Close_sft|bbw_8_sft <= 0.002194,LONG,Ret_96,304,153,1.2543,1.2667
bbw_34_sft <= 0.006005|bbw_8_sft <= 0.003177,LONG,Ret_48,225,81,1.3759,0.9693
bbw_8_sft <= 0.002194|vol_z_48_sft <= Close_sft,LONG,Ret_96,304,153,1.2543,1.2667
bbw_48_sft >= 0.007403|vol_z_48_sft <= -1.799152,LONG,Ret_72,305,195,1.2985,1.3286
bbw_13_sft >= -0.58|bbw_8_sft <= 0.002194,LONG,Ret_96,304,153,1.2543,1.2667
std_48_sft <= 3.378221|natr_24_sft <= 3.44,LONG,Ret_96,258,45,1.2583,1.1723
std_5_sft <= 0.75881|vol_z_200_sft >= -1.519421,LONG,Ret_96,329,144,1.277,1.6664
bbw_8_sft <= 0.002194|vol_z_144_sft <= Close_sft,LONG,Ret_96,304,153,1.2543,1.2667
std_24_sft <= 2.29|std_200_sft <= 10.871477,LONG,Ret_72,256,28,1.3941,0.5288
std_8_sft <= 0.6|vol_z_21_sft <= 0.803529,LONG,Ret_96,225,39,1.3604,1.0122
natr_13_sft >= 0.277146|vol_z_200_sft <= 0.945483,LONG,Ret_72,206,179,1.2806,1.2177
std_8_sft <= 0.726908|bbw_55_sft >= -9.65,LONG,Ret_96,279,65,1.3082,1.593
vol_z_200_sft <= 0.945483|natr_13_sft >= 0.277146,LONG,Ret_72,206,179,1.2806,1.2177
bbw_21_sft <= 0.006008|std_8_sft <= 1.683368,LONG,Ret_96,315,123,1.2671,1.5331
std_21_sft <= 1.99|vol_z_200_sft <= Close_sft,LONG,Ret_96,310,74,1.2587,1.5789
vol_z_48_sft <= 1.657311|bbw_8_sft <= 0.002194,LONG,Ret_96,304,153,1.2543,1.2667
vol_z_120_sft <= Close_sft|bbw_120_sft <= 0.016661|natr_5_sft <= 0.162398,LONG,Ret_48,238,74,1.2903,1.5194
vol_z_48_sft <= -1.799152|vol_z_13_sft >= -1.49|vol_z_55_sft <= Close_sft,LONG,Ret_96,271,161,1.283,1.3499
natr_5_sft <= 0.162398|vol_z_89_sft >= -1.877272|vol_z_48_sft <= 1.657311,LONG,Ret_96,280,122,1.2926,1.4667
std_13_sft >= 1.469158|std_48_sft <= 3.378221,LONG,Ret_96,249,45,1.258,1.133
bbw_13_sft <= 0.006566|natr_5_sft >= 0.284373,LONG,Ret_96,200,145,1.2787,1.2433
bbw_144_sft <= 0.02626|natr_5_sft <= 0.162398,LONG,Ret_96,221,89,1.394,1.666
std_200_sft <= 8.29|vol_z_200_sft >= -1.991249,LONG,Ret_48,289,17,1.2515,1.8577
vol_z_89_sft <= -1.877272|vol_z_13_sft >= -1.248446,LONG,Ret_96,210,130,1.308,1.2829
std_8_sft <= 0.726908|vol_z_13_sft <= Close_sft,LONG,Ret_96,279,65,1.3082,1.593
std_13_sft <= 3.640449|bbw_120_sft <= 0.034196|natr_200_sft >= 0.227102,LONG,Ret_72,207,135,1.438,1.5668
std_89_sft <= Close_sft|bbw_8_sft <= 0.002194,LONG,Ret_96,304,153,1.2543,1.2667
bbw_8_sft <= 0.002194|std_13_sft <= 5.688889,LONG,Ret_96,303,146,1.253,1.279
std_13_sft <= 2.89|natr_120_sft >= 0.224096,LONG,Ret_72,278,157,1.3231,1.3871
bbw_89_sft >= -5.87|std_48_sft <= 5.42|bbw_24_sft >= 0.014312,LONG,Ret_72,206,11,1.2529,1.909
vol_z_21_sft >= -0.55|bbw_21_sft <= 0.006008,LONG,Ret_96,276,128,1.3271,1.9816
std_13_sft >= 1.045182|std_21_sft <= 2.016376|vol_z_21_sft <= 0.803529,LONG,Ret_96,307,75,1.2827,1.5003
natr_13_sft >= 0.277146|vol_z_34_sft >= 1.630792,LONG,Ret_72,236,192,1.3085,1.5311
std_8_sft <= 0.726908|std_144_sft <= 9.075485,LONG,Ret_96,201,20,1.277,1.3002
std_24_sft <= 2.210957|vol_z_200_sft >= -1.519421,LONG,Ret_96,258,49,1.2675,1.2065
std_34_sft <= 2.735518|bbw_8_sft >= 0.004852,LONG,Ret_96,246,34,1.2513,0.9404
std_24_sft <= Close_sft|bbw_34_sft <= 0.008132|bbw_5_sft >= 0.005822,LONG,Ret_96,227,115,1.269,1.4083
natr_5_sft >= 0.162398|bbw_8_sft <= 0.002194,LONG,Ret_72,242,141,1.2595,1.3061
bbw_8_sft <= 0.002194|bbw_5_sft <= 3.76,LONG,Ret_96,304,153,1.2543,1.2667
natr_24_sft <= 0.180416|std_120_sft <= 8.227266|std_5_sft <= 2.077894,LONG,Ret_72,203,30,1.2695,0.811
bbw_144_sft <= 0.02626|std_5_sft <= 0.492177,LONG,Ret_96,215,63,1.3174,1.1945
natr_200_sft <= 0.326116|natr_200_sft <= 0.326116|natr_5_sft >= 0.39,LONG,Ret_72,200,151,1.2673,1.6447
vol_z_8_sft <= 0.94727|std_144_sft <= Close_sft|std_5_sft <= 0.75881,LONG,Ret_96,381,164,1.2547,1.6527
std_48_sft <= 3.378221|natr_55_sft >= -9.69,LONG,Ret_96,258,45,1.2583,1.1723
vol_z_8_sft <= -1.248868|std_144_sft <= 6.69,LONG,Ret_72,200,15,1.257,3.3344
std_48_sft <= 3.378221|vol_z_48_sft >= -6.32,LONG,Ret_96,258,45,1.2583,1.1723
vol_z_13_sft <= 3.08|std_48_sft <= 3.378221,LONG,Ret_96,258,45,1.2583,1.1723
std_55_sft >= 3.661666|vol_z_48_sft <= -1.799152|vol_z_89_sft >= -1.877272,LONG,Ret_72,207,153,1.3678,1.5385
vol_z_89_sft >= -1.370045|bbw_8_sft <= 0.002194|natr_13_sft >= -2.56,LONG,Ret_72,292,132,1.2735,1.4729
bbw_120_sft <= Close_sft|vol_z_24_sft >= 1.597743|bbw_120_sft <= 0.0238,LONG,Ret_72,258,119,1.2849,1.2783
std_200_sft <= 8.94|std_144_sft <= Close_sft,LONG,Ret_96,199,22,1.2594,0.8579
natr_5_sft >= 0.378965|natr_48_sft <= 0.335629,LONG,Ret_72,215,166,1.2505,1.6592
std_48_sft <= 3.378221|natr_200_sft <= 7.92,LONG,Ret_96,258,45,1.2583,1.1723
bbw_55_sft <= 0.02261|std_8_sft <= 0.726908,LONG,Ret_96,256,59,1.3477,1.4453
vol_z_24_sft >= -0.291953|bbw_34_sft <= 0.008132,LONG,Ret_96,232,114,1.2542,1.6485
std_8_sft <= 0.726908|bbw_34_sft <= 0.86|vol_z_120_sft <= 1.764268,LONG,Ret_96,275,65,1.277,1.5957
bbw_89_sft <= 0.020122|natr_34_sft <= 0.274318|vol_z_200_sft >= -1.71,LONG,Ret_96,269,138,1.2845,1.4201
bbw_8_sft <= 0.002194|natr_8_sft <= 1.06,LONG,Ret_96,304,153,1.2543,1.2667
std_48_sft <= 3.378221|vol_z_200_sft >= -1.519421,LONG,Ret_96,207,35,1.4024,0.9453
vol_z_21_sft <= 4.06|std_48_sft <= 3.378221|std_55_sft <= Close_sft,LONG,Ret_96,258,45,1.2583,1.1723
std_89_sft <= 6.96738|std_24_sft <= 2.210957,LONG,Ret_96,232,29,1.3086,1.291
natr_89_sft <= 9.03|bbw_8_sft <= 0.002194,LONG,Ret_96,304,153,1.2543,1.2667
std_5_sft >= 1.24561|std_144_sft <= 9.075485,LONG,Ret_96,265,58,1.2528,1.1215
std_144_sft <= 5.85|std_144_sft <= 6.184653,LONG,Ret_48,241,10,1.2653,3.4457
vol_z_55_sft >= -1.835457|std_8_sft <= 0.726908,LONG,Ret_96,255,55,1.2505,0.9995
bbw_120_sft <= 0.016661|bbw_21_sft <= 0.006008,LONG,Ret_48,222,70,1.2573,1.6975
vol_z_120_sft <= 3.16|bbw_8_sft <= 0.002194,LONG,Ret_96,304,153,1.2543,1.2667
std_8_sft <= 0.726908|natr_5_sft <= 0.284373,LONG,Ret_96,278,65,1.3096,1.5794
vol_z_48_sft <= -1.799152|bbw_144_sft <= 3.19|bbw_200_sft >= 0.016908,LONG,Ret_72,305,197,1.2742,1.3245
std_48_sft <= 3.378221|bbw_48_sft <= Close_sft,LONG,Ret_96,258,45,1.2583,1.1723
bbw_144_sft <= Close_sft|std_8_sft <= 0.726908,LONG,Ret_96,279,65,1.3082,1.593
natr_5_sft <= 0.162398|bbw_13_sft <= 0.00438,LONG,Ret_96,265,123,1.2596,1.9912
std_34_sft >= 4.050388|vol_z_55_sft <= -1.307981,LONG,Ret_72,208,228,1.3432,1.2206
vol_z_89_sft <= -1.59|vol_z_48_sft <= Close_sft,LONG,Ret_96,267,166,1.3105,1.4414
std_8_sft <= 1.072658|bbw_8_sft <= 0.002194,LONG,Ret_96,304,126,1.2543,1.4492
bbw_120_sft <= 0.0238|natr_13_sft <= 0.353002|natr_5_sft >= 0.284373,LONG,Ret_48,289,163,1.3535,1.1216
std_21_sft >= 1.442227|std_8_sft <= 0.726908,LONG,Ret_96,266,65,1.3181,1.6011
vol_z_8_sft <= 0.94727|bbw_8_sft <= 0.002194,LONG,Ret_96,302,152,1.2916,1.2694
std_24_sft >= 1.578101|std_5_sft <= 0.75881,LONG,Ret_96,375,167,1.2896,1.6505
std_200_sft <= 10.871477|bbw_120_sft <= 0.0238,LONG,Ret_72,286,57,1.3184,0.9326
bbw_8_sft <= 0.002194|bbw_5_sft <= 0.7,LONG,Ret_96,304,153,1.2543,1.2667
natr_13_sft <= 0.217387|vol_z_144_sft <= -1.2,LONG,Ret_96,225,121,1.2632,2.0017
vol_z_120_sft >= -1.410417|natr_8_sft <= 0.215186,LONG,Ret_96,309,154,1.2829,1.4769
bbw_8_sft <= 0.002194|vol_z_48_sft <= -1.799152,LONG,Ret_48,254,95,1.2942,1.4163
std_48_sft <= Close_sft|bbw_8_sft <= 0.002194,LONG,Ret_96,304,153,1.2543,1.2667
std_5_sft <= 9.11|natr_200_sft >= 0.227102|natr_13_sft <= 0.277146,LONG,Ret_72,239,200,1.2705,1.5194
std_144_sft <= 7.45|vol_z_48_sft <= 1.657311,LONG,Ret_96,218,26,1.2693,1.3617
bbw_13_sft <= 0.006566|bbw_89_sft >= -4.41|vol_z_24_sft >= 0.751257,LONG,Ret_96,242,111,1.3171,1.9853
natr_21_sft <= 0.219369|bbw_200_sft <= 0.022621,LONG,Ret_48,234,74,1.2521,1.3063
natr_89_sft <= 0.222443|bbw_144_sft <= 0.018355,LONG,Ret_48,225,58,1.2707,1.9429
bbw_89_sft <= 0.029286|natr_5_sft <= 0.162398|vol_z_89_sft >= -6.83,LONG,Ret_96,274,131,1.2617,1.4331
natr_5_sft <= 0.211623|bbw_24_sft >= 0.014312,LONG,Ret_96,209,128,1.2505,1.632
bbw_21_sft <= 0.006008|vol_z_89_sft >= -0.334506,LONG,Ret_96,217,99,1.3238,1.853
natr_24_sft <= 0.344588|bbw_8_sft <= 0.002194|vol_z_24_sft <= -1.708722,LONG,Ret_96,207,94,1.2683,1.5405
std_48_sft <= 11.129888|std_48_sft <= 3.378221,LONG,Ret_96,258,45,1.2583,1.1723
bbw_200_sft <= 0.061954|std_200_sft <= 8.59,LONG,Ret_72,228,20,1.2543,1.0254
bbw_89_sft <= 1.76|bbw_34_sft <= 0.017355|std_48_sft <= 3.378221,LONG,Ret_96,258,45,1.2583,1.1723
std_200_sft <= 8.57|std_5_sft >= 0.75881,LONG,Ret_48,310,21,1.2645,1.8215
natr_8_sft <= 0.141748|bbw_5_sft >= 0.001474,LONG,Ret_72,200,55,1.2669,1.4531
std_48_sft <= 3.378221|bbw_5_sft >= 0.001474|std_13_sft <= 5.688889,LONG,Ret_96,256,45,1.277,1.1823
vol_z_48_sft <= -1.286116|std_24_sft >= 3.3073,LONG,Ret_96,211,197,1.3155,1.3282
natr_120_sft >= -7.56|std_48_sft <= 3.378221,LONG,Ret_96,258,45,1.2583,1.1723
vol_z_48_sft <= -1.799152|bbw_34_sft >= 0.008132,LONG,Ret_96,220,149,1.3242,1.5934
natr_200_sft >= 0.227102|natr_21_sft <= 0.275318,LONG,Ret_72,226,184,1.2731,1.2644
vol_z_34_sft >= -0.271333|std_24_sft <= 2.210957,LONG,Ret_72,273,38,1.3148,1.0688
bbw_24_sft >= 0.004823|bbw_21_sft <= 0.004404,LONG,Ret_96,207,96,1.3576,2.1922
vol_z_8_sft >= -1.248868|vol_z_13_sft <= -1.592901,LONG,Ret_72,230,168,1.2808,1.4822
vol_z_55_sft >= -5.38|std_8_sft <= 0.726908,LONG,Ret_96,279,65,1.3082,1.593
std_21_sft >= -5.95|std_24_sft >= 5.149226|std_21_sft <= 4.77108,LONG,Ret_48,334,239,1.2689,1.4422
std_48_sft <= 3.378221|std_8_sft >= 1.2,LONG,Ret_96,251,44,1.2868,1.0734
std_120_sft <= 8.227266|std_34_sft <= 2.735518,LONG,Ret_96,214,19,1.266,0.9111
bbw_144_sft >= -4.93|std_5_sft <= 0.75881|std_8_sft <= 0.726908,LONG,Ret_96,274,61,1.2588,1.4542
std_48_sft <= 3.378221|std_5_sft <= 3.430447,LONG,Ret_96,257,44,1.2663,1.1096
std_24_sft >= 5.149226|vol_z_13_sft <= -1.592901,LONG,Ret_72,213,227,1.4358,1.2507
vol_z_13_sft >= 1.805897|natr_24_sft <= 0.344588|bbw_144_sft <= 0.02626,LONG,Ret_72,275,130,1.2518,1.4457
bbw_8_sft <= 0.002194|std_24_sft <= Close_sft,LONG,Ret_96,304,153,1.2543,1.2667
std_21_sft <= 2.016376|vol_z_24_sft >= -0.291953,LONG,Ret_48,347,45,1.2868,0.699
natr_5_sft <= 0.284373|bbw_8_sft <= 0.002194,LONG,Ret_96,302,152,1.2581,1.2486
vol_z_24_sft >= -1.708722|vol_z_48_sft <= -1.799152|natr_34_sft <= 0.274318,LONG,Ret_96,222,115,1.3176,1.9168
bbw_55_sft <= 0.010807|vol_z_34_sft >= -0.271333,LONG,Ret_96,212,98,1.3213,1.3804
natr_21_sft <= 0.46|natr_8_sft <= 0.215186|vol_z_144_sft >= -1.457436,LONG,Ret_96,304,152,1.2632,1.4657
std_21_sft >= -8.88|std_48_sft <= 3.378221,LONG,Ret_96,258,45,1.2583,1.1723
std_8_sft <= 0.726908|natr_34_sft <= Close_sft,LONG,Ret_96,279,65,1.3082,1.593
bbw_34_sft <= 0.011669|std_8_sft <= 1.683368|std_34_sft >= 2.735518,LONG,Ret_96,320,144,1.2706,1.4526
std_120_sft <= 6.56|vol_z_55_sft <= 0.867098,LONG,Ret_96,216,24,1.3187,0.7962
std_48_sft <= 3.34|vol_z_144_sft >= -1.457436,LONG,Ret_72,250,39,1.2749,0.7393
std_5_sft >= 2.0|std_21_sft <= 2.016376,LONG,Ret_72,208,43,1.325,1.2443
vol_z_48_sft >= 0.842775|natr_55_sft <= 0.221245,LONG,Ret_48,248,84,1.2694,1.6764
std_8_sft <= 0.726908|natr_55_sft <= Close_sft|natr_89_sft <= 9.81,LONG,Ret_96,279,65,1.3082,1.593
bbw_8_sft <= 0.002194|bbw_200_sft >= -6.29,LONG,Ret_96,304,153,1.2543,1.2667
vol_z_55_sft >= -1.307981|bbw_21_sft <= 0.006008,LONG,Ret_96,301,144,1.2645,2.4134
std_24_sft <= 7.668578|natr_24_sft >= 0.155439|std_8_sft <= 0.726908,LONG,Ret_96,251,47,1.2936,1.6723
std_200_sft <= 9.45|std_144_sft <= 9.075485,LONG,Ret_96,203,25,1.3585,0.7667
vol_z_55_sft >= -1.835457|vol_z_55_sft <= -1.307981|std_21_sft >= 3.054573,LONG,Ret_72,229,230,1.2641,1.3454
bbw_48_sft <= 8.79|bbw_55_sft <= 0.01531|vol_z_24_sft >= -0.291953,LONG,Ret_96,321,169,1.2595,1.4096
std_144_sft <= 6.73,LONG,Ret_72,226,19,1.2754,2.6347
bbw_144_sft <= 0.02626|std_5_sft >= 2.077894,LONG,Ret_96,235,129,1.2852,1.3673
std_200_sft <= 10.871477|bbw_24_sft <= 0.006573|vol_z_89_sft <= 1.737015,LONG,Ret_72,258,47,1.2603,1.1177
vol_z_48_sft <= -1.799152|std_24_sft >= 2.210957,LONG,Ret_72,256,197,1.3285,1.3635
std_34_sft >= 6.19043|bbw_13_sft <= 0.006566,LONG,Ret_72,234,248,1.2541,1.4716
std_34_sft >= 6.19043|std_5_sft <= 0.75881,LONG,Ret_48,255,178,1.29,1.6344
std_8_sft <= 0.726908|bbw_5_sft <= 0.002248,LONG,Ret_96,270,65,1.2524,1.593
std_8_sft <= 0.726908|natr_21_sft <= Close_sft,LONG,Ret_96,279,65,1.3082,1.593
bbw_24_sft >= 0.00949|vol_z_34_sft <= -1.260982|vol_z_34_sft <= 1.630792,LONG,Ret_96,236,174,1.3135,1.5467
vol_z_34_sft >= 1.630792|natr_144_sft >= 0.225372,LONG,Ret_72,201,178,1.3458,1.3382
vol_z_48_sft <= -1.799152|vol_z_144_sft >= -1.945098,LONG,Ret_72,278,168,1.4146,1.2603
std_200_sft <= 9.08,LONG,Ret_96,203,23,1.3025,0.7802
bbw_5_sft <= 0.001474|vol_z_200_sft >= -1.991249,LONG,Ret_96,316,178,1.2672,1.6402
std_48_sft <= 3.378221|bbw_5_sft >= -2.48|std_13_sft >= -8.69,LONG,Ret_96,258,45,1.2583,1.1723
bbw_200_sft <= Close_sft|std_13_sft <= 2.287618|bbw_55_sft >= 0.02261,LONG,Ret_48,240,83,1.3606,1.3003
std_89_sft <= 6.96738|std_200_sft >= 7.585233,LONG,Ret_72,272,82,1.3176,1.2022
natr_24_sft <= 0.344588|bbw_200_sft >= 0.031557|bbw_55_sft <= Close_sft,LONG,Ret_96,239,159,1.2571,1.8881
vol_z_120_sft >= -0.408338|vol_z_200_sft <= 1.48|bbw_8_sft <= 0.003177,LONG,Ret_96,221,115,1.3237,1.4285
natr_24_sft >= 0.219751|vol_z_120_sft <= 0.930988|vol_z_24_sft <= 0.751257,LONG,Ret_72,274,242,1.2756,1.2241
bbw_89_sft <= 0.029286|vol_z_144_sft <= Close_sft|vol_z_5_sft <= -1.376641,LONG,Ret_96,335,191,1.3178,1.5451
std_13_sft <= 2.287618|bbw_5_sft >= 0.005822,LONG,Ret_96,267,38,1.2974,1.9031
bbw_200_sft >= -5.39|vol_z_48_sft <= -1.799152|bbw_13_sft >= 0.00438,LONG,Ret_72,247,172,1.2705,1.4182
natr_200_sft <= 0.27821|std_144_sft <= 9.075485,LONG,Ret_96,250,55,1.2566,1.0378
std_21_sft <= 2.016376|vol_z_89_sft <= -1.370045,LONG,Ret_96,226,56,1.3041,1.2068
natr_13_sft <= 0.353002|natr_5_sft >= 0.378965,LONG,Ret_72,206,162,1.3802,1.9644
std_21_sft <= Close_sft|bbw_8_sft <= 0.002194|std_8_sft <= 1.072658,LONG,Ret_96,304,126,1.2543,1.4492
bbw_89_sft <= Close_sft|std_48_sft <= 3.378221,LONG,Ret_96,258,45,1.2583,1.1723
std_21_sft <= 1.79,LONG,Ret_96,289,54,1.3032,1.1659
vol_z_24_sft >= 0.751257|std_200_sft <= 10.871477,LONG,Ret_72,280,49,1.2526,0.8386
bbw_200_sft >= 0.022621|std_5_sft <= 0.75881|vol_z_55_sft <= -1.835457,LONG,Ret_72,218,80,1.2666,1.7717
bbw_8_sft <= 0.002194|std_5_sft <= 3.28|std_5_sft <= 1.24561,LONG,Ret_96,304,138,1.2543,1.5494
std_5_sft <= 0.75881|vol_z_144_sft >= -0.446939,LONG,Ret_96,254,97,1.3357,1.1104
bbw_55_sft <= 0.02261|bbw_21_sft <= 0.019389|std_8_sft <= 0.726908,LONG,Ret_96,254,59,1.3629,1.4453
bbw_34_sft <= 0.008132|bbw_8_sft <= 0.002194,LONG,Ret_72,237,91,1.3293,1.5209
std_8_sft <= 0.726908|std_55_sft <= 11.956969,LONG,Ret_96,275,58,1.2929,1.4288
bbw_8_sft <= 0.002194|vol_z_89_sft <= 0.912652,LONG,Ret_96,295,145,1.2501,1.1918
std_21_sft <= Close_sft|std_8_sft <= 0.726908,LONG,Ret_96,279,65,1.3082,1.593
bbw_55_sft <= 0.031868|std_8_sft <= 0.726908,LONG,Ret_96,275,62,1.2815,1.5312
natr_5_sft <= 0.162398|natr_8_sft >= -9.43|bbw_13_sft <= 0.00438,LONG,Ret_96,265,123,1.2596,1.9912
std_13_sft <= 1.469158|vol_z_200_sft <= -1.15,LONG,Ret_96,201,68,1.2563,1.6657
std_55_sft <= 7.980703|bbw_34_sft >= 0.017355|vol_z_13_sft <= 7.74,LONG,Ret_72,253,48,1.2815,0.6865
std_8_sft <= 0.726908|natr_55_sft <= 0.334023,LONG,Ret_96,274,64,1.2516,1.6354
natr_200_sft >= 0.227102|bbw_8_sft <= 0.004852,LONG,Ret_72,270,236,1.3033,1.2179
vol_z_21_sft <= -0.307313|std_200_sft <= 10.871477,LONG,Ret_96,247,48,1.2698,0.7691
natr_5_sft >= 0.284373|std_13_sft <= 2.287618,LONG,Ret_72,220,44,1.4789,1.6277
natr_120_sft <= Close_sft|bbw_8_sft <= 0.002194|vol_z_120_sft <= 1.764268,LONG,Ret_96,300,153,1.2509,1.3054
std_8_sft <= 0.726908|bbw_144_sft <= 0.051953|natr_144_sft <= Close_sft,LONG,Ret_96,268,63,1.2903,1.7935
vol_z_34_sft >= -1.260982|std_144_sft <= 9.075485,LONG,Ret_96,273,57,1.2644,1.0352
std_48_sft <= 3.378221|bbw_120_sft <= Close_sft,LONG,Ret_96,258,45,1.2583,1.1723
bbw_120_sft <= Close_sft|natr_5_sft >= 0.378965|natr_13_sft <= 0.353002,LONG,Ret_72,206,162,1.3802,1.9644
bbw_5_sft <= 0.009348|std_144_sft <= 7.47,LONG,Ret_96,219,26,1.2898,1.3158
std_48_sft <= 3.378221|vol_z_144_sft <= 2.39|bbw_48_sft <= Close_sft,LONG,Ret_96,258,45,1.2538,1.1711
natr_13_sft <= Close_sft|std_48_sft <= 3.378221,LONG,Ret_96,258,45,1.2583,1.1723
std_48_sft <= 3.378221|natr_24_sft <= 7.03,LONG,Ret_96,258,45,1.2583,1.1723
vol_z_89_sft >= -1.370045|bbw_13_sft <= 0.003169|std_89_sft >= 3.540767,LONG,Ret_96,200,93,1.3217,2.062
bbw_34_sft <= 0.008132|vol_z_8_sft <= -1.545812,LONG,Ret_72,249,99,1.3443,1.5306
natr_5_sft <= 0.211623|bbw_8_sft >= 0.003177,LONG,Ret_96,365,196,1.2594,1.5595
bbw_200_sft >= 0.031557|std_144_sft >= 4.628202|vol_z_21_sft <= -1.673403,LONG,Ret_48,280,221,1.318,1.3664
std_144_sft <= 7.35|std_34_sft <= Close_sft,LONG,Ret_96,216,24,1.2623,1.7011
vol_z_24_sft >= -0.291953|std_21_sft <= 2.016376,LONG,Ret_48,347,45,1.2868,0.699
vol_z_8_sft <= 0.55|std_21_sft <= 7.19688|bbw_5_sft <= 0.001474,LONG,Ret_96,329,154,1.2821,1.4382
std_48_sft <= 3.378221|natr_21_sft <= 0.3462,LONG,Ret_96,258,45,1.2694,1.1723
vol_z_120_sft >= -1.410417|bbw_24_sft <= 9.21|std_13_sft <= 1.045182,LONG,Ret_96,201,26,1.4237,1.3732
bbw_5_sft <= 0.002248|natr_120_sft <= 0.185329,LONG,Ret_48,223,41,1.2569,1.3213
std_144_sft <= Close_sft|std_144_sft <= 6.37,LONG,Ret_72,203,13,1.2546,2.3745
std_144_sft <= 5.68|bbw_24_sft <= Close_sft,LONG,Ret_48,227,8,1.2515,2.5537
std_8_sft <= 0.67|natr_5_sft <= 0.284373,LONG,Ret_96,251,54,1.3033,1.3672
bbw_8_sft <= 0.002194|bbw_8_sft <= Close_sft,LONG,Ret_96,304,153,1.2543,1.2667
vol_z_55_sft >= -8.19|natr_24_sft <= Close_sft|std_48_sft <= 3.378221,LONG,Ret_96,258,45,1.2583,1.1723
bbw_34_sft <= 0.008132|std_5_sft <= 0.75881|vol_z_8_sft <= 1.642852,LONG,Ret_96,259,88,1.2645,1.7414
std_48_sft <= 3.378221|vol_z_48_sft >= -8.65,LONG,Ret_96,258,45,1.2583,1.1723
vol_z_55_sft <= -1.307981|bbw_24_sft >= 0.00949,LONG,Ret_96,210,154,1.4025,1.6054
bbw_200_sft >= 0.031557|natr_5_sft <= 0.211623,LONG,Ret_96,216,135,1.3459,1.7422
std_8_sft <= 0.726908|bbw_24_sft <= 0.020794,LONG,Ret_96,274,62,1.271,1.7904
bbw_8_sft <= 0.004852|bbw_8_sft <= 0.002194,LONG,Ret_96,304,153,1.2543,1.2667
vol_z_5_sft <= 0.893421|std_55_sft <= 11.956969|std_8_sft <= 0.726908,LONG,Ret_96,271,56,1.3657,1.2876
vol_z_120_sft >= -1.92868|vol_z_13_sft <= -1.592901,LONG,Ret_72,428,258,1.2747,1.346
bbw_5_sft <= 0.005822|bbw_8_sft <= 0.002194,LONG,Ret_96,304,153,1.2543,1.2667
natr_144_sft >= 0.225372|natr_200_sft <= 0.27821,LONG,Ret_48,257,234,1.3134,1.1961
bbw_200_sft <= 0.061954|std_8_sft <= 0.726908,LONG,Ret_96,266,61,1.3307,1.8055
bbw_48_sft <= 0.010012|std_5_sft <= 3.430447|bbw_55_sft <= 0.010807,LONG,Ret_96,233,105,1.264,1.3779
natr_13_sft >= -8.22|bbw_8_sft <= 0.002194,LONG,Ret_96,304,153,1.2543,1.2667
vol_z_5_sft <= -1.376641|vol_z_144_sft <= -0.446939|natr_8_sft <= 0.280445,LONG,Ret_96,246,136,1.3353,1.7056
std_200_sft <= 10.871477|std_144_sft <= 9.075485,LONG,Ret_96,237,32,1.3461,0.9488
std_21_sft <= 1.86,LONG,Ret_96,295,62,1.2983,1.0314
std_21_sft <= 2.22|natr_5_sft >= -5.14|std_24_sft >= 2.210957,LONG,Ret_96,306,85,1.3054,1.5675
std_13_sft <= 3.640449|vol_z_55_sft >= 1.57|std_144_sft >= -0.14,LONG,Ret_48,251,61,1.3466,1.9173
bbw_8_sft <= 0.002194|bbw_48_sft <= 4.32,LONG,Ret_96,304,153,1.2543,1.2667
std_200_sft <= Close_sft|std_8_sft <= 0.726908,LONG,Ret_96,279,65,1.3082,1.593
vol_z_13_sft >= 1.805897|bbw_120_sft <= 0.0238,LONG,Ret_72,296,140,1.3012,1.2642
bbw_8_sft <= Close_sft|natr_48_sft <= 0.335629|natr_21_sft >= 0.275318,LONG,Ret_72,207,162,1.254,1.2989
bbw_13_sft <= 0.00438|vol_z_55_sft <= -1.835457|vol_z_34_sft <= Close_sft,LONG,Ret_96,241,116,1.2821,1.6639
vol_z_55_sft <= -1.307981|std_13_sft >= 2.287618,LONG,Ret_72,237,228,1.2912,1.4119
bbw_13_sft <= 0.010172|bbw_8_sft <= 0.002194|std_5_sft <= 1.24561,LONG,Ret_96,297,135,1.2641,1.5141
natr_13_sft <= 6.49|std_48_sft <= 3.378221,LONG,Ret_96,258,45,1.2583,1.1723
bbw_200_sft >= 0.016908|vol_z_48_sft <= -1.799152,LONG,Ret_72,305,197,1.2742,1.3245
bbw_13_sft <= 0.003169|natr_120_sft >= 0.185329|vol_z_13_sft <= Close_sft,LONG,Ret_96,200,112,1.2766,2.0073
vol_z_24_sft >= -0.291953|natr_21_sft >= 0.219369|std_200_sft <= 10.871477,LONG,Ret_48,235,49,1.2709,1.4203
vol_z_48_sft <= -1.286116|natr_5_sft <= 0.162398|std_34_sft >= 2.2,LONG,Ret_96,223,128,1.3068,1.4987
vol_z_144_sft <= 1.795831|bbw_48_sft >= 0.021014|natr_24_sft <= 0.344588,LONG,Ret_96,208,136,1.2985,1.5352
std_5_sft >= 3.430447|vol_z_144_sft <= 0.950722,LONG,Ret_96,230,210,1.2681,1.3517
bbw_13_sft <= 0.003169|vol_z_34_sft >= -1.774818,LONG,Ret_96,258,115,1.3425,1.6578
std_89_sft >= 1.9|std_48_sft <= 3.378221,LONG,Ret_96,257,45,1.2552,1.1723
std_34_sft >= 6.19043|vol_z_8_sft <= -1.545812|natr_120_sft >= 0.185329,LONG,Ret_48,262,328,1.2924,1.18
vol_z_5_sft >= -1.376641|std_8_sft <= 0.726908,LONG,Ret_96,274,64,1.2813,1.5459
std_13_sft <= 1.045182|vol_z_8_sft <= -1.248868,LONG,Ret_96,200,32,1.2925,1.5977
vol_z_120_sft <= 0.19|std_48_sft <= Close_sft|natr_21_sft >= 0.219369,LONG,Ret_72,256,220,1.3825,1.3826
bbw_5_sft <= Close_sft|std_48_sft <= 3.378221,LONG,Ret_96,258,45,1.2583,1.1723
std_8_sft <= 1.683368|bbw_21_sft <= 0.006008,LONG,Ret_96,315,123,1.2671,1.5331
bbw_144_sft <= Close_sft|bbw_8_sft <= 0.004852|std_34_sft >= 6.19043,LONG,Ret_48,321,361,1.2938,1.4726
natr_24_sft <= 2.28|std_8_sft <= 0.726908,LONG,Ret_96,279,65,1.3082,1.593
vol_z_5_sft <= -0.378751|std_5_sft <= 0.75881,LONG,Ret_96,376,160,1.2578,1.6531
std_55_sft <= Close_sft|std_5_sft <= 0.492177|std_144_sft <= 9.075485,LONG,Ret_96,215,30,1.4014,1.0347
bbw_8_sft <= 0.002194|natr_200_sft <= 4.67,LONG,Ret_96,304,153,1.2543,1.2667
std_8_sft <= 0.726908|std_24_sft <= Close_sft,LONG,Ret_96,279,65,1.3082,1.593
std_55_sft <= 7.980703|vol_z_24_sft <= -0.291953|std_8_sft >= 1.072658,LONG,Ret_96,350,143,1.2558,1.1972
bbw_89_sft <= 0.029286|bbw_24_sft <= 0.006573,LONG,Ret_72,355,167,1.2574,1.3066
bbw_8_sft >= 0.007711|bbw_55_sft <= 0.010807,LONG,Ret_72,207,105,1.2747,1.133
std_48_sft <= 3.378221|bbw_48_sft <= 0.021014,LONG,Ret_96,258,45,1.2583,1.1723
natr_21_sft >= 0.219369|std_34_sft <= 4.050388|vol_z_120_sft >= -1.92868,LONG,Ret_96,223,72,1.309,1.4937
std_21_sft <= 6.69|std_24_sft >= 5.38|vol_z_8_sft <= -1.248868,LONG,Ret_48,294,225,1.3305,1.3371
std_48_sft <= 3.378221|vol_z_89_sft >= -5.55,LONG,Ret_96,258,45,1.2583,1.1723
vol_z_24_sft >= 1.597743|natr_200_sft >= 0.227102|natr_89_sft <= 2.11,LONG,Ret_72,205,197,1.3141,1.3054
bbw_5_sft <= 0.003591|std_34_sft >= 6.12|natr_13_sft <= Close_sft,LONG,Ret_48,341,396,1.3015,1.4046
std_24_sft <= 3.3073|std_48_sft <= 4.88495,LONG,Ret_96,323,74,1.2563,1.131
std_200_sft <= 7.585233|std_8_sft <= 2.760613|bbw_24_sft >= 0.006573,LONG,Ret_48,222,7,1.2641,2.3315
std_8_sft <= 0.726908|natr_5_sft <= 0.211623,LONG,Ret_96,271,61,1.2948,1.699
natr_24_sft <= 0.344588|vol_z_34_sft >= 0.788692|std_34_sft <= 4.050388,LONG,Ret_96,246,56,1.2786,1.432
std_89_sft <= 8.76|std_200_sft <= 10.871477,LONG,Ret_72,309,48,1.2614,0.977
natr_24_sft <= 0.219751|vol_z_21_sft >= 0.803529,LONG,Ret_96,203,73,1.2633,1.5419
bbw_5_sft <= 0.001474|vol_z_55_sft <= -1.835457,LONG,Ret_96,200,95,1.3206,2.2912
bbw_200_sft <= 0.031557|std_200_sft <= 9.27,LONG,Ret_96,205,23,1.3781,0.8151
bbw_24_sft <= 0.00949|bbw_21_sft <= 0.006008,LONG,Ret_96,332,169,1.2571,1.6298
vol_z_144_sft >= -1.457436|bbw_13_sft <= 0.003169,LONG,Ret_96,221,91,1.3254,2.1657
vol_z_55_sft >= -0.290199|natr_55_sft <= 0.334023|std_24_sft <= 2.210957,LONG,Ret_72,246,34,1.2528,1.3539
bbw_5_sft <= 0.005822|vol_z_21_sft >= 1.674621,LONG,Ret_48,317,165,1.3098,1.5815
std_8_sft <= 0.726908|std_144_sft >= -4.58,LONG,Ret_96,279,65,1.3082,1.593
std_200_sft <= 10.871477|std_200_sft >= 7.585233|std_144_sft >= 4.628202,LONG,Ret_72,229,58,1.258,1.0445
vol_z_24_sft >= 0.751257|vol_z_144_sft <= 0.950722|natr_55_sft >= 0.221245,LONG,Ret_48,268,230,1.2651,1.2352
bbw_8_sft <= 0.004852|std_13_sft <= 5.688889|natr_200_sft >= 0.227102,LONG,Ret_72,268,198,1.3056,1.2035
vol_z_5_sft <= -1.157032|std_144_sft <= 6.184653|vol_z_55_sft <= Close_sft,LONG,Ret_48,243,12,1.2758,1.3623
bbw_13_sft <= 0.00438|std_55_sft >= 5.307895,LONG,Ret_72,284,214,1.2695,1.4286
natr_200_sft >= 0.227102|vol_z_200_sft <= 0.945483,LONG,Ret_72,250,223,1.3731,1.0992
natr_120_sft <= 0.185329|natr_24_sft <= 0.180416,LONG,Ret_48,225,41,1.2623,1.0772
natr_144_sft <= Close_sft|std_8_sft <= 0.726908,LONG,Ret_96,279,65,1.3082,1.593
std_21_sft <= 2.016376|vol_z_13_sft <= 0.97029,LONG,Ret_96,303,70,1.2741,1.6649
std_5_sft <= 0.492177|bbw_8_sft <= 0.002194,LONG,Ret_96,236,69,1.3933,1.4127
std_48_sft <= 3.378221|bbw_89_sft <= 0.029286|vol_z_13_sft >= -9.58,LONG,Ret_96,240,43,1.2669,1.1442
std_34_sft >= -6.06|std_24_sft <= Close_sft|std_48_sft <= 3.378221,LONG,Ret_96,258,45,1.2583,1.1723
vol_z_5_sft >= -1.157032|vol_z_55_sft >= 1.671507|std_13_sft <= 3.640449,LONG,Ret_48,224,48,1.4374,1.9873
natr_5_sft >= 0.162398|std_200_sft <= 10.871477|std_8_sft <= 1.683368,LONG,Ret_96,240,39,1.2612,0.8794
vol_z_8_sft <= -1.248868|std_200_sft <= 7.75|vol_z_55_sft <= 0.867098,LONG,Ret_48,224,11,1.251,1.7092
bbw_8_sft <= 0.002194|vol_z_120_sft >= -0.408338|vol_z_8_sft <= 0.94727,LONG,Ret_48,224,91,1.3125,0.9231
bbw_8_sft <= 0.002194|std_5_sft <= 2.077894,LONG,Ret_96,304,150,1.2543,1.4951
std_48_sft <= 3.378221|vol_z_48_sft <= Close_sft,LONG,Ret_96,258,45,1.2583,1.1723
vol_z_13_sft <= 7.24|std_21_sft >= 3.99|std_55_sft <= 5.307895,LONG,Ret_72,280,91,1.2741,1.1165
bbw_8_sft <= 0.002194|std_8_sft <= Close_sft,LONG,Ret_96,304,153,1.2543,1.2667
vol_z_48_sft >= 0.842775|std_200_sft <= 10.871477,LONG,Ret_48,295,53,1.2771,0.9683
std_8_sft <= 0.726908|std_48_sft <= 7.394481,LONG,Ret_96,259,43,1.2744,1.0761
natr_5_sft <= 0.162398|bbw_48_sft <= 0.021014,LONG,Ret_96,287,133,1.2753,1.4477
vol_z_24_sft <= 1.597743|std_48_sft <= 3.378221,LONG,Ret_96,256,44,1.2522,1.0926
natr_34_sft <= 0.220473|std_24_sft <= 3.3073|bbw_8_sft >= 0.003177,LONG,Ret_96,254,77,1.2562,1.6228
vol_z_13_sft <= -1.248446|std_200_sft <= 10.871477,LONG,Ret_96,240,44,1.2527,0.7405
vol_z_5_sft <= 1.435161|std_200_sft <= 8.05,LONG,Ret_72,204,14,1.25,2.0306
bbw_89_sft <= 0.020122|vol_z_89_sft <= Close_sft|std_8_sft <= 0.726908,LONG,Ret_96,201,46,1.2783,1.375
vol_z_21_sft <= 1.674621|std_8_sft <= 0.726908,LONG,Ret_96,279,65,1.307,1.593
natr_5_sft <= 0.162398|std_89_sft <= 10.2737|bbw_34_sft <= 0.008132,LONG,Ret_72,254,77,1.3221,1.14
std_24_sft <= 2.210957|vol_z_34_sft >= -0.271333,LONG,Ret_72,273,38,1.3148,1.0688
bbw_89_sft >= -5.33|bbw_8_sft <= 0.002194,LONG,Ret_96,304,153,1.2543,1.2667
bbw_8_sft <= 0.002194|std_24_sft <= Close_sft|vol_z_55_sft <= -1.307981,LONG,Ret_96,230,114,1.2924,1.1242
natr_5_sft <= 0.211623|vol_z_144_sft >= -1.457436,LONG,Ret_96,331,178,1.2972,1.6501
bbw_89_sft <= 0.040511|bbw_89_sft <= 0.020122|std_8_sft <= 0.726908,LONG,Ret_96,201,46,1.2783,1.375
vol_z_48_sft <= 1.657311|std_48_sft <= 3.378221,LONG,Ret_96,258,45,1.2613,1.1246
std_34_sft >= 6.19043|bbw_34_sft <= Close_sft|vol_z_13_sft <= -1.592901,LONG,Ret_72,199,228,1.3097,1.2174
natr_200_sft <= 0.27821|vol_z_200_sft <= -0.99,LONG,Ret_96,206,111,1.3135,1.4902
std_55_sft <= Close_sft|std_13_sft <= 2.287618|std_34_sft >= 6.19043,LONG,Ret_48,267,162,1.3931,1.4587
std_48_sft <= 3.378221|bbw_144_sft <= Close_sft|bbw_8_sft >= 0.002194,LONG,Ret_96,256,45,1.3133,1.1285
std_5_sft <= 9.34|bbw_55_sft >= 0.01531|vol_z_34_sft >= 1.630792,LONG,Ret_72,254,161,1.3144,1.5143
std_34_sft <= 5.27|std_144_sft <= 9.075485,LONG,Ret_96,262,49,1.2645,0.7055
std_8_sft <= 1.17|vol_z_55_sft <= -1.835457,LONG,Ret_96,248,76,1.2867,1.9695
bbw_120_sft <= 0.04667|bbw_13_sft >= -4.71|std_8_sft <= 0.726908,LONG,Ret_96,267,61,1.268,1.8244
vol_z_34_sft >= -0.271333|vol_z_200_sft <= 1.801536|natr_34_sft <= 0.220473,LONG,Ret_96,220,82,1.25,1.5132
natr_120_sft <= 0.185329|bbw_13_sft <= 0.006566|vol_z_55_sft <= 0.867098,LONG,Ret_48,225,40,1.307,1.2888
bbw_34_sft >= -6.46|bbw_24_sft <= 0.014312|std_8_sft <= 0.726908,LONG,Ret_96,263,55,1.2823,1.9276
bbw_8_sft <= 0.002194|std_5_sft <= 0.492177,LONG,Ret_96,236,69,1.3933,1.4127
std_5_sft <= 0.492177|std_144_sft <= 9.075485,LONG,Ret_96,215,30,1.4014,1.0347
natr_200_sft <= 0.27821|vol_z_48_sft >= -4.1|std_144_sft <= 9.075485,LONG,Ret_96,250,55,1.2566,1.0378
bbw_34_sft >= 0.017355|vol_z_13_sft <= -1.248446|natr_34_sft <= 0.341322,LONG,Ret_48,267,188,1.2959,1.3839
bbw_8_sft <= 0.002194|natr_144_sft <= Close_sft,LONG,Ret_96,304,153,1.2543,1.2667
natr_89_sft >= 0.222443|natr_8_sft <= 0.280445,LONG,Ret_96,211,172,1.3388,1.5246
std_5_sft <= 1.24561|natr_55_sft >= 0.221245|std_13_sft >= 3.640449,LONG,Ret_48,302,210,1.2595,1.7128
vol_z_89_sft <= -1.877272|vol_z_21_sft <= -1.673403,LONG,Ret_72,209,120,1.2768,1.3881
vol_z_144_sft <= -0.446939|std_5_sft <= 0.39,LONG,Ret_96,202,52,1.2594,1.75
natr_5_sft <= 0.211623|vol_z_13_sft <= -1.248446,LONG,Ret_96,361,191,1.2507,1.5601
vol_z_48_sft <= -1.799152|bbw_8_sft <= 0.003177,LONG,Ret_96,252,127,1.2722,1.3531
std_48_sft <= 3.378221|bbw_5_sft >= 0.001474,LONG,Ret_96,256,45,1.277,1.1823
bbw_55_sft >= 0.01531|vol_z_34_sft >= 1.630792,LONG,Ret_72,255,178,1.256,1.3877
bbw_5_sft <= 0.003591|std_34_sft <= 2.26,LONG,Ret_96,211,30,1.2756,1.2173
std_13_sft >= 2.287618|std_8_sft <= 1.072658|natr_144_sft <= Close_sft,LONG,Ret_96,259,106,1.2608,1.7071
std_8_sft <= 0.726908|vol_z_21_sft <= -1.200137,LONG,Ret_96,245,50,1.3302,2.2014
bbw_8_sft <= 0.002194|bbw_55_sft <= 1.39,LONG,Ret_96,304,153,1.2543,1.2667
natr_55_sft >= -5.46|vol_z_200_sft >= -6.16|std_8_sft <= 0.726908,LONG,Ret_96,279,65,1.3082,1.593
std_55_sft <= 3.661666|vol_z_89_sft >= -1.370045|std_89_sft >= 3.540767,LONG,Ret_72,223,38,1.254,1.0261
vol_z_8_sft <= 1.642852|std_55_sft <= 11.956969|std_8_sft <= 0.726908,LONG,Ret_96,275,58,1.2968,1.4288
bbw_13_sft <= 0.00438|natr_120_sft >= 0.224096,LONG,Ret_72,202,148,1.3488,1.2284
bbw_13_sft >= 0.00438|vol_z_89_sft <= -1.370045|bbw_55_sft <= 0.031868,LONG,Ret_48,382,239,1.2672,1.1885
natr_200_sft <= Close_sft|bbw_8_sft <= 0.002194|std_5_sft <= 7.08,LONG,Ret_96,304,153,1.2543,1.2667
bbw_200_sft <= 0.043372|natr_5_sft <= 0.162398,LONG,Ret_96,272,119,1.2693,1.5529
bbw_144_sft <= 0.02626|vol_z_48_sft <= 1.657311|bbw_21_sft >= 0.013332,LONG,Ret_72,204,100,1.2712,1.1256
vol_z_24_sft <= -1.708722|vol_z_5_sft <= -1.376641,LONG,Ret_96,241,137,1.2902,1.7156
vol_z_89_sft >= -1.370045|natr_5_sft <= 0.162398|bbw_5_sft <= 3.4,LONG,Ret_96,249,103,1.3135,1.7381
std_48_sft <= 3.378221|vol_z_144_sft >= -1.945098,LONG,Ret_96,248,42,1.2525,1.1053
bbw_13_sft >= 0.006566|vol_z_55_sft <= -1.307981,LONG,Ret_96,214,165,1.3685,1.4023
std_34_sft <= Close_sft|std_48_sft <= 3.378221,LONG,Ret_96,258,45,1.2583,1.1723
bbw_200_sft >= 0.022621|std_200_sft <= 10.871477,LONG,Ret_72,245,22,1.2934,1.6102
std_5_sft <= 2.077894|bbw_8_sft <= 0.002194,LONG,Ret_96,304,150,1.2543,1.4951
std_34_sft <= 2.735518|natr_8_sft <= 0.170214|natr_55_sft <= 0.334023,LONG,Ret_72,257,48,1.2535,0.9988
vol_z_21_sft >= 1.16|vol_z_120_sft <= -0.408338,LONG,Ret_96,233,135,1.2974,1.4098
bbw_120_sft >= -6.42|bbw_8_sft <= 0.002194,LONG,Ret_96,304,153,1.2543,1.2667
std_24_sft >= 5.149226|natr_120_sft <= 0.278211|vol_z_13_sft <= -0.13,LONG,Ret_72,215,193,1.3314,1.4079
natr_144_sft >= 0.225372|vol_z_34_sft >= 1.630792,LONG,Ret_72,201,178,1.3458,1.3382
std_24_sft >= 5.149226|bbw_8_sft <= 0.004852,LONG,Ret_72,292,282,1.3342,1.3638
std_48_sft <= 3.378221|std_21_sft >= -1.64,LONG,Ret_96,258,45,1.2583,1.1723
bbw_21_sft <= 0.006008|std_34_sft <= 6.19043,LONG,Ret_96,325,136,1.2884,1.6212
std_8_sft <= 0.726908|bbw_55_sft <= 0.02261,LONG,Ret_96,256,59,1.3477,1.4453
vol_z_144_sft >= -1.945098|bbw_21_sft <= 0.006008,LONG,Ret_96,320,158,1.2908,1.6277
vol_z_89_sft <= -1.66,LONG,Ret_96,260,162,1.3556,1.4992
vol_z_8_sft >= -6.11|bbw_89_sft <= 0.020122|natr_5_sft <= 0.211623,LONG,Ret_72,353,161,1.2595,1.5802
vol_z_21_sft >= 0.803529|natr_120_sft <= Close_sft|natr_48_sft <= 0.22116,LONG,Ret_96,207,74,1.3497,1.9574
natr_89_sft >= 0.222443|bbw_89_sft <= 0.020122|natr_48_sft >= 0.183251,LONG,Ret_48,217,179,1.2561,1.2301
vol_z_48_sft >= 0.842775|bbw_8_sft <= Close_sft|natr_48_sft <= 0.22116,LONG,Ret_48,243,84,1.2627,1.7065
vol_z_144_sft <= -0.446939|std_200_sft <= 10.871477,LONG,Ret_72,256,49,1.272,1.2796
bbw_55_sft <= Close_sft|bbw_5_sft <= 0.002248|std_34_sft >= 6.19043,LONG,Ret_48,276,309,1.4209,1.2968
std_8_sft <= 0.726908|vol_z_34_sft <= Close_sft,LONG,Ret_96,279,65,1.3082,1.593
vol_z_21_sft <= Close_sft|bbw_34_sft <= 0.008132|vol_z_55_sft >= -0.290199,LONG,Ret_72,205,106,1.2894,1.5533
vol_z_8_sft >= -2.17|bbw_8_sft <= 0.002194|std_200_sft >= 2.08,LONG,Ret_96,304,153,1.2543,1.2667
std_8_sft <= 7.23|bbw_8_sft <= 0.002194,LONG,Ret_96,304,153,1.2543,1.2667
bbw_8_sft >= 0.004852|std_144_sft <= 6.184653|vol_z_48_sft <= Close_sft,LONG,Ret_48,233,10,1.2747,1.6239
std_13_sft >= -1.62|natr_5_sft >= 0.211623|std_5_sft <= 0.75881,LONG,Ret_96,264,92,1.2739,1.3639
bbw_8_sft <= 0.002194|natr_144_sft >= -8.35,LONG,Ret_96,304,153,1.2543,1.2667
bbw_89_sft <= 0.020122|bbw_5_sft >= 0.001474|vol_z_5_sft <= -1.376641,LONG,Ret_96,265,140,1.2989,1.779
std_200_sft <= 8.58|natr_55_sft <= Close_sft,LONG,Ret_72,228,19,1.2719,1.1182
bbw_21_sft >= 0.006008|bbw_5_sft >= 0.009348|std_13_sft <= 3.640449,LONG,Ret_96,230,33,1.3001,1.281
vol_z_200_sft <= 5.78|std_8_sft <= 0.726908,LONG,Ret_96,279,65,1.3082,1.593
bbw_48_sft <= 0.021014|natr_5_sft <= 0.162398,LONG,Ret_96,287,133,1.2753,1.4477
std_21_sft <= 3.054573|vol_z_13_sft >= 0.97029,LONG,Ret_96,327,99,1.2724,1.8423
vol_z_24_sft >= -0.291953|bbw_24_sft <= Close_sft|natr_5_sft <= 0.211623,LONG,Ret_96,276,129,1.3054,1.8454
natr_89_sft >= 0.222443|bbw_13_sft <= 0.00438,LONG,Ret_72,203,155,1.2576,1.3489
vol_z_55_sft <= -1.307981|natr_13_sft <= 5.09|bbw_13_sft >= 0.006566,LONG,Ret_96,214,165,1.3685,1.4023
std_24_sft <= 7.55|std_8_sft <= 0.726908,LONG,Ret_96,276,56,1.3168,1.5482
bbw_8_sft <= 0.002194|vol_z_144_sft >= -0.71,LONG,Ret_48,242,98,1.3398,1.0878
bbw_48_sft >= -8.56|std_8_sft <= 0.726908,LONG,Ret_96,279,65,1.3082,1.593
std_48_sft <= 7.394481|bbw_21_sft >= 0.004404|vol_z_48_sft <= -1.799152,LONG,Ret_96,241,95,1.2676,1.2852
std_89_sft >= -0.9|std_200_sft <= 9.37,LONG,Ret_96,209,24,1.2736,0.7778
vol_z_89_sft <= -1.370045|bbw_144_sft >= -2.49|vol_z_13_sft <= -1.248446,LONG,Ret_72,306,191,1.3366,1.6738
std_55_sft <= 11.956969|std_48_sft <= 3.378221,LONG,Ret_96,258,45,1.2583,1.1723
natr_5_sft >= 0.378965|std_13_sft <= 5.688889,LONG,Ret_72,237,113,1.2851,1.5182
std_48_sft <= 3.378221|vol_z_89_sft >= -1.370045,LONG,Ret_72,261,42,1.2786,1.0828
std_13_sft <= 2.287618|std_21_sft <= 2.016376,LONG,Ret_96,314,75,1.2545,1.4985
std_144_sft <= 7.34|vol_z_24_sft <= -1.190366,LONG,Ret_72,213,18,1.2747,1.8028
natr_120_sft >= 0.224096|bbw_120_sft <= 0.034196|std_89_sft <= 15.141673,LONG,Ret_72,228,148,1.2792,1.4606
natr_120_sft <= Close_sft|std_120_sft >= -7.19|bbw_8_sft <= 0.002194,LONG,Ret_96,304,153,1.2543,1.2667
std_55_sft <= 5.307895|std_5_sft >= 3.430447|natr_89_sft <= 0.83,LONG,Ret_72,233,75,1.2874,1.0481
std_24_sft >= 5.149226|vol_z_8_sft <= -1.545812|vol_z_34_sft >= -1.59,LONG,Ret_48,305,333,1.2997,1.2712
natr_55_sft <= Close_sft|std_8_sft <= 0.726908,LONG,Ret_96,279,65,1.3082,1.593
std_48_sft <= 3.378221|std_34_sft <= 8.44,LONG,Ret_96,258,45,1.2583,1.1723
vol_z_48_sft <= 3.9|std_48_sft <= 3.378221|vol_z_144_sft >= -1.945098,LONG,Ret_96,248,42,1.2515,1.1053
vol_z_89_sft <= Close_sft|std_200_sft <= 9.23,LONG,Ret_96,206,23,1.3277,0.7989
std_144_sft <= 6.184653|bbw_13_sft >= 0.00438,LONG,Ret_48,251,13,1.2923,2.0456
std_48_sft <= 3.378221|natr_21_sft <= Close_sft,LONG,Ret_96,258,45,1.2583,1.1723
bbw_8_sft <= 0.002194|bbw_8_sft <= 0.012058,LONG,Ret_96,304,153,1.2543,1.2667
std_144_sft <= 19.486476|bbw_13_sft <= 0.003169|vol_z_144_sft >= -1.457436,LONG,Ret_96,217,73,1.3031,2.248
natr_200_sft >= 0.227102|std_55_sft <= 11.956969|std_120_sft >= 5.568195,LONG,Ret_96,212,146,1.2959,1.4734
bbw_8_sft <= 0.002194|vol_z_24_sft <= Close_sft|vol_z_24_sft <= 7.03,LONG,Ret_96,304,153,1.2543,1.2667
std_48_sft <= 3.378221|std_24_sft <= 5.149226,LONG,Ret_96,258,45,1.2583,1.1723
vol_z_200_sft <= 0.945483|natr_120_sft <= Close_sft|natr_13_sft >= 0.277146,LONG,Ret_72,206,179,1.2806,1.2177
vol_z_21_sft >= 0.803529|std_89_sft <= 6.96738,LONG,Ret_72,327,73,1.2652,0.9166
natr_55_sft >= -2.89|std_48_sft <= 3.378221,LONG,Ret_96,258,45,1.2583,1.1723
bbw_200_sft <= 0.043372|std_48_sft <= 3.378221,LONG,Ret_96,230,39,1.3521,1.0809
std_5_sft >= 0.74|bbw_55_sft >= 0.01531|bbw_89_sft <= 0.020122,LONG,Ret_72,256,154,1.2593,1.3848
bbw_8_sft <= 0.004852|natr_5_sft >= 0.211623|vol_z_200_sft >= -0.5693,LONG,Ret_72,279,169,1.3191,1.229
std_24_sft <= 7.668578|bbw_34_sft <= 0.008132|vol_z_34_sft >= -0.271333,LONG,Ret_96,209,101,1.3137,1.6088
std_89_sft <= 6.96738|std_13_sft <= 2.287618,LONG,Ret_72,348,60,1.252,0.8194
bbw_5_sft <= 0.009348|bbw_8_sft <= 0.002194,LONG,Ret_96,304,153,1.2543,1.2667
std_144_sft <= 6.04,LONG,Ret_48,251,12,1.2587,2.0067
bbw_8_sft >= 0.004852|std_21_sft <= 2.016376,LONG,Ret_96,253,26,1.3708,1.2054
vol_z_8_sft <= Close_sft|bbw_8_sft <= 0.002194,LONG,Ret_96,304,153,1.2543,1.2667
std_13_sft <= 1.045182|natr_55_sft >= -2.37|std_34_sft >= 2.735518,LONG,Ret_96,211,45,1.2525,1.953
std_21_sft <= 3.054573|vol_z_24_sft >= 1.35,LONG,Ret_72,251,43,1.3186,1.5103
std_21_sft <= 2.016376|natr_13_sft >= 0.217387|natr_21_sft >= 0.154328,LONG,Ret_48,229,27,1.3147,0.672
vol_z_34_sft >= -0.271333|natr_34_sft <= 0.220473,LONG,Ret_96,225,82,1.2952,1.5684
bbw_120_sft <= 0.0238|bbw_21_sft <= 0.004404,LONG,Ret_72,207,76,1.2731,1.3622
std_55_sft <= 3.661666|vol_z_8_sft <= -1.545812,LONG,Ret_72,204,25,1.2909,0.8688
std_48_sft <= 3.378221|bbw_55_sft <= Close_sft,LONG,Ret_96,258,45,1.2583,1.1723
vol_z_48_sft <= Close_sft|std_48_sft <= 3.378221,LONG,Ret_96,258,45,1.2583,1.1723
vol_z_120_sft <= -0.73|bbw_120_sft <= 0.0238,LONG,Ret_72,272,135,1.256,1.444
std_48_sft <= 3.378221|vol_z_120_sft >= -2.75|vol_z_34_sft <= Close_sft,LONG,Ret_96,258,44,1.2538,1.178
natr_8_sft <= 0.280445|bbw_34_sft >= 0.017355,LONG,Ret_48,318,211,1.2695,1.5068
bbw_34_sft >= 0.017355|std_200_sft >= 5.571106|std_5_sft <= 0.75881,LONG,Ret_96,201,82,1.3236,1.5888
bbw_5_sft <= 0.001474|bbw_8_sft >= 0.003177,LONG,Ret_96,281,157,1.2567,1.5353
std_8_sft <= 0.726908|vol_z_55_sft >= -1.307981,LONG,Ret_72,269,47,1.3212,0.7988
std_48_sft <= 3.378221|std_89_sft <= 10.2737,LONG,Ret_96,242,38,1.2837,1.0448
bbw_21_sft >= 0.006008|std_5_sft >= 2.077894|std_21_sft <= 3.054573,LONG,Ret_96,295,60,1.2566,1.1821
vol_z_24_sft >= 1.597743|std_24_sft <= 3.3073,LONG,Ret_72,236,48,1.3543,1.6999
bbw_8_sft <= 0.002194|vol_z_5_sft <= Close_sft,LONG,Ret_96,304,153,1.2543,1.2667
std_21_sft <= Close_sft|std_48_sft <= 3.378221|bbw_48_sft <= Close_sft,LONG,Ret_96,258,45,1.2583,1.1723
std_89_sft <= 6.96738|bbw_21_sft <= 0.004404,LONG,Ret_72,206,36,1.3255,0.7921
std_120_sft <= 5.568195|bbw_5_sft <= 0.005822|vol_z_120_sft <= -0.408338,LONG,Ret_48,217,12,1.2872,1.125
std_24_sft <= Close_sft|natr_5_sft <= 0.162398|std_200_sft <= 10.871477,LONG,Ret_96,218,41,1.3259,0.7589
natr_21_sft <= Close_sft|bbw_89_sft >= 0.010654|std_8_sft <= 0.726908,LONG,Ret_96,262,63,1.3619,1.5025
std_8_sft <= 1.072658|natr_144_sft >= 0.225372,LONG,Ret_72,204,84,1.2509,1.6275
vol_z_120_sft <= 0.930988|bbw_13_sft <= 0.015473|bbw_200_sft >= 0.031557,LONG,Ret_72,281,213,1.2528,1.213
std_200_sft <= 10.871477|std_24_sft <= 2.210957,LONG,Ret_96,205,26,1.4157,0.7494
natr_5_sft <= 0.162398|bbw_5_sft >= 0.001474,LONG,Ret_96,289,138,1.2898,1.4947
vol_z_144_sft >= -1.945098|vol_z_34_sft <= 1.630792|std_5_sft <= 0.75881,LONG,Ret_96,372,157,1.2605,1.4974
vol_z_48_sft <= -1.799152|bbw_5_sft <= 0.001474|vol_z_144_sft <= Close_sft,LONG,Ret_96,214,99,1.3905,1.5727
bbw_13_sft <= 0.015473|std_55_sft <= 8.3|std_34_sft >= 6.19043,LONG,Ret_48,234,169,1.3959,1.6489
vol_z_144_sft >= -1.457436|std_13_sft <= 1.469158,LONG,Ret_96,280,68,1.2702,1.3931
bbw_120_sft <= 0.0238|vol_z_89_sft <= 8.04|std_34_sft <= 2.59,LONG,Ret_72,229,34,1.2568,0.7413
std_8_sft <= Close_sft|bbw_8_sft <= 0.002194|natr_5_sft <= Close_sft,LONG,Ret_96,304,153,1.2543,1.2667
std_5_sft >= -0.76|bbw_8_sft <= 0.002194|vol_z_144_sft >= -5.64,LONG,Ret_96,304,153,1.2543,1.2667
natr_120_sft <= Close_sft|std_8_sft <= 0.62,LONG,Ret_96,236,43,1.277,1.2582
bbw_200_sft <= 0.022621|bbw_13_sft >= 0.00438,LONG,Ret_48,244,88,1.2677,1.3774
std_8_sft <= 0.726908|bbw_8_sft <= 8.19,LONG,Ret_96,279,65,1.3082,1.593
natr_24_sft <= 0.27492|bbw_48_sft <= 8.02|bbw_48_sft >= 0.021014,LONG,Ret_48,225,146,1.2657,1.3581
vol_z_120_sft <= 0.930988|std_55_sft >= 7.980703|bbw_21_sft >= 0.004404,LONG,Ret_48,248,347,1.302,1.2308
std_48_sft <= 3.378221|std_13_sft >= 1.469158,LONG,Ret_96,249,45,1.258,1.133
bbw_200_sft <= 0.022621|vol_z_5_sft >= 0.893421,LONG,Ret_48,241,81,1.252,1.3985
vol_z_8_sft <= -1.545812|std_5_sft <= 0.75881|vol_z_34_sft <= 5.63,LONG,Ret_72,383,133,1.2752,1.5134
std_48_sft <= 3.378221|bbw_5_sft >= 0.002248,LONG,Ret_96,255,45,1.2527,1.111
std_48_sft <= 3.378221|bbw_34_sft <= 0.21,LONG,Ret_96,258,45,1.2583,1.1723
vol_z_5_sft <= -1.376641|std_24_sft >= 2.210957|bbw_48_sft <= 0.029847,LONG,Ret_96,359,225,1.2543,1.5666
natr_8_sft <= 0.215186|vol_z_144_sft >= -1.945098|vol_z_55_sft <= -1.835457,LONG,Ret_72,229,113,1.2895,1.7688
bbw_8_sft <= 0.002194|vol_z_24_sft >= -6.39,LONG,Ret_96,304,153,1.2543,1.2667
std_13_sft >= 1.469158|std_144_sft <= 9.075485,LONG,Ret_96,268,58,1.2557,1.1071
std_8_sft <= 0.726908|vol_z_120_sft <= -0.408338,LONG,Ret_96,214,54,1.307,2.0226
std_21_sft <= 2.016376|vol_z_55_sft >= -0.290199,LONG,Ret_96,214,33,1.3059,1.6341
natr_48_sft >= 0.160479|natr_24_sft >= -9.34|std_8_sft <= 0.726908,LONG,Ret_96,252,57,1.275,1.6803
std_13_sft <= Close_sft|std_8_sft <= 0.726908,LONG,Ret_96,279,65,1.3082,1.593
natr_144_sft >= 0.225372|std_120_sft >= 8.227266|bbw_8_sft <= 0.004852,LONG,Ret_72,214,230,1.2972,1.1307
std_24_sft >= 5.149226|bbw_13_sft <= 0.006566,LONG,Ret_72,253,249,1.3325,1.4202
bbw_21_sft <= 0.006008|vol_z_5_sft <= -1.376641|bbw_5_sft >= 0.002248,LONG,Ret_48,220,107,1.3394,1.2457
std_24_sft >= 5.149226|bbw_21_sft <= 0.013332,LONG,Ret_48,309,400,1.2581,1.2694
bbw_21_sft <= 0.36|bbw_8_sft <= 0.002194,LONG,Ret_96,304,153,1.2543,1.2667
natr_200_sft <= 0.27821|vol_z_55_sft <= -1.49|vol_z_13_sft <= 1.805897,LONG,Ret_96,247,132,1.2765,1.5761
vol_z_8_sft <= -1.7,LONG,Ret_72,403,262,1.2545,1.4397
std_34_sft >= 6.19043|vol_z_120_sft <= 0.930988|bbw_48_sft >= 0.007403,LONG,Ret_48,289,365,1.3869,1.2683
vol_z_13_sft >= -0.392608|bbw_5_sft <= 0.002248|natr_5_sft <= Close_sft,LONG,Ret_96,296,154,1.2586,1.7899
std_200_sft <= 7.585233|bbw_21_sft >= 0.006008,LONG,Ret_48,227,8,1.2596,1.2905
natr_144_sft <= 4.1|std_8_sft <= 0.726908,LONG,Ret_96,279,65,1.3082,1.593
natr_120_sft <= 0.185329|bbw_13_sft <= 0.006566,LONG,Ret_48,235,43,1.2638,1.37
natr_24_sft >= -3.55|std_8_sft <= 0.726908,LONG,Ret_96,279,65,1.3082,1.593
natr_34_sft <= 0.220473|bbw_21_sft <= 0.006008,LONG,Ret_96,247,99,1.2711,1.7533
bbw_8_sft <= 0.002194|std_21_sft >= -9.53,LONG,Ret_96,304,153,1.2543,1.2667
vol_z_48_sft >= -8.48|bbw_8_sft <= 0.003177|vol_z_48_sft <= -1.799152,LONG,Ret_96,252,127,1.2722,1.3531
vol_z_24_sft >= 0.751257|vol_z_200_sft <= -0.5693,LONG,Ret_96,223,131,1.3527,1.3216
bbw_55_sft >= 0.01531|bbw_120_sft <= 0.0238|vol_z_200_sft >= -1.991249,LONG,Ret_72,238,124,1.2627,1.2715
std_13_sft >= 1.469158|bbw_8_sft <= 0.002194,LONG,Ret_96,243,148,1.3558,1.3451
vol_z_21_sft >= -1.673403|vol_z_48_sft <= -1.799152,LONG,Ret_96,264,161,1.2937,1.5338
std_144_sft <= Close_sft|vol_z_13_sft <= -0.392608|std_8_sft <= 0.726908,LONG,Ret_96,273,65,1.3304,1.5794
vol_z_21_sft <= Close_sft|std_8_sft <= 0.726908,LONG,Ret_96,279,65,1.3082,1.593
std_5_sft <= 0.492177|bbw_13_sft <= 0.00438,LONG,Ret_96,245,64,1.2535,1.2334
std_5_sft <= 0.492177|std_144_sft <= 9.075485|vol_z_24_sft <= 1.597743,LONG,Ret_96,215,30,1.4014,1.0347
std_13_sft <= Close_sft|bbw_144_sft <= 0.02626|bbw_5_sft >= 0.009348,LONG,Ret_72,219,113,1.2758,1.3322
std_48_sft <= 3.378221|natr_21_sft >= -0.18,LONG,Ret_96,258,45,1.2583,1.1723
bbw_120_sft <= 0.0238|vol_z_55_sft >= -0.290199,LONG,Ret_96,256,127,1.2638,1.4191
vol_z_48_sft <= -1.799152|std_5_sft >= 0.492177|vol_z_8_sft >= -1.248868,LONG,Ret_96,260,159,1.2793,1.3875
bbw_8_sft <= 0.002194|bbw_34_sft <= Close_sft,LONG,Ret_96,304,153,1.2543,1.2667
std_48_sft <= 3.378221|natr_144_sft <= Close_sft,LONG,Ret_96,258,45,1.2583,1.1723
natr_21_sft <= Close_sft|bbw_8_sft <= 0.002194,LONG,Ret_96,304,153,1.2543,1.2667
bbw_5_sft <= 0.001474|bbw_34_sft >= 0.006005|std_24_sft <= 2.210957,LONG,Ret_72,211,24,1.2783,0.5988
std_5_sft <= 0.75881|natr_13_sft >= 0.217387,LONG,Ret_96,247,119,1.2981,1.7377
std_120_sft <= 5.568195|bbw_24_sft >= 0.004823,LONG,Ret_48,270,16,1.2533,0.4611
std_8_sft <= 0.726908|natr_21_sft <= Close_sft|std_8_sft <= 4.41928,LONG,Ret_96,279,65,1.3082,1.593
std_21_sft <= 2.016376|std_5_sft <= 1.24561,LONG,Ret_96,296,66,1.3033,1.2921
natr_5_sft <= 0.162398|std_21_sft >= 1.442227,LONG,Ret_96,292,144,1.2739,1.5377
bbw_13_sft >= 0.00438|bbw_48_sft <= 0.021014|std_144_sft <= 6.184653,LONG,Ret_48,248,13,1.2978,2.0456
std_200_sft >= -0.15|std_8_sft <= 0.726908,LONG,Ret_96,279,65,1.3082,1.593
std_8_sft >= 1.683368|std_48_sft <= 3.378221,LONG,Ret_96,239,43,1.2857,1.2272
natr_13_sft <= 2.84|std_48_sft <= 3.378221|vol_z_8_sft >= -1.545812,LONG,Ret_96,258,45,1.2774,1.161
vol_z_13_sft <= -1.248446|natr_5_sft <= 0.162398,LONG,Ret_72,362,171,1.2643,1.6638
bbw_89_sft <= 0.020122|vol_z_5_sft <= -1.157032,LONG,Ret_72,357,179,1.2733,1.575
vol_z_48_sft >= -1.799152|std_24_sft >= 5.149226|bbw_13_sft <= 0.006566,LONG,Ret_48,297,316,1.2806,1.4495
vol_z_55_sft >= 1.671507|std_13_sft <= 3.640449,LONG,Ret_72,203,50,1.5286,2.0767
bbw_24_sft <= 0.00949|std_34_sft <= 2.735518|vol_z_24_sft <= -1.190366,LONG,Ret_96,248,47,1.2559,1.2803
bbw_5_sft >= 0.009348|bbw_34_sft >= 0.011669,LONG,Ret_72,316,246,1.2832,1.2588
natr_55_sft <= 0.221245|bbw_89_sft <= 0.020122,LONG,Ret_96,223,83,1.2681,1.9593
std_48_sft <= 3.378221|std_48_sft <= 4.88495,LONG,Ret_96,258,45,1.2583,1.1723
vol_z_89_sft <= -0.334506|natr_21_sft >= 0.219369,LONG,Ret_72,216,201,1.2902,1.3687
std_48_sft <= 3.378221|vol_z_144_sft <= 1.795831,LONG,Ret_96,258,45,1.2583,1.1785
std_8_sft <= 0.726908|vol_z_55_sft <= Close_sft,LONG,Ret_96,279,65,1.3082,1.593
vol_z_24_sft >= 0.751257|std_8_sft <= 4.41928|vol_z_8_sft <= -1.545812,LONG,Ret_72,224,91,1.337,1.1277
natr_200_sft >= 0.227102|natr_200_sft <= 0.27821,LONG,Ret_48,250,230,1.3969,1.2524
std_5_sft >= 1.24561|std_21_sft <= 2.016376,LONG,Ret_96,283,66,1.2715,1.5788
std_13_sft <= 3.29|bbw_24_sft >= 0.014312|vol_z_200_sft <= 1.801536,LONG,Ret_48,352,144,1.3297,1.3597
bbw_34_sft <= 0.008132|vol_z_144_sft >= -1.945098|std_13_sft <= 1.469158,LONG,Ret_96,215,47,1.3109,1.7222
natr_120_sft >= 0.224096|std_55_sft <= 7.980703,LONG,Ret_96,200,104,1.2769,1.1798
bbw_34_sft <= Close_sft|bbw_8_sft <= 0.002194,LONG,Ret_96,304,153,1.2543,1.2667
std_8_sft <= 0.726908|bbw_200_sft >= 0.022621,LONG,Ret_96,222,47,1.2536,2.0173
vol_z_48_sft <= -1.799152|std_48_sft >= 3.378221,LONG,Ret_96,229,168,1.293,1.516
vol_z_120_sft <= -0.408338|bbw_21_sft <= 0.004404,LONG,Ret_72,219,96,1.2793,1.3969
std_8_sft <= 0.726908|std_120_sft <= Close_sft,LONG,Ret_96,279,65,1.3082,1.593
vol_z_8_sft <= -1.545812|std_34_sft >= 6.19043,LONG,Ret_48,287,337,1.3218,1.169
bbw_21_sft <= Close_sft|std_48_sft <= 3.378221,LONG,Ret_96,258,45,1.2583,1.1723
std_34_sft >= 2.735518|bbw_144_sft >= 0.01412|vol_z_48_sft <= -1.799152,LONG,Ret_72,233,192,1.2603,1.2676
natr_34_sft >= -4.94|vol_z_89_sft <= -1.370045|vol_z_48_sft >= -1.286116,LONG,Ret_96,237,143,1.2737,1.5149
std_48_sft <= 3.378221|natr_34_sft <= 0.38,LONG,Ret_96,258,45,1.2583,1.1723
std_55_sft <= 7.980703|natr_89_sft >= 0.222443,LONG,Ret_96,206,110,1.266,1.0768
vol_z_120_sft <= Close_sft|std_8_sft >= 1.683368|std_5_sft <= 0.75881,LONG,Ret_96,300,140,1.303,1.4646
bbw_21_sft <= 3.0|vol_z_34_sft >= -3.33|std_48_sft <= 3.378221,LONG,Ret_96,258,45,1.2583,1.1723
bbw_8_sft <= 0.002194|bbw_21_sft >= 0.0088,LONG,Ret_96,204,103,1.2584,1.6536
vol_z_48_sft >= -1.799152|natr_5_sft <= 0.162398,LONG,Ret_96,269,121,1.2903,1.3363
std_200_sft <= 10.871477|bbw_13_sft <= 0.006566|vol_z_200_sft <= -0.5693,LONG,Ret_72,236,49,1.3171,1.0501
bbw_55_sft <= Close_sft|std_8_sft <= 0.726908,LONG,Ret_96,279,65,1.3082,1.593
vol_z_34_sft <= 6.69|std_48_sft <= 3.378221,LONG,Ret_96,258,45,1.2583,1.1723
std_48_sft >= 2.419202|natr_8_sft <= 0.280445|bbw_55_sft >= 0.02261,LONG,Ret_48,243,172,1.4133,1.2849
natr_24_sft >= 0.155439|std_144_sft <= 6.184653,LONG,Ret_48,241,11,1.287,3.0559
std_144_sft <= 6.35,LONG,Ret_72,203,13,1.2701,2.3745
natr_8_sft >= -3.92|std_48_sft <= 3.378221,LONG,Ret_96,258,45,1.2583,1.1723
std_8_sft <= 0.726908|vol_z_24_sft <= Close_sft,LONG,Ret_96,279,65,1.3082,1.593
std_48_sft <= 3.378221|std_89_sft >= -5.65,LONG,Ret_96,258,45,1.2583,1.1723
natr_21_sft >= 0.275318|std_21_sft <= 8.49|natr_34_sft <= 0.341322,LONG,Ret_72,201,140,1.4309,1.3547
vol_z_24_sft >= 0.751257|bbw_13_sft <= 0.006566,LONG,Ret_96,242,111,1.3171,1.9853
std_24_sft <= 2.210957|vol_z_144_sft >= -0.446939|natr_8_sft >= 0.141748,LONG,Ret_72,209,25,1.2513,1.1002
bbw_8_sft <= 0.002194|vol_z_5_sft <= 5.56,LONG,Ret_96,304,153,1.2543,1.2667
std_55_sft <= 7.980703|std_5_sft >= 3.430447|std_55_sft <= 5.307895,LONG,Ret_72,233,75,1.2874,1.0481
vol_z_13_sft >= 0.97029|std_21_sft <= 3.054573,LONG,Ret_96,327,99,1.2724,1.8423
std_8_sft <= 0.726908|vol_z_55_sft >= -1.835457,LONG,Ret_96,255,55,1.2505,0.9995
std_24_sft >= 1.578101|std_8_sft <= 0.726908,LONG,Ret_96,263,65,1.2803,1.593
vol_z_55_sft <= 1.671507|bbw_120_sft <= 0.0238|vol_z_24_sft >= 1.597743,LONG,Ret_72,215,98,1.3675,1.305
std_89_sft <= 6.96738|natr_200_sft <= Close_sft|bbw_48_sft <= 0.014148,LONG,Ret_96,273,69,1.2514,1.222
natr_144_sft >= 0.225372|std_200_sft <= 15.310061|natr_5_sft >= 0.211623,LONG,Ret_72,201,74,1.2616,0.9218
std_55_sft >= 5.307895|bbw_13_sft <= 0.00438,LONG,Ret_72,284,214,1.2695,1.4286
natr_21_sft >= 0.275318|natr_34_sft <= 0.341322,LONG,Ret_72,208,168,1.3298,1.3048
std_48_sft <= 3.378221|bbw_24_sft <= 0.020794,LONG,Ret_96,258,45,1.2583,1.1723
std_48_sft <= 3.378221|natr_89_sft <= 2.57,LONG,Ret_96,258,45,1.2583,1.1723
std_144_sft <= 9.075485|vol_z_34_sft >= -1.260982,LONG,Ret_96,273,57,1.2644,1.0352
vol_z_5_sft <= -1.376641|vol_z_144_sft <= -1.457436,LONG,Ret_72,210,132,1.2654,1.7158
std_8_sft <= 0.726908|natr_5_sft >= 0.162398,LONG,Ret_96,200,27,1.4246,0.9825
natr_21_sft <= 0.219369|std_120_sft <= 5.568195|bbw_21_sft <= Close_sft,LONG,Ret_48,252,13,1.2657,0.9078
std_144_sft <= 6.184653|natr_13_sft >= 0.149287,LONG,Ret_48,255,13,1.2761,1.4524
std_200_sft <= 9.14,LONG,Ret_96,205,23,1.2814,0.8127
std_48_sft <= 3.378221|vol_z_8_sft <= Close_sft,LONG,Ret_96,258,45,1.2583,1.1723
natr_8_sft >= -2.85|bbw_8_sft <= 0.002194,LONG,Ret_96,304,153,1.2543,1.2667
bbw_21_sft <= Close_sft|natr_13_sft >= 0.149287|std_8_sft <= 0.72,LONG,Ret_96,252,56,1.2595,1.5834
std_34_sft >= 6.19043|std_5_sft <= 1.24561,LONG,Ret_48,337,264,1.3123,1.4336
natr_5_sft <= 0.284373|bbw_13_sft <= 0.006566|std_8_sft <= 0.726908,LONG,Ret_96,260,59,1.3161,2.2609
std_89_sft <= 6.96738|vol_z_144_sft <= -0.446939|bbw_21_sft >= 0.006008,LONG,Ret_96,215,56,1.305,1.2531
vol_z_200_sft >= -1.991249|bbw_5_sft <= 0.001474,LONG,Ret_96,316,178,1.2672,1.6402
std_55_sft <= 11.956969|std_5_sft <= 0.75881,LONG,Ret_96,374,145,1.2874,1.494
std_8_sft <= 1.072658|std_8_sft <= 0.726908|std_13_sft >= -2.33,LONG,Ret_96,279,65,1.3082,1.593
vol_z_13_sft <= 8.8|std_8_sft <= 0.726908,LONG,Ret_96,279,65,1.3082,1.593
vol_z_21_sft >= -0.307313|vol_z_120_sft <= Close_sft|std_5_sft <= 0.492177,LONG,Ret_72,260,59,1.3745,1.0864
natr_5_sft <= 1.06|bbw_21_sft <= 0.006008|vol_z_200_sft >= -1.519421,LONG,Ret_96,287,135,1.2588,1.9701
vol_z_200_sft >= -1.991249|std_8_sft <= 0.726908,LONG,Ret_96,259,56,1.4154,1.5041
std_200_sft <= 9.5,LONG,Ret_96,216,25,1.2512,0.847
vol_z_5_sft <= -1.376641|vol_z_89_sft <= -1.370045,LONG,Ret_96,222,139,1.3837,1.519
natr_13_sft <= 0.149287|std_48_sft <= 6.29,LONG,Ret_48,216,44,1.261,1.3274
std_5_sft <= 1.24561|natr_200_sft >= 0.227102,LONG,Ret_96,211,147,1.2637,1.5246
bbw_48_sft >= -0.69|vol_z_89_sft <= -1.370045|vol_z_5_sft <= -1.376641,LONG,Ret_96,222,139,1.3837,1.519
std_48_sft <= 3.378221|std_5_sft >= 0.492177,LONG,Ret_96,256,45,1.2617,1.1819
std_48_sft <= 3.378221|vol_z_55_sft <= Close_sft,LONG,Ret_96,258,45,1.2583,1.1723
bbw_8_sft <= 0.002194|std_5_sft >= -2.02,LONG,Ret_96,304,153,1.2543,1.2667
vol_z_8_sft <= -1.545812|std_89_sft <= 5.17,LONG,Ret_72,208,20,1.3619,1.2028
bbw_55_sft <= 0.010807|std_200_sft >= 7.585233,LONG,Ret_72,206,135,1.2564,1.1803
vol_z_48_sft <= -1.799152|bbw_55_sft >= 0.007986|std_21_sft <= 4.77108,LONG,Ret_96,256,114,1.3031,1.445
std_13_sft <= Close_sft|natr_13_sft >= 0.277146|vol_z_200_sft <= 0.945483,LONG,Ret_72,206,179,1.2806,1.2177
vol_z_21_sft >= 1.674621|vol_z_200_sft <= -0.5693,LONG,Ret_72,232,141,1.4771,1.4102
vol_z_48_sft <= -1.799152|std_24_sft >= 1.578101,LONG,Ret_72,302,200,1.2621,1.3275
natr_24_sft <= Close_sft|bbw_13_sft <= 0.00438|bbw_144_sft >= 0.02626,LONG,Ret_72,244,146,1.2969,1.5383
std_8_sft <= 1.683368|natr_200_sft >= 0.227102,LONG,Ret_96,206,118,1.3782,1.4312
std_24_sft <= Close_sft|std_200_sft <= 9.33,LONG,Ret_96,208,24,1.3102,0.763
natr_5_sft <= 0.162398|std_200_sft <= Close_sft|vol_z_48_sft >= -1.799152,LONG,Ret_96,269,121,1.2903,1.3363
std_48_sft <= 3.378221|bbw_200_sft <= 4.76,LONG,Ret_96,258,45,1.2583,1.1723
std_48_sft <= 3.378221|vol_z_200_sft >= -1.991249,LONG,Ret_96,246,42,1.2989,1.1616
std_55_sft >= 3.661666|bbw_5_sft >= 0.003591|std_24_sft <= 2.210957,LONG,Ret_96,230,46,1.2773,1.2439
vol_z_34_sft >= -1.260982|vol_z_48_sft <= -1.286116,LONG,Ret_96,274,175,1.2575,1.3662
std_5_sft <= 0.75881|vol_z_89_sft <= -1.370045,LONG,Ret_96,256,105,1.2528,1.4287
std_8_sft <= 0.726908|std_24_sft >= 2.210957,LONG,Ret_96,240,61,1.2923,1.7064
std_8_sft <= 1.072658|vol_z_55_sft <= -1.835457,LONG,Ret_96,238,69,1.2869,1.9595
vol_z_120_sft <= -0.96|vol_z_5_sft <= -0.378751|std_13_sft <= 1.469158,LONG,Ret_96,223,69,1.2816,1.9175
std_8_sft <= 0.726908|std_144_sft >= 3.7|natr_34_sft >= 0.182053,LONG,Ret_96,200,49,1.4026,1.4336
vol_z_200_sft <= 0.945483|natr_144_sft >= 0.225372,LONG,Ret_72,251,222,1.324,1.1371
std_48_sft <= 3.378221|std_144_sft <= Close_sft,LONG,Ret_96,258,45,1.2583,1.1723
vol_z_89_sft >= -1.877272|std_200_sft <= 8.37,LONG,SINTETICA_REVERSE,367,23,1.2891,1.8707
vol_z_34_sft <= Close_sft|vol_z_89_sft <= -1.370045|vol_z_21_sft <= -1.673403,LONG,Ret_48,309,177,1.3584,1.3847
vol_z_144_sft >= -1.457436|std_8_sft <= 0.726908,LONG,Ret_48,340,47,1.2551,0.7912
std_48_sft <= 7.394481|bbw_34_sft >= 0.017355,LONG,Ret_48,272,29,1.2804,0.8961
std_120_sft <= 7.14,LONG,Ret_96,251,37,1.2529,1.1523
natr_48_sft >= 0.160479|vol_z_144_sft <= 0.950722|std_34_sft >= 6.19043,LONG,Ret_48,274,348,1.2546,1.2784
natr_5_sft <= 0.162398|vol_z_200_sft <= -0.5693,LONG,Ret_96,227,116,1.2677,1.6872
std_48_sft <= 3.378221|vol_z_5_sft >= -1.376641,LONG,Ret_96,258,45,1.2678,1.1681
std_8_sft <= 0.726908|vol_z_89_sft >= -1.370045,LONG,Ret_72,273,44,1.3078,1.1825
natr_200_sft >= 0.227102|vol_z_89_sft <= -0.334506,LONG,Ret_72,222,197,1.2963,1.3179
vol_z_24_sft >= 1.597743|vol_z_200_sft <= 0.13,LONG,Ret_72,255,154,1.26,1.312
vol_z_13_sft <= -1.248446|vol_z_200_sft <= -1.519421,LONG,Ret_96,200,124,1.2633,1.7907
natr_89_sft >= 0.222443|vol_z_144_sft <= 0.47|bbw_24_sft >= 0.004823,LONG,Ret_72,242,211,1.2852,1.2007
vol_z_24_sft >= -0.291953|std_8_sft <= 0.726908,LONG,Ret_48,228,32,1.2852,0.5568
std_5_sft <= 0.75881|std_34_sft >= 6.19043,LONG,Ret_48,255,178,1.29,1.6344
vol_z_55_sft <= Close_sft|std_48_sft <= 3.378221,LONG,Ret_96,258,45,1.2583,1.1723
vol_z_5_sft <= -1.376641|vol_z_89_sft <= -1.370045|natr_200_sft >= 0.186526,LONG,Ret_48,226,181,1.2954,1.2562
std_5_sft <= 0.75881|bbw_13_sft >= 0.00438,LONG,Ret_96,361,155,1.2596,1.4758
bbw_34_sft >= 0.017355|vol_z_13_sft <= -1.592901,LONG,Ret_72,210,165,1.3696,1.3183
std_13_sft <= 5.688889|vol_z_200_sft <= 0.945483|natr_48_sft >= 0.22116,LONG,Ret_72,266,190,1.2541,1.139
bbw_89_sft <= 0.029286|vol_z_48_sft >= -0.29442|std_8_sft <= 1.072658,LONG,Ret_96,232,57,1.3519,1.4775
std_48_sft <= 3.378221|vol_z_48_sft <= 1.657311,LONG,Ret_96,258,45,1.2613,1.1246
vol_z_8_sft <= 7.18|bbw_8_sft <= 0.002194,LONG,Ret_96,304,153,1.2543,1.2667
std_48_sft <= 4.16|vol_z_24_sft >= 0.751257,LONG,Ret_96,251,57,1.26,0.9917
std_200_sft <= 10.871477|natr_5_sft <= 0.162398,LONG,Ret_96,218,41,1.3259,0.7589
vol_z_13_sft <= Close_sft|std_8_sft <= 0.726908,LONG,Ret_96,279,65,1.3082,1.593
std_24_sft <= 7.668578|std_48_sft <= 3.378221,LONG,Ret_96,258,45,1.2583,1.1723
bbw_8_sft <= 0.002194|bbw_55_sft <= Close_sft,LONG,Ret_96,304,153,1.2543,1.2667
std_48_sft <= 3.378221|vol_z_144_sft <= Close_sft,LONG,Ret_96,258,45,1.2583,1.1723
std_48_sft <= 3.378221|std_55_sft >= -4.54,LONG,Ret_96,258,45,1.2583,1.1723
natr_8_sft <= 0.280445|vol_z_21_sft >= 1.674621,LONG,Ret_96,201,86,1.2836,1.737
vol_z_200_sft <= Close_sft|vol_z_48_sft <= -1.799152|bbw_21_sft >= 0.004404,LONG,Ret_72,300,189,1.3256,1.3948
vol_z_34_sft <= Close_sft|vol_z_144_sft <= 1.795831|std_48_sft <= 3.378221,LONG,Ret_96,258,45,1.2583,1.1785
natr_5_sft >= 0.378965|natr_120_sft <= 0.327401,LONG,Ret_72,217,159,1.2839,1.7172
std_34_sft >= 1.954364|std_48_sft <= 3.378221|vol_z_48_sft <= 0.842775,LONG,Ret_96,241,44,1.2902,1.1533
std_8_sft <= 0.726908|vol_z_89_sft <= Close_sft,LONG,Ret_96,279,65,1.3082,1.593
bbw_24_sft >= 0.006573|vol_z_48_sft <= -1.799152,LONG,Ret_96,220,151,1.3698,1.5739
bbw_48_sft >= 0.021014|bbw_55_sft >= 0.01531|std_120_sft <= 11.990304,LONG,Ret_72,210,57,1.3599,1.0401
bbw_120_sft <= 0.0238|vol_z_55_sft >= 0.867098,LONG,Ret_96,204,100,1.265,1.7396
natr_89_sft >= 0.222443|vol_z_200_sft <= 0.945483|vol_z_21_sft <= Close_sft,LONG,Ret_72,256,229,1.309,1.1494
bbw_5_sft <= 0.005822|vol_z_24_sft >= 1.597743|natr_13_sft >= 0.217387,LONG,Ret_48,241,158,1.2693,1.3254
natr_55_sft <= 0.221245|vol_z_34_sft >= -0.271333,LONG,Ret_96,221,79,1.2586,1.6475
vol_z_5_sft <= 0.893421|bbw_5_sft <= 0.001474,LONG,Ret_96,333,179,1.2516,1.5439
bbw_5_sft <= 0.009348|std_89_sft <= 15.141673|vol_z_34_sft >= -0.271333,LONG,Ret_96,373,166,1.2545,1.3456
std_8_sft <= 0.726908|bbw_34_sft <= 0.011669|std_21_sft <= Close_sft,LONG,Ret_96,238,47,1.2721,1.5146
bbw_8_sft <= 0.002194|std_120_sft <= Close_sft,LONG,Ret_96,304,153,1.2543,1.2667
vol_z_34_sft >= 1.630792|natr_13_sft >= 0.277146|natr_8_sft >= 0.141748,LONG,Ret_72,236,192,1.3085,1.5311
vol_z_120_sft <= Close_sft|std_48_sft <= 3.378221,LONG,Ret_96,258,45,1.2583,1.1723
vol_z_8_sft <= -1.545812|std_8_sft <= 0.726908|vol_z_13_sft <= 1.805897,LONG,Ret_48,227,16,1.2564,0.9346
bbw_8_sft >= -1.16|vol_z_144_sft >= -1.457436|std_8_sft <= 0.726908,LONG,Ret_48,340,47,1.2551,0.7912
bbw_8_sft <= 0.002194|std_55_sft <= 11.956969|bbw_8_sft <= Close_sft,LONG,Ret_96,296,129,1.3023,1.2942
std_48_sft <= 3.378221|bbw_48_sft >= -2.12,LONG,Ret_96,258,45,1.2583,1.1723
natr_120_sft >= 0.185329|bbw_13_sft <= 0.003169,LONG,Ret_96,200,112,1.2766,2.0073
natr_5_sft <= 0.211623|std_8_sft <= 0.726908,LONG,Ret_96,271,61,1.2948,1.699
bbw_21_sft <= 0.006008|vol_z_200_sft >= -1.519421,LONG,Ret_96,287,135,1.2588,1.9701
std_48_sft <= 3.378221|std_8_sft >= 1.072658,LONG,Ret_96,254,45,1.2978,1.1344
bbw_21_sft <= 0.006008|std_21_sft <= 2.016376,LONG,Ret_96,305,76,1.293,1.5
bbw_34_sft <= 0.008132|vol_z_24_sft >= -0.291953,LONG,Ret_96,232,114,1.2542,1.6485
std_144_sft >= 2.66|vol_z_21_sft >= 1.674621|natr_5_sft >= 0.378965,LONG,Ret_72,237,205,1.2877,1.4947
vol_z_120_sft >= -1.410417|std_55_sft <= 3.661666,LONG,Ret_72,236,36,1.3215,1.0106
vol_z_8_sft <= -1.248868|std_144_sft <= 6.184653,LONG,Ret_48,239,11,1.2607,1.4867
std_21_sft <= 7.19688|natr_5_sft >= 0.378965,LONG,Ret_72,247,124,1.2731,1.3605
std_34_sft >= 6.19043|natr_8_sft <= 0.280445,LONG,Ret_48,298,331,1.2901,1.6667
vol_z_13_sft <= -1.592901|bbw_48_sft >= 0.021014,LONG,Ret_72,203,168,1.2767,1.3548
natr_144_sft >= 0.225372|natr_24_sft <= 0.344588|std_48_sft <= 9.74,LONG,Ret_96,202,137,1.3259,1.4879
vol_z_48_sft >= -1.799152|vol_z_200_sft >= -1.991249|bbw_55_sft <= 0.010807,LONG,Ret_72,279,127,1.3506,1.0905
bbw_8_sft <= 0.004852|std_34_sft >= 6.19043,LONG,Ret_48,321,361,1.2938,1.4726
std_8_sft <= 0.726908|bbw_89_sft >= 0.010654,LONG,Ret_96,262,63,1.3619,1.5025
bbw_13_sft >= 0.00438|bbw_8_sft <= 0.004852|std_24_sft >= 5.149226,LONG,Ret_72,287,278,1.3477,1.3401
std_8_sft <= 0.726908|vol_z_200_sft <= 8.19,LONG,Ret_96,279,65,1.3082,1.593
vol_z_21_sft >= 1.674621|natr_13_sft >= 0.277146,LONG,Ret_72,253,213,1.2737,1.3555
vol_z_48_sft >= -1.286116|vol_z_55_sft <= -1.307981,LONG,Ret_96,216,125,1.3093,1.5322
bbw_13_sft <= 0.003169|vol_z_144_sft >= -1.457436,LONG,Ret_96,221,91,1.3254,2.1657
vol_z_120_sft <= 0.930988|natr_8_sft >= 0.280445,LONG,Ret_48,322,290,1.2729,1.2055
bbw_8_sft <= 0.002194|std_8_sft <= 1.683368,LONG,Ret_96,304,148,1.2543,1.5045
vol_z_144_sft >= -8.18|std_8_sft <= 0.726908,LONG,Ret_96,279,65,1.3082,1.593
std_34_sft >= 6.19043|vol_z_144_sft <= 0.950722,LONG,Ret_48,281,351,1.2543,1.2677
std_48_sft <= 3.378221|bbw_34_sft >= 0.008132,LONG,Ret_72,242,2,1.3012,3.1617
std_48_sft >= 7.394481|std_5_sft <= 0.75881|bbw_21_sft <= Close_sft,LONG,Ret_48,233,181,1.2747,1.4274
vol_z_144_sft >= -1.945098|std_8_sft <= 0.726908,LONG,Ret_96,262,53,1.2773,1.4756
std_48_sft <= 3.378221|vol_z_34_sft <= 5.63,LONG,Ret_96,258,45,1.2583,1.1723
bbw_55_sft <= 0.01531|vol_z_48_sft >= 0.842775,LONG,Ret_96,229,113,1.2587,1.5885
vol_z_89_sft <= -0.334506|bbw_120_sft <= 0.0238|std_24_sft >= 1.578101,LONG,Ret_72,295,146,1.3033,1.3318
natr_120_sft <= Close_sft|bbw_8_sft <= 0.002194,LONG,Ret_96,304,153,1.2543,1.2667
natr_55_sft <= Close_sft|bbw_8_sft <= 0.002194,LONG,Ret_96,304,153,1.2543,1.2667
std_55_sft <= Close_sft|bbw_8_sft <= 0.002194,LONG,Ret_96,304,153,1.2543,1.2667
vol_z_200_sft <= -0.5693|bbw_5_sft <= 0.001474,LONG,Ret_96,232,125,1.2644,1.695
natr_5_sft <= 0.162398|vol_z_34_sft >= -1.21,LONG,Ret_96,224,87,1.2783,1.5558
std_48_sft <= 3.378221|bbw_34_sft >= -4.75|vol_z_144_sft <= Close_sft,LONG,Ret_96,258,45,1.2583,1.1723
bbw_24_sft <= 0.006573|vol_z_48_sft <= -1.799152,LONG,Ret_96,204,88,1.3,1.5018
vol_z_120_sft >= -0.408338|std_8_sft <= 7.58|bbw_8_sft <= 0.002194,LONG,Ret_48,225,91,1.3005,0.93
std_8_sft <= 0.726908|std_8_sft <= 1.683368,LONG,Ret_96,279,65,1.3082,1.593
natr_8_sft <= 0.215186|vol_z_120_sft >= -1.410417,LONG,Ret_96,309,154,1.2829,1.4769
vol_z_55_sft <= -1.835457|bbw_5_sft <= 0.001474,LONG,Ret_96,200,95,1.3206,2.2912
bbw_13_sft <= 0.006566|natr_120_sft <= 0.185329,LONG,Ret_48,235,43,1.2638,1.37
bbw_8_sft <= 0.002194|bbw_8_sft <= 6.34,LONG,Ret_96,304,153,1.2543,1.2667
bbw_89_sft <= 0.020122|std_21_sft >= 5.16,LONG,Ret_48,220,210,1.3115,1.4884
natr_55_sft >= -4.47|std_48_sft <= 3.378221|bbw_200_sft <= Close_sft,LONG,Ret_96,258,45,1.2583,1.1723
natr_8_sft >= -4.61|std_8_sft <= 0.726908,LONG,Ret_96,279,65,1.3082,1.593
bbw_21_sft <= 0.013332|std_24_sft >= 5.149226|std_48_sft >= 4.88495,LONG,Ret_48,297,393,1.2938,1.2481
std_48_sft <= 3.378221|bbw_48_sft >= -5.73,LONG,Ret_96,258,45,1.2583,1.1723
std_200_sft <= 9.39|std_144_sft <= 9.075485,LONG,Ret_96,202,24,1.3935,0.723
std_144_sft <= 6.184653|std_48_sft <= 4.88495,LONG,Ret_48,242,12,1.2591,1.8185
natr_13_sft <= 0.217387|bbw_8_sft <= 0.002194|vol_z_89_sft >= -1.370045,LONG,Ret_72,237,89,1.2758,1.6268
std_8_sft <= 0.726908|natr_8_sft <= Close_sft,LONG,Ret_96,279,65,1.3082,1.593
std_8_sft <= 0.726908|std_13_sft >= 0.24,LONG,Ret_96,279,65,1.3082,1.593
std_48_sft <= 3.378221|natr_24_sft >= -7.57,LONG,Ret_96,258,45,1.2583,1.1723
vol_z_13_sft >= -1.592901|vol_z_89_sft <= -1.877272,LONG,Ret_96,226,137,1.2554,1.3569
std_8_sft <= 0.726908|vol_z_89_sft <= 5.22|bbw_24_sft <= Close_sft,LONG,Ret_96,279,65,1.3082,1.593
vol_z_24_sft >= -0.291953|std_13_sft <= 1.469158,LONG,Ret_96,223,29,1.2896,2.6927
vol_z_55_sft <= -1.307981|bbw_24_sft >= 0.006573,LONG,Ret_96,278,193,1.3042,1.4324
std_24_sft >= 5.149226|bbw_89_sft <= 0.020122,LONG,Ret_48,227,216,1.2858,1.6108
natr_13_sft >= 0.176006|natr_21_sft <= Close_sft|std_8_sft <= 0.726908,LONG,Ret_96,210,44,1.3352,1.5257
std_144_sft <= 9.075485|bbw_200_sft <= 0.043372,LONG,Ret_96,265,54,1.2831,1.0687
std_89_sft >= -6.3|std_8_sft <= 0.67,LONG,Ret_96,252,54,1.3007,1.3795
vol_z_120_sft <= 0.930988|std_120_sft <= 5.568195|vol_z_144_sft <= -0.446939,LONG,Ret_48,218,13,1.3402,1.0909
vol_z_34_sft >= 0.788692|bbw_5_sft >= 0.009348|std_200_sft <= 10.871477,LONG,Ret_48,218,41,1.4475,0.921
vol_z_13_sft >= -1.592901|std_48_sft <= 3.378221,LONG,Ret_96,258,44,1.2768,1.21
std_8_sft <= 0.726908|natr_120_sft <= 8.99,LONG,Ret_96,279,65,1.3082,1.593
std_5_sft <= 1.24561|std_8_sft <= 0.726908,LONG,Ret_96,279,65,1.3082,1.593
std_8_sft <= 0.726908|natr_144_sft >= -6.98,LONG,Ret_96,279,65,1.3082,1.593
std_48_sft <= 3.378221|bbw_48_sft >= -7.55|bbw_144_sft <= 2.07,LONG,Ret_96,258,45,1.2583,1.1723
bbw_120_sft >= 0.01267|bbw_200_sft >= 0.031557|std_13_sft <= 2.287618,LONG,Ret_72,282,109,1.265,1.815
bbw_120_sft <= 0.0238|vol_z_24_sft >= -0.291953,LONG,Ret_96,281,139,1.2929,1.4688
vol_z_24_sft >= 0.751257|bbw_5_sft <= 0.002248,LONG,Ret_72,236,110,1.3285,1.8198
bbw_8_sft >= 0.007711|vol_z_120_sft <= -0.408338,LONG,Ret_96,234,159,1.3517,1.2019
natr_200_sft >= 0.227102|bbw_5_sft <= 0.002248,LONG,Ret_72,249,212,1.3716,1.2738
bbw_8_sft <= 0.002194|std_5_sft <= 1.24561,LONG,Ret_96,304,138,1.2543,1.5494
std_34_sft <= 4.050388|natr_34_sft >= 0.220473,LONG,Ret_96,209,72,1.2648,1.4012
vol_z_55_sft <= -1.307981|vol_z_8_sft <= -1.545812|bbw_24_sft >= 0.006573,LONG,Ret_96,202,133,1.2601,1.9742
std_8_sft >= 1.683368|std_34_sft <= 4.050388|vol_z_48_sft >= -0.29442,LONG,Ret_96,262,71,1.2771,1.2959
natr_24_sft <= 0.180416|bbw_8_sft <= 0.012058|bbw_24_sft <= 0.006573,LONG,Ret_72,206,56,1.2596,1.0017
bbw_8_sft <= 0.004852|natr_13_sft >= 0.277146,LONG,Ret_48,221,198,1.2597,1.1853
natr_48_sft <= 0.274576|std_120_sft <= 8.227266|natr_5_sft <= 0.162398,LONG,Ret_96,233,40,1.2604,0.7428
std_144_sft <= 6.38,LONG,Ret_72,203,14,1.2535,2.1656
vol_z_200_sft >= -1.519421|vol_z_13_sft <= 7.31|std_48_sft <= 3.378221,LONG,Ret_96,207,35,1.4024,0.9453
std_8_sft <= 0.726908|std_21_sft <= 4.57|bbw_21_sft <= 0.019389,LONG,Ret_96,261,48,1.2647,1.5882
natr_5_sft <= Close_sft|bbw_24_sft <= 0.006573|vol_z_34_sft >= -1.260982,LONG,Ret_72,366,168,1.2647,1.389
bbw_8_sft <= 0.002194|std_8_sft <= 7.17,LONG,Ret_96,304,153,1.2543,1.2667
std_8_sft <= 0.726908|std_48_sft <= Close_sft,LONG,Ret_96,279,65,1.3082,1.593
natr_13_sft <= 0.277146|vol_z_144_sft >= -0.446939,LONG,Ret_96,265,137,1.2537,1.7535
std_5_sft <= 3.430447|vol_z_200_sft <= 0.945483|bbw_55_sft >= 0.02261,LONG,Ret_48,220,159,1.3501,0.9703
vol_z_200_sft <= 1.67|natr_5_sft >= 0.378965,LONG,Ret_72,220,197,1.2855,1.4238
natr_144_sft >= 0.225372|natr_5_sft >= 0.284373|std_200_sft <= 15.310061,LONG,Ret_48,245,84,1.2704,0.9477
std_200_sft <= 8.94,LONG,Ret_96,199,22,1.2594,0.8579
bbw_34_sft >= 0.017355|std_13_sft <= 3.640449,LONG,Ret_72,293,146,1.2555,1.2463
std_21_sft <= Close_sft|bbw_8_sft <= 0.002194,LONG,Ret_96,304,153,1.2543,1.2667
natr_34_sft <= Close_sft|std_48_sft <= 3.378221,LONG,Ret_96,258,45,1.2583,1.1723
std_200_sft <= 15.310061|std_8_sft <= 0.726908|std_13_sft <= 2.287618,LONG,Ret_96,239,40,1.2678,1.7508
bbw_48_sft >= 0.007403|std_8_sft <= 0.726908|vol_z_55_sft <= 8.25,LONG,Ret_96,265,64,1.3127,1.586
std_120_sft <= 17.740553|natr_5_sft >= 0.378965,LONG,Ret_72,228,111,1.2534,1.7883
std_48_sft <= 3.378221|vol_z_5_sft <= Close_sft,LONG,Ret_96,258,45,1.2583,1.1723
std_144_sft <= 9.075485|vol_z_200_sft <= -1.519421,LONG,Ret_48,236,50,1.2555,1.1209
vol_z_89_sft <= Close_sft|std_8_sft <= 0.726908,LONG,Ret_96,279,65,1.3082,1.593
std_48_sft <= 11.129888|std_8_sft <= 0.726908,LONG,Ret_96,276,57,1.3028,1.3664
vol_z_89_sft <= 1.737015|std_48_sft <= 3.378221,LONG,Ret_96,258,45,1.268,1.1711
natr_21_sft >= 0.219369|std_13_sft >= 3.640449|std_5_sft <= 1.24561,LONG,Ret_48,341,222,1.2736,1.8322
vol_z_13_sft <= -1.592901|std_8_sft >= 1.072658,LONG,Ret_72,355,265,1.259,1.3056
std_21_sft <= 3.054573|vol_z_21_sft >= -1.673403|vol_z_55_sft >= 0.867098,LONG,Ret_96,212,41,1.3032,2.3657
natr_5_sft >= -7.85|std_8_sft <= 0.726908|vol_z_48_sft <= -1.286116,LONG,Ret_96,222,45,1.4568,1.8727
bbw_34_sft >= 0.008132|std_5_sft <= 3.430447|vol_z_48_sft <= -1.799152,LONG,Ret_96,220,141,1.3082,1.5514
vol_z_21_sft <= 0.803529|std_8_sft <= 0.726908,LONG,Ret_96,278,65,1.3335,1.593
bbw_13_sft <= 0.006566|std_34_sft >= 6.71,LONG,Ret_48,246,298,1.2805,1.3199
natr_8_sft <= 0.280445|natr_48_sft >= 0.22116|natr_200_sft >= 0.227102,LONG,Ret_72,245,202,1.3743,1.533
std_21_sft <= 2.016376|std_24_sft >= 2.210957,LONG,Ret_96,266,71,1.3314,1.6559
std_8_sft <= 0.726908|vol_z_55_sft <= -1.307981,LONG,Ret_96,216,47,1.4457,2.2319
natr_48_sft >= 0.183251|natr_89_sft >= -1.88|vol_z_48_sft <= -1.799152,LONG,Ret_72,236,183,1.2571,1.3142
bbw_21_sft <= 0.004404|bbw_120_sft <= 0.0238,LONG,Ret_72,207,76,1.2731,1.3622
std_21_sft >= 4.77108|vol_z_13_sft <= -1.592901,LONG,Ret_72,213,220,1.2961,1.262
natr_55_sft >= -2.25|std_48_sft <= 3.378221,LONG,Ret_96,258,45,1.2583,1.1723
std_200_sft <= 8.56|natr_8_sft <= Close_sft,LONG,Ret_72,228,18,1.2673,1.0699
vol_z_8_sft <= -1.9|natr_24_sft <= Close_sft,LONG,Ret_72,244,142,1.2783,1.6844
natr_200_sft >= 0.227102|natr_5_sft <= 0.284373|std_24_sft >= 1.578101,LONG,Ret_72,274,226,1.2582,1.2377
std_48_sft <= 3.378221|vol_z_144_sft >= -1.457436,LONG,Ret_72,252,39,1.3387,0.7404
bbw_24_sft <= Close_sft|vol_z_48_sft <= -1.799152|bbw_48_sft >= 0.007403,LONG,Ret_72,305,195,1.2985,1.3286
std_120_sft <= 17.740553|std_55_sft <= 3.88|std_34_sft <= 2.735518,LONG,Ret_96,217,22,1.2884,1.7985
natr_21_sft >= -9.07|vol_z_34_sft <= Close_sft|std_8_sft <= 0.726908,LONG,Ret_96,279,65,1.3082,1.593
std_8_sft <= 0.726908|bbw_144_sft <= Close_sft,LONG,Ret_96,279,65,1.3082,1.593
vol_z_21_sft >= -0.307313|natr_89_sft <= 0.222443|vol_z_21_sft >= 1.674621,LONG,Ret_72,217,73,1.2738,1.7068
std_21_sft <= 4.77108|std_24_sft >= 5.149226,LONG,Ret_48,334,239,1.2689,1.4422
bbw_13_sft <= 0.003169|vol_z_21_sft >= -1.200137,LONG,Ret_96,227,91,1.2848,1.6788
natr_13_sft <= 0.277146|vol_z_144_sft >= -1.457436|std_200_sft <= 10.871477,LONG,Ret_96,237,44,1.3057,0.9117
std_144_sft <= 6.184653|natr_89_sft <= 0.222443|bbw_89_sft >= -0.72,LONG,Ret_48,219,11,1.284,2.5259
natr_55_sft <= 2.87|std_8_sft <= 0.726908,LONG,Ret_96,279,65,1.3082,1.593
vol_z_200_sft <= -1.519421|std_8_sft >= 1.072658,LONG,Ret_96,208,129,1.2522,1.7095
std_48_sft <= 4.88495|std_8_sft <= 0.726908,LONG,Ret_96,222,26,1.2517,1.1645
std_48_sft <= 3.378221|bbw_89_sft >= -9.54,LONG,Ret_96,258,45,1.2583,1.1723
std_13_sft >= 2.287618|std_8_sft <= 1.072658|std_5_sft >= -7.54,LONG,Ret_96,259,106,1.2608,1.7071
bbw_8_sft <= 0.002194|bbw_55_sft <= 0.02261,LONG,Ret_96,279,136,1.3366,1.1644
bbw_120_sft <= 0.034196|natr_200_sft >= 0.227102,LONG,Ret_72,230,191,1.2815,1.3936
bbw_13_sft <= Close_sft|std_48_sft <= 3.378221|bbw_55_sft >= -9.3,LONG,Ret_96,258,45,1.2583,1.1723
bbw_21_sft <= 0.019389|std_48_sft <= 3.378221,LONG,Ret_96,258,45,1.2583,1.1723
std_200_sft <= 15.310061|std_48_sft <= 3.378221,LONG,Ret_96,235,33,1.2739,0.9192
std_21_sft <= 2.016376|vol_z_144_sft >= -1.945098,LONG,Ret_96,301,72,1.2577,1.4094
bbw_24_sft <= 0.006573|vol_z_34_sft >= -1.260982,LONG,Ret_72,366,168,1.2647,1.389
natr_24_sft <= 0.219751|vol_z_34_sft >= -0.271333,LONG,Ret_96,228,84,1.3849,1.5371
vol_z_8_sft <= -0.389454|std_55_sft <= 3.661666,LONG,Ret_96,226,37,1.3364,0.9503
std_8_sft <= 0.726908|natr_8_sft >= -1.96,LONG,Ret_96,279,65,1.3082,1.593
bbw_21_sft <= 0.013332|std_89_sft <= 6.99,LONG,Ret_72,371,81,1.2635,1.1631
natr_21_sft <= 0.179614|std_34_sft <= 2.735518,LONG,Ret_72,209,35,1.2679,1.3712
std_144_sft <= 6.48|vol_z_21_sft >= -0.307313,LONG,Ret_72,200,13,1.2778,1.992
natr_34_sft <= 0.220473|vol_z_5_sft <= -1.376641,LONG,Ret_96,235,92,1.3191,2.133
bbw_8_sft <= 0.002194|vol_z_24_sft <= 2.35,LONG,Ret_96,304,153,1.2543,1.2667
bbw_8_sft <= 0.002194|vol_z_5_sft <= 1.435161,LONG,Ret_96,304,152,1.2605,1.2059
bbw_8_sft <= 0.002194|bbw_120_sft <= Close_sft,LONG,Ret_96,304,153,1.2543,1.2667
vol_z_144_sft >= -1.457436|bbw_89_sft <= 0.020122,LONG,Ret_96,294,153,1.2866,1.5692
bbw_48_sft <= Close_sft|std_48_sft <= 3.378221,LONG,Ret_96,258,45,1.2583,1.1723
natr_55_sft <= 4.87|std_8_sft <= 0.726908|bbw_8_sft <= 3.49,LONG,Ret_96,279,65,1.3082,1.593
natr_200_sft >= -7.12|bbw_8_sft <= 0.002194,LONG,Ret_96,304,153,1.2543,1.2667
vol_z_24_sft >= 0.751257|std_144_sft <= 6.73,LONG,Ret_48,239,16,1.265,1.7082
std_55_sft >= 6.92|std_5_sft <= 0.85|vol_z_8_sft >= -4.18,LONG,Ret_48,297,222,1.2761,1.3253
vol_z_144_sft >= -0.446939|natr_13_sft <= 0.277146,LONG,Ret_96,265,137,1.2537,1.7535
natr_200_sft >= 0.227102|vol_z_34_sft <= 1.630792|bbw_5_sft >= 0.009348,LONG,Ret_72,211,207,1.2596,1.1668
std_5_sft >= 3.430447|natr_144_sft >= 0.164961|std_55_sft <= 5.307895,LONG,Ret_72,219,70,1.2971,0.9862
bbw_120_sft <= 0.0238|std_21_sft <= 1.75,LONG,Ret_96,200,34,1.3845,0.8195
std_144_sft <= 6.65,LONG,Ret_72,218,19,1.3007,2.5723
bbw_48_sft >= 0.021014|std_13_sft <= 3.31,LONG,Ret_24,426,181,1.3195,1.0043
std_8_sft >= 1.683368|std_144_sft <= 6.184653,LONG,Ret_48,227,13,1.3,1.751
bbw_8_sft >= 0.003177|vol_z_13_sft <= -1.592901,LONG,Ret_72,362,235,1.314,1.3309
bbw_120_sft <= 0.0238|std_55_sft >= 5.26,LONG,Ret_48,271,207,1.36,1.1986
std_8_sft <= 0.726908|vol_z_200_sft <= Close_sft,LONG,Ret_96,279,65,1.3082,1.593
vol_z_55_sft >= -1.307981|vol_z_89_sft <= -1.370045,LONG,Ret_48,342,205,1.2803,1.2998
std_8_sft >= 1.072658|bbw_21_sft <= 0.004404,LONG,Ret_96,216,104,1.2512,1.8559
vol_z_144_sft >= -1.945098|bbw_24_sft <= 0.014312|std_200_sft <= 7.585233,LONG,Ret_48,233,8,1.2633,1.4942
bbw_13_sft >= 0.015473|vol_z_200_sft <= 0.945483,LONG,Ret_48,233,191,1.2679,1.1961
std_48_sft <= 7.394481|bbw_8_sft <= 0.002194|vol_z_48_sft >= -7.3,LONG,Ret_96,278,95,1.3045,1.3036
natr_5_sft <= Close_sft|bbw_34_sft <= 0.008132|bbw_5_sft <= 0.002248,LONG,Ret_96,260,119,1.3065,1.737
vol_z_8_sft <= 1.642852|std_8_sft <= 0.726908,LONG,Ret_96,279,65,1.3095,1.593
natr_144_sft <= Close_sft|bbw_8_sft <= 0.002194|std_8_sft <= 1.683368,LONG,Ret_96,304,148,1.2543,1.5045
vol_z_24_sft >= -1.708722|bbw_21_sft <= 0.004404,LONG,Ret_96,235,100,1.2528,2.1049
bbw_8_sft <= 0.007711|bbw_8_sft <= 0.002194,LONG,Ret_96,304,153,1.2543,1.2667
bbw_5_sft >= 0.009348|natr_13_sft >= 0.277146|natr_21_sft >= 0.154328,LONG,Ret_72,256,228,1.2522,1.3072
vol_z_55_sft <= Close_sft|std_34_sft <= Close_sft|std_48_sft <= 3.378221,LONG,Ret_96,258,45,1.2583,1.1723
vol_z_8_sft >= -1.248868|vol_z_48_sft <= -1.799152,LONG,Ret_96,268,160,1.2653,1.3525
natr_24_sft <= Close_sft|std_48_sft <= 3.378221|natr_200_sft <= Close_sft,LONG,Ret_96,258,45,1.2583,1.1723
vol_z_8_sft >= 1.642852|vol_z_144_sft <= -0.446939,LONG,Ret_96,256,160,1.2997,1.2792
bbw_13_sft <= Close_sft|std_48_sft <= 3.378221,LONG,Ret_96,258,45,1.2583,1.1723
natr_8_sft <= 0.280445|std_24_sft >= 5.149226,LONG,Ret_48,347,350,1.2772,1.4632
vol_z_24_sft >= -0.291953|bbw_120_sft <= 0.0238|vol_z_120_sft >= -1.410417,LONG,Ret_96,269,132,1.2863,1.4177
bbw_48_sft <= 0.010012|vol_z_8_sft <= -0.389454,LONG,Ret_96,240,114,1.2523,1.2888
std_8_sft <= 0.726908|vol_z_34_sft <= Close_sft|natr_144_sft <= Close_sft,LONG,Ret_96,279,65,1.3082,1.593
bbw_5_sft >= 0.005822|std_13_sft <= 2.287618|bbw_144_sft <= 0.02626,LONG,Ret_72,206,24,1.3002,2.1715
bbw_48_sft >= 0.007403|bbw_8_sft <= 0.002194,LONG,Ret_96,287,150,1.2529,1.2723
bbw_21_sft >= -4.31|std_48_sft <= 3.378221,LONG,Ret_96,258,45,1.2583,1.1723
vol_z_200_sft <= -1.1|natr_144_sft <= 0.27883,LONG,Ret_96,206,113,1.3721,1.4757
natr_5_sft <= 0.211623|bbw_8_sft <= 0.002194,LONG,Ret_96,286,139,1.2755,1.4361
std_21_sft >= 2.016376|std_8_sft <= 0.726908,LONG,Ret_96,238,63,1.2802,1.6226
std_13_sft <= 1.469158|vol_z_144_sft >= -1.457436,LONG,Ret_96,280,68,1.2702,1.3931
std_48_sft <= 4.88495|natr_13_sft <= 6.7|std_24_sft <= 3.3073,LONG,Ret_96,323,74,1.2563,1.131
std_5_sft <= Close_sft|std_48_sft <= 3.378221,LONG,Ret_96,258,45,1.2583,1.1723
bbw_8_sft <= 0.002194|std_8_sft <= 0.726908,LONG,Ret_96,268,65,1.2609,1.593
bbw_21_sft <= 0.006008|bbw_89_sft <= 0.020122,LONG,Ret_72,289,129,1.296,1.6428
std_89_sft <= 6.96738|std_5_sft <= 2.077894,LONG,Ret_72,374,76,1.2529,1.2339
bbw_144_sft >= -8.67|bbw_8_sft <= 0.002194,LONG,Ret_96,304,153,1.2543,1.2667
bbw_8_sft <= 0.002194|vol_z_8_sft <= Close_sft,LONG,Ret_96,304,153,1.2543,1.2667
std_55_sft <= 7.980703|std_8_sft <= 0.726908,LONG,Ret_96,258,47,1.2596,1.3955
vol_z_24_sft >= 0.751257|std_5_sft <= 0.75881,LONG,Ret_72,238,45,1.2672,1.2102
std_13_sft >= 1.469158|std_200_sft <= 7.585233,LONG,Ret_48,235,8,1.2766,1.247
vol_z_24_sft >= -1.708722|std_48_sft <= 3.378221,LONG,Ret_96,255,45,1.281,1.1936
std_21_sft <= 2.016376|std_13_sft <= 2.287618|std_8_sft <= 1.072658,LONG,Ret_96,255,43,1.2511,1.0686
natr_13_sft <= Close_sft|std_8_sft <= 0.726908,LONG,Ret_96,279,65,1.3082,1.593
std_48_sft <= 3.378221|vol_z_24_sft >= -1.708722,LONG,Ret_96,255,45,1.281,1.1936
std_89_sft <= 6.96738|bbw_8_sft <= 0.004852,LONG,Ret_72,358,75,1.2528,1.1752
bbw_34_sft <= 0.008132|vol_z_48_sft >= -0.29442,LONG,Ret_48,261,130,1.3042,1.4861
vol_z_34_sft >= -1.260982|bbw_24_sft <= 0.006573,LONG,Ret_72,366,168,1.2647,1.389
natr_48_sft <= 0.95|std_48_sft <= 3.378221,LONG,Ret_96,258,45,1.2583,1.1723
bbw_144_sft >= 0.018355|std_144_sft <= 9.075485|vol_z_120_sft >= -1.92868,LONG,Ret_96,235,33,1.2543,0.5662
vol_z_34_sft >= -1.774818|bbw_13_sft <= 0.003169,LONG,Ret_96,258,115,1.3425,1.6578
natr_5_sft <= 0.162398|std_89_sft <= 10.2737|vol_z_144_sft <= 0.950722,LONG,Ret_96,270,97,1.2563,1.5342
vol_z_89_sft <= 0.912652|std_5_sft >= 3.430447,LONG,Ret_72,261,279,1.2852,1.4381
bbw_8_sft <= 0.002194|std_200_sft >= 1.72|vol_z_89_sft <= 0.912652,LONG,Ret_96,295,145,1.2501,1.1918
vol_z_24_sft <= 6.91|bbw_8_sft <= 0.002194,LONG,Ret_96,304,153,1.2543,1.2667
vol_z_21_sft >= 0.803529|vol_z_144_sft <= -0.446939,LONG,Ret_96,234,145,1.3423,1.3749
vol_z_24_sft <= Close_sft|std_48_sft <= 3.378221,LONG,Ret_96,258,45,1.2583,1.1723
std_24_sft <= 7.668578|bbw_8_sft <= 0.002194|std_24_sft >= 2.210957,LONG,Ret_96,262,132,1.3092,1.4608
std_8_sft <= 0.726908|bbw_21_sft <= Close_sft,LONG,Ret_96,279,65,1.3082,1.593
std_24_sft >= 5.149226|std_13_sft <= 2.287618,LONG,Ret_48,285,163,1.2619,1.6903
vol_z_24_sft <= Close_sft|vol_z_48_sft >= 0.842775|vol_z_200_sft <= -0.5693,LONG,Ret_48,238,157,1.3541,1.1919
std_48_sft <= 3.378221|bbw_24_sft >= -1.39,LONG,Ret_96,258,45,1.2583,1.1723
bbw_200_sft <= 0.043372|natr_144_sft >= 0.225372|natr_13_sft >= 0.217387,LONG,Ret_72,207,159,1.2562,1.1971
bbw_8_sft <= 0.002194|natr_200_sft <= Close_sft,LONG,Ret_96,304,153,1.2543,1.2667
natr_5_sft <= 0.162398|bbw_8_sft >= 0.003177,LONG,Ret_72,326,150,1.2552,1.6593
std_5_sft <= Close_sft|std_8_sft <= 0.726908,LONG,Ret_96,279,65,1.3082,1.593
natr_5_sft >= 0.284373|std_21_sft <= 3.054573,LONG,Ret_96,239,64,1.3171,1.5119
std_48_sft <= 3.378221|bbw_89_sft <= 0.029286,LONG,Ret_96,240,43,1.2669,1.1442
std_5_sft <= Close_sft|std_8_sft <= 0.726908|std_34_sft >= -4.08,LONG,Ret_96,279,65,1.3082,1.593
vol_z_144_sft <= 1.795831|bbw_5_sft <= 0.001474,LONG,Ret_96,333,178,1.2506,1.5908
natr_5_sft <= 9.17|std_48_sft <= 3.378221,LONG,Ret_96,258,45,1.2583,1.1723
std_5_sft <= 0.75881|natr_200_sft >= 0.227102,LONG,Ret_72,237,131,1.2588,1.5424
vol_z_120_sft <= 1.764268|std_48_sft <= 3.378221|std_48_sft <= 7.394481,LONG,Ret_96,258,45,1.2794,1.1767
std_8_sft <= 0.726908|std_89_sft <= Close_sft,LONG,Ret_96,279,65,1.3082,1.593
std_8_sft <= 0.726908|natr_200_sft <= Close_sft,LONG,Ret_96,279,65,1.3082,1.593
bbw_21_sft <= 0.006008|std_55_sft <= 11.956969,LONG,Ret_96,329,141,1.2842,1.4946
bbw_120_sft <= 0.016661|vol_z_120_sft <= 1.764268|vol_z_24_sft >= -0.291953,LONG,Ret_72,201,75,1.2536,1.3901
natr_24_sft <= Close_sft|vol_z_144_sft <= 0.950722|natr_144_sft >= 0.225372,LONG,Ret_72,263,228,1.2523,1.26
natr_120_sft >= 0.224096|std_34_sft >= 4.050388|std_5_sft <= 1.24561,LONG,Ret_48,341,239,1.2518,1.2426
bbw_8_sft <= 0.002194|std_13_sft >= -7.1,LONG,Ret_96,304,153,1.2543,1.2667
vol_z_21_sft <= 0.803529|bbw_8_sft <= 0.002194,LONG,Ret_96,303,151,1.2895,1.2249
std_13_sft <= 1.045182|vol_z_120_sft >= -1.410417|bbw_24_sft <= 8.67,LONG,Ret_96,201,26,1.4237,1.3732
vol_z_24_sft >= -0.291953|bbw_120_sft <= 0.0238,LONG,Ret_96,281,139,1.2929,1.4688
vol_z_144_sft <= -0.446939|natr_200_sft <= Close_sft|vol_z_24_sft >= 0.65,LONG,Ret_96,227,139,1.3491,1.3082
bbw_8_sft <= 0.002194|bbw_13_sft >= -8.53,LONG,Ret_96,304,153,1.2543,1.2667
vol_z_24_sft <= -0.291953|bbw_13_sft >= 0.006566|vol_z_55_sft <= -1.307981,LONG,Ret_96,209,165,1.39,1.389
std_24_sft >= 5.149226|natr_8_sft <= 2.46|bbw_13_sft <= 0.006566,LONG,Ret_72,253,249,1.3325,1.4202
bbw_8_sft <= 0.002194|std_21_sft >= -2.61,LONG,Ret_96,304,153,1.2543,1.2667
std_200_sft <= 10.871477|vol_z_48_sft >= -9.95|std_24_sft <= 2.210957,LONG,Ret_96,205,26,1.4157,0.7494
vol_z_120_sft <= -1.410417|vol_z_21_sft >= -0.307313,LONG,Ret_72,213,137,1.3153,1.7456
std_144_sft <= 6.04|bbw_5_sft <= 0.009348,LONG,Ret_48,250,12,1.2744,2.0067
vol_z_5_sft <= 2.93|bbw_120_sft <= 0.034196|vol_z_48_sft <= -1.799152,LONG,Ret_96,245,122,1.2807,1.4445
vol_z_120_sft >= -8.65|std_8_sft <= 0.726908,LONG,Ret_96,279,65,1.3082,1.593
vol_z_5_sft >= -9.47|std_120_sft <= 6.89,LONG,Ret_96,239,34,1.2521,0.9262
std_120_sft <= 8.227266|std_8_sft <= 0.726908|vol_z_48_sft <= 7.27,LONG,Ret_96,200,20,1.2535,1.052
std_48_sft <= 3.378221|natr_24_sft <= 7.91,LONG,Ret_96,258,45,1.2583,1.1723
std_48_sft <= 3.378221|bbw_144_sft <= 1.57,LONG,Ret_96,258,45,1.2583,1.1723
vol_z_5_sft <= Close_sft|bbw_8_sft <= 0.002194,LONG,Ret_96,304,153,1.2543,1.2667
std_8_sft <= 1.683368|natr_144_sft >= 0.225372,LONG,Ret_96,210,120,1.3622,1.492
vol_z_24_sft >= -0.291953|std_5_sft <= 0.492177,LONG,Ret_72,266,63,1.2815,1.2571
bbw_8_sft <= 0.002194|bbw_13_sft >= -5.21,LONG,Ret_96,304,153,1.2543,1.2667
vol_z_144_sft >= -1.945098|bbw_8_sft <= 0.002194|std_34_sft <= 2.735518,LONG,Ret_48,223,29,1.2668,1.0084
vol_z_8_sft >= -1.248868|vol_z_13_sft <= -1.592901|natr_8_sft <= Close_sft,LONG,Ret_72,230,168,1.2808,1.4822
natr_200_sft >= 0.227102|natr_5_sft <= 0.211623,LONG,Ret_48,304,238,1.3492,1.3323
std_89_sft <= 6.96738|vol_z_21_sft <= 0.803529|natr_5_sft <= 0.162398,LONG,Ret_96,235,51,1.2623,1.194
std_8_sft <= Close_sft|std_8_sft <= 0.726908,LONG,Ret_96,279,65,1.3082,1.593
std_21_sft <= 7.19688|natr_200_sft <= 8.35|std_21_sft <= 1.56,LONG,Ret_96,236,32,1.2775,0.9353
std_8_sft <= 0.726908|vol_z_34_sft >= -4.99,LONG,Ret_96,279,65,1.3082,1.593
vol_z_89_sft <= 0.18|natr_120_sft >= 0.224096,LONG,Ret_48,342,308,1.2806,1.2783
std_144_sft <= Close_sft|bbw_8_sft <= 0.002194,LONG,Ret_96,304,153,1.2543,1.2667
bbw_144_sft <= 0.018355|natr_89_sft <= 0.222443,LONG,Ret_48,225,58,1.2707,1.9429
natr_5_sft <= 0.162398|bbw_21_sft <= 0.006008|natr_200_sft <= 2.75,LONG,Ret_72,297,125,1.3029,1.4175
bbw_144_sft <= 0.02626|vol_z_34_sft <= -0.271333|natr_5_sft <= 0.162398,LONG,Ret_96,216,88,1.4796,1.5433
vol_z_48_sft <= -1.799152|bbw_8_sft <= 0.012058|vol_z_24_sft >= -1.708722,LONG,Ret_96,258,160,1.334,1.5576
std_200_sft <= 10.871477|bbw_21_sft >= 0.006008|std_5_sft <= 0.75881,LONG,Ret_96,223,40,1.2677,0.93
vol_z_200_sft <= Close_sft|std_21_sft <= 3.054573|bbw_34_sft >= 0.017355,LONG,Ret_48,219,52,1.2691,1.7787
natr_21_sft <= Close_sft|std_144_sft <= 5.84,LONG,Ret_48,239,10,1.2623,3.2404
bbw_13_sft <= Close_sft|std_8_sft <= 0.726908,LONG,Ret_96,279,65,1.3082,1.593
std_13_sft <= 1.045182|bbw_89_sft <= 0.020122,LONG,Ret_72,229,38,1.2689,0.9595
std_200_sft <= 9.34,LONG,Ret_96,209,24,1.2822,0.7745
natr_8_sft >= -6.7|std_48_sft <= 3.378221,LONG,Ret_96,258,45,1.2583,1.1723
std_13_sft >= 1.045182|std_8_sft <= 0.726908|std_34_sft >= 1.954364,LONG,Ret_96,251,59,1.2631,1.2161
bbw_5_sft <= 0.001474|bbw_34_sft <= 0.008132,LONG,Ret_72,249,105,1.4539,1.4383
std_200_sft <= 9.21,LONG,Ret_96,205,23,1.3094,0.7834
vol_z_48_sft <= -1.799152|std_21_sft >= 1.442227,LONG,Ret_96,259,172,1.2823,1.5654
bbw_8_sft <= 0.002194|bbw_21_sft <= Close_sft,LONG,Ret_96,304,153,1.2543,1.2667
std_48_sft <= 3.378221|vol_z_120_sft <= Close_sft,LONG,Ret_96,258,45,1.2583,1.1723
bbw_21_sft <= 0.006008|vol_z_34_sft >= -1.260982,LONG,Ret_96,304,144,1.2669,1.9585
std_34_sft <= 2.735518|std_120_sft <= 8.227266|bbw_5_sft >= -9.87,LONG,Ret_96,214,19,1.266,0.9111
vol_z_144_sft <= -0.446939|std_144_sft <= 9.075485,LONG,Ret_96,213,51,1.3003,1.2284
vol_z_89_sft >= -9.47|vol_z_8_sft >= -9.35|std_48_sft <= 3.378221,LONG,Ret_96,258,45,1.2583,1.1723
natr_120_sft >= 0.224096|vol_z_200_sft <= 0.945483,LONG,Ret_72,254,227,1.2673,1.1401
vol_z_5_sft >= -1.376641|std_144_sft <= 9.075485|natr_200_sft <= 0.27821,LONG,Ret_96,250,55,1.2803,1.0502
std_13_sft <= 1.469158|vol_z_13_sft >= 0.97029|vol_z_24_sft <= Close_sft,LONG,Ret_72,216,27,1.2694,0.4798
std_8_sft >= 0.726908|std_48_sft <= 3.378221,LONG,Ret_96,257,45,1.3129,1.197
std_89_sft <= 9.34|vol_z_144_sft >= -0.446939,LONG,Ret_72,318,93,1.2857,0.9288
bbw_8_sft <= 0.002194|bbw_55_sft <= Close_sft|vol_z_13_sft <= -0.392608,LONG,Ret_96,297,151,1.2906,1.244
vol_z_13_sft <= -1.592901|bbw_21_sft >= 0.0088,LONG,Ret_72,324,224,1.3663,1.2676
bbw_120_sft <= 0.0238|vol_z_13_sft >= 1.805897,LONG,Ret_72,296,140,1.3012,1.2642
std_8_sft <= 0.726908|std_13_sft >= -9.0|std_13_sft <= 2.287618,LONG,Ret_96,260,54,1.2906,2.2523
vol_z_21_sft >= -0.307313|bbw_21_sft <= 0.006008,LONG,Ret_96,260,116,1.2518,1.8635
std_8_sft <= 0.726908|natr_24_sft >= -3.12,LONG,Ret_96,279,65,1.3082,1.593
natr_13_sft <= 0.61|std_48_sft <= 3.378221,LONG,Ret_96,258,45,1.2583,1.1723
std_200_sft <= 9.21|natr_13_sft <= 8.99,LONG,Ret_96,205,23,1.3094,0.7834
vol_z_13_sft <= -1.592901|bbw_24_sft >= 0.00949,LONG,Ret_72,330,222,1.2854,1.2338
vol_z_34_sft <= -0.3|natr_200_sft >= 0.227102,LONG,Ret_96,203,187,1.3486,1.3629
bbw_89_sft <= 5.17|std_48_sft <= 3.378221,LONG,Ret_96,258,45,1.2583,1.1723
natr_120_sft >= 0.224096|vol_z_120_sft <= 0.930988|vol_z_55_sft >= -1.307981,LONG,Ret_72,254,230,1.2514,1.2089
std_5_sft <= 0.75881|bbw_120_sft >= 0.016661,LONG,Ret_96,325,150,1.2868,1.4208
bbw_24_sft >= 0.004823|natr_5_sft <= 0.162398|std_8_sft >= 0.726908,LONG,Ret_96,277,142,1.2635,1.6176
std_144_sft <= 8.38|std_200_sft <= 10.871477,LONG,Ret_96,218,29,1.4381,0.7886
std_5_sft <= 0.75881|bbw_55_sft >= 0.02261,LONG,Ret_48,224,94,1.4173,1.0707
std_120_sft <= 6.89,LONG,Ret_96,239,34,1.2521,0.9262
std_48_sft <= 3.378221|std_13_sft <= 5.688889,LONG,Ret_96,258,45,1.2583,1.1723
std_200_sft <= 9.16,LONG,Ret_96,205,23,1.2992,0.7806
vol_z_8_sft <= 5.8|natr_5_sft <= 0.378965|std_48_sft <= 3.378221,LONG,Ret_96,258,45,1.2644,1.1805
natr_120_sft >= 0.164382|vol_z_48_sft <= -1.799152|bbw_34_sft >= 0.008132,LONG,Ret_96,206,148,1.3479,1.6654
std_8_sft <= 0.726908|natr_144_sft <= Close_sft,LONG,Ret_96,279,65,1.3082,1.593
vol_z_55_sft >= 1.671507|std_5_sft <= Close_sft|std_13_sft <= 3.640449,LONG,Ret_72,203,50,1.5286,2.0767
vol_z_120_sft <= 0.930988|std_48_sft >= 3.378221|bbw_55_sft >= 0.02261,LONG,Ret_48,236,204,1.429,0.951
std_13_sft <= 2.287618|vol_z_55_sft <= -2.0,LONG,Ret_96,227,79,1.3085,1.6615
bbw_8_sft <= 0.002194|std_21_sft <= 7.19688,LONG,Ret_96,300,138,1.2567,1.5479
natr_5_sft <= 0.162398|std_34_sft >= 1.954364,LONG,Ret_96,286,144,1.2725,1.5464
std_48_sft <= 3.378221|bbw_200_sft <= 0.81,LONG,Ret_96,258,45,1.2583,1.1723
vol_z_13_sft <= -1.592901|std_34_sft >= 6.19043,LONG,Ret_72,199,228,1.3097,1.2174
bbw_144_sft <= 0.02626|vol_z_8_sft <= -1.545812,LONG,Ret_96,245,111,1.2717,1.9923
std_34_sft >= 6.19043|natr_120_sft >= 0.164382|vol_z_5_sft <= -1.376641,LONG,Ret_48,304,356,1.289,1.1911
natr_21_sft >= -0.59|std_48_sft <= 3.378221,LONG,Ret_96,258,45,1.2583,1.1723
vol_z_89_sft >= -6.59|bbw_8_sft <= 0.002194,LONG,Ret_96,304,153,1.2543,1.2667
std_13_sft <= 5.688889|bbw_8_sft <= 0.002194,LONG,Ret_96,303,146,1.253,1.279
bbw_144_sft >= -6.96|std_8_sft <= 0.726908,LONG,Ret_96,279,65,1.3082,1.593
bbw_8_sft <= 0.002194|natr_5_sft >= 0.162398|natr_13_sft <= 0.353002,LONG,Ret_72,240,141,1.2713,1.3061
std_8_sft <= 0.726908|std_48_sft >= 2.419202,LONG,Ret_96,264,65,1.2864,1.593
natr_120_sft <= 0.327401|std_200_sft <= 9.18,LONG,Ret_96,205,23,1.2902,0.7833
std_21_sft <= 2.016376|vol_z_21_sft <= Close_sft|std_24_sft >= 2.210957,LONG,Ret_96,266,71,1.3314,1.6559
natr_200_sft <= 9.02|bbw_8_sft <= 0.002194|bbw_13_sft <= 0.010172,LONG,Ret_96,297,151,1.2641,1.2499
vol_z_34_sft >= -1.774818|vol_z_48_sft <= -1.799152,LONG,Ret_96,251,150,1.2718,1.3091
bbw_8_sft <= 0.002194|bbw_89_sft <= 0.020122,LONG,Ret_96,223,95,1.2945,1.5151
std_13_sft <= 2.287618|bbw_55_sft >= 0.02261|natr_21_sft <= Close_sft,LONG,Ret_48,240,83,1.3606,1.3003
std_8_sft <= 0.726908|natr_8_sft <= 0.280445,LONG,Ret_96,277,63,1.2824,1.7528
vol_z_120_sft <= 0.930988|natr_13_sft >= 0.277146,LONG,Ret_72,205,188,1.3259,1.1824
std_89_sft <= Close_sft|natr_21_sft <= 0.3462|bbw_144_sft >= 0.037391,LONG,Ret_48,217,168,1.2557,1.2476
std_24_sft <= 2.210957|natr_13_sft >= 0.149287|std_89_sft <= 6.96738,LONG,Ret_96,218,27,1.255,1.1917
bbw_89_sft <= 0.020122|bbw_24_sft <= 0.006573,LONG,Ret_72,284,122,1.3348,1.5031
std_21_sft >= -1.97|std_48_sft <= 3.378221,LONG,Ret_96,258,45,1.2583,1.1723
std_55_sft <= 5.307895|std_13_sft >= 3.640449,LONG,Ret_72,283,85,1.2741,0.8063
natr_200_sft >= 0.227102|bbw_13_sft <= 0.006566,LONG,Ret_96,202,166,1.2519,1.0694
std_5_sft <= 0.492177|std_8_sft <= 0.726908|bbw_89_sft <= 0.029286,LONG,Ret_96,203,40,1.4801,1.2269
natr_55_sft <= 0.334023|std_24_sft >= 5.68,LONG,Ret_48,323,338,1.2706,1.3316
std_89_sft <= 6.96738|std_144_sft >= 6.184653,LONG,Ret_72,263,81,1.2623,1.2967
std_48_sft <= Close_sft|std_8_sft <= 0.726908|natr_24_sft >= 0.155439,LONG,Ret_96,254,57,1.3209,1.7033
natr_5_sft <= 0.162398|bbw_34_sft <= 0.008132,LONG,Ret_72,272,111,1.32,1.7843
vol_z_200_sft <= Close_sft|bbw_24_sft >= 0.006573|vol_z_48_sft <= -1.799152,LONG,Ret_96,220,151,1.3698,1.5739
vol_z_13_sft <= -1.592901|vol_z_21_sft >= -1.200137,LONG,Ret_72,334,197,1.262,1.3824
std_8_sft <= 0.726908|bbw_144_sft <= 0.051953,LONG,Ret_96,268,63,1.2903,1.7935
vol_z_21_sft <= -1.673403|vol_z_200_sft >= -0.5693,LONG,Ret_48,269,171,1.2639,1.3841
std_48_sft <= 7.394481|std_200_sft <= 8.08,LONG,Ret_72,200,14,1.2664,1.7419
std_8_sft <= 0.726908|vol_z_24_sft <= 0.751257,LONG,Ret_96,277,65,1.3076,1.593
std_13_sft <= 2.287618|std_34_sft >= 6.19043,LONG,Ret_48,267,162,1.3931,1.4587
natr_21_sft <= 0.3462|bbw_144_sft >= 0.037391,LONG,Ret_48,217,168,1.2557,1.2476
vol_z_24_sft >= 0.751257|natr_13_sft >= 0.277146,LONG,Ret_96,226,189,1.2572,1.2615
bbw_8_sft >= 0.003177|std_48_sft <= 3.378221,LONG,Ret_96,254,43,1.2758,1.2242
natr_8_sft <= 0.280445|std_34_sft >= 6.27|natr_21_sft <= 0.3462,LONG,Ret_48,291,328,1.2578,1.6646
natr_5_sft >= 0.284373|bbw_21_sft <= 0.0088|bbw_144_sft >= -2.79,LONG,Ret_96,245,172,1.3587,1.5191
bbw_48_sft <= Close_sft|bbw_5_sft >= 0.005822|bbw_34_sft <= 0.008132,LONG,Ret_96,227,115,1.269,1.4083
std_8_sft <= 4.41928|vol_z_144_sft <= -0.76|bbw_144_sft <= 0.02626,LONG,Ret_96,205,106,1.2871,1.5823
natr_13_sft >= 0.217387|vol_z_89_sft <= 0.48,LONG,Ret_96,256,213,1.3465,1.3609
std_8_sft <= 0.726908|vol_z_13_sft <= -0.392608,LONG,Ret_96,273,65,1.3304,1.5794
bbw_5_sft <= 0.003591|vol_z_34_sft >= -1.774818|std_34_sft >= 6.19043,LONG,Ret_48,332,381,1.3078,1.2579
std_8_sft <= 1.072658|vol_z_24_sft >= -0.291953|std_144_sft <= 13.042778,LONG,Ret_96,245,43,1.2729,1.4263
bbw_144_sft <= Close_sft|std_8_sft <= 0.726908|vol_z_21_sft <= -1.200137,LONG,Ret_96,245,50,1.3302,2.2014
vol_z_55_sft <= Close_sft|std_8_sft <= 0.726908,LONG,Ret_96,279,65,1.3082,1.593
bbw_120_sft <= 0.0238|vol_z_144_sft <= -0.446939,LONG,Ret_96,234,114,1.2537,1.5482
std_48_sft <= 3.378221|vol_z_8_sft >= -8.92,LONG,Ret_96,258,45,1.2583,1.1723
vol_z_144_sft <= -0.446939|vol_z_21_sft >= 0.803529,LONG,Ret_96,234,145,1.3423,1.3749
bbw_21_sft <= 0.0088|natr_8_sft >= 0.280445,LONG,Ret_72,226,179,1.31,1.4845
std_48_sft <= 3.378221|vol_z_48_sft >= -3.5,LONG,Ret_96,258,45,1.2583,1.1723
std_144_sft >= 3.1|bbw_8_sft <= 0.002194,LONG,Ret_96,301,153,1.2865,1.2667
natr_200_sft >= 0.227102|vol_z_24_sft <= 2.04|vol_z_144_sft <= 0.950722,LONG,Ret_72,260,229,1.2968,1.2943
bbw_55_sft <= 0.010807|vol_z_200_sft >= -1.991249,LONG,Ret_72,283,128,1.2865,1.0296
std_5_sft <= 0.75881|natr_21_sft <= Close_sft|vol_z_34_sft >= 0.788692,LONG,Ret_72,241,55,1.2977,1.5322
std_48_sft <= 8.65|std_48_sft <= 3.378221,LONG,Ret_96,258,45,1.2583,1.1723
vol_z_89_sft <= -0.334506|vol_z_48_sft <= -1.799152,LONG,Ret_96,272,157,1.2731,1.6221
std_34_sft >= 1.954364|bbw_8_sft <= 0.002194,LONG,Ret_96,291,152,1.2634,1.2692
natr_8_sft >= 0.141748|vol_z_8_sft >= 1.642852|vol_z_144_sft <= -0.446939,LONG,Ret_96,251,159,1.2778,1.3179
bbw_120_sft <= 0.0238|std_200_sft <= 10.871477|bbw_24_sft <= 0.014312,LONG,Ret_72,271,54,1.2607,0.8222
vol_z_200_sft <= 0.945483|vol_z_8_sft >= -1.545812|natr_120_sft >= 0.224096,LONG,Ret_72,254,226,1.2822,1.1181
std_13_sft >= 1.33|std_200_sft <= 7.585233|std_55_sft <= Close_sft,LONG,Ret_48,236,8,1.2982,1.2958
natr_5_sft >= -4.79|std_8_sft <= 0.726908,LONG,Ret_96,279,65,1.3082,1.593
std_48_sft <= 3.378221|natr_8_sft <= 0.363757,LONG,Ret_96,258,45,1.2688,1.1784
std_8_sft <= 0.726908|natr_24_sft <= Close_sft,LONG,Ret_96,279,65,1.3082,1.593
std_55_sft <= 7.980703|vol_z_5_sft >= -1.376641|std_48_sft <= 3.378221,LONG,Ret_96,258,44,1.2674,1.1225
bbw_13_sft >= 0.003169|vol_z_55_sft <= -1.307981|bbw_48_sft >= 0.010012,LONG,Ret_96,262,188,1.2599,1.3411
bbw_5_sft >= 0.005822|bbw_21_sft <= 0.006008,LONG,Ret_72,233,120,1.3002,1.7195
std_5_sft >= 2.077894|std_34_sft <= 4.050388|vol_z_24_sft <= 0.15,LONG,Ret_96,209,97,1.3041,1.3923
vol_z_55_sft <= Close_sft|std_48_sft <= 3.378221|vol_z_34_sft <= 6.23,LONG,Ret_96,258,45,1.2583,1.1723
vol_z_5_sft <= -1.157032|std_89_sft >= 3.540767|std_24_sft <= 2.210957,LONG,Ret_96,231,47,1.3412,1.477
std_8_sft <= 0.726908|bbw_55_sft <= Close_sft|bbw_89_sft <= Close_sft,LONG,Ret_96,279,65,1.3082,1.593
bbw_120_sft <= 0.0238|vol_z_24_sft >= 1.597743,LONG,Ret_72,258,119,1.2849,1.2783
std_48_sft >= -6.22|std_8_sft <= 0.726908|vol_z_24_sft >= -9.33,LONG,Ret_96,279,65,1.3082,1.593
bbw_120_sft <= 0.0238|natr_21_sft >= 0.179614,LONG,Ret_72,312,164,1.2554,1.3394
std_24_sft >= 2.210957|natr_5_sft <= 0.162398,LONG,Ret_96,266,142,1.3075,1.4934
bbw_5_sft >= 0.009348|vol_z_144_sft <= 0.950722,LONG,Ret_96,248,175,1.2763,1.4832
std_8_sft >= 0.726908|std_13_sft <= 1.045182|vol_z_144_sft >= -1.945098,LONG,Ret_96,216,34,1.3121,1.186
std_120_sft <= 8.227266|vol_z_89_sft <= -0.334506|bbw_5_sft <= 0.001474,LONG,Ret_72,220,40,1.2813,0.8147
bbw_34_sft <= 0.011669|natr_120_sft <= 0.185329,LONG,Ret_48,223,43,1.3161,1.0484
natr_24_sft <= Close_sft|std_48_sft <= 3.378221,LONG,Ret_96,258,45,1.2583,1.1723
std_8_sft <= 0.78|natr_144_sft >= 0.185768,LONG,Ret_96,203,63,1.255,1.8247
std_8_sft <= 0.726908|vol_z_48_sft <= Close_sft,LONG,Ret_96,279,65,1.3082,1.593
bbw_55_sft <= 0.031868|std_5_sft <= 0.75881,LONG,Ret_96,376,158,1.2669,1.5852
vol_z_89_sft <= Close_sft|std_48_sft <= 3.378221,LONG,Ret_96,258,45,1.2583,1.1723
vol_z_24_sft >= -1.708722|vol_z_144_sft >= -1.457436|std_55_sft <= 4.24,LONG,Ret_96,251,49,1.2907,0.7908
bbw_48_sft <= 0.029847|std_5_sft <= 0.75881|vol_z_200_sft >= -1.519421,LONG,Ret_96,321,132,1.2694,1.5495
vol_z_8_sft <= Close_sft|std_48_sft <= 3.378221,LONG,Ret_96,258,45,1.2583,1.1723
natr_200_sft <= Close_sft|vol_z_144_sft <= 0.41|natr_144_sft >= 0.225372,LONG,Ret_72,238,205,1.3141,1.1296
bbw_24_sft <= 0.006573|bbw_89_sft <= 0.029286,LONG,Ret_72,355,167,1.2574,1.3066
vol_z_48_sft <= -1.799152|vol_z_13_sft >= -1.592901,LONG,Ret_96,274,166,1.2718,1.3835
vol_z_13_sft <= -1.592901|vol_z_21_sft >= -1.673403|std_24_sft >= 3.3073,LONG,Ret_72,296,232,1.2543,1.2653
vol_z_48_sft <= -0.29442|vol_z_34_sft >= -0.271333,LONG,Ret_72,334,201,1.2599,1.4829
bbw_21_sft >= 0.0088|std_24_sft <= 7.668578|vol_z_21_sft <= -1.673403,LONG,Ret_48,255,95,1.3222,1.2461
bbw_5_sft >= -3.95|std_48_sft <= 3.378221,LONG,Ret_96,258,45,1.2583,1.1723
std_13_sft >= -1.68|natr_5_sft <= Close_sft|std_8_sft <= 0.726908,LONG,Ret_96,279,65,1.3082,1.593
bbw_13_sft <= 0.006566|vol_z_48_sft <= -2.04,LONG,Ret_96,220,107,1.2816,1.489
std_21_sft <= 4.77108|natr_144_sft >= 0.225372|bbw_48_sft >= 0.010012,LONG,Ret_72,270,154,1.2514,1.1929
bbw_8_sft <= 0.002194|bbw_5_sft >= -2.4,LONG,Ret_96,304,153,1.2543,1.2667
std_5_sft <= 3.430447|std_48_sft <= 3.378221,LONG,Ret_96,257,44,1.2663,1.1096
bbw_34_sft <= 0.008132|std_21_sft <= 2.016376,LONG,Ret_96,246,56,1.2585,1.3335
std_120_sft <= 5.568195|bbw_21_sft >= 0.004404,LONG,Ret_48,270,16,1.2603,0.4316
vol_z_34_sft >= 0.53|bbw_55_sft >= 0.01531|bbw_89_sft <= 0.020122,LONG,Ret_48,226,134,1.3021,1.3774
std_48_sft <= 3.378221|bbw_48_sft >= -1.59,LONG,Ret_96,258,45,1.2583,1.1723
vol_z_24_sft >= -8.94|std_48_sft <= 3.378221,LONG,Ret_96,258,45,1.2583,1.1723
natr_5_sft >= -7.87|std_48_sft <= 3.378221,LONG,Ret_96,258,45,1.2583,1.1723
std_8_sft <= 0.726908|bbw_21_sft >= 0.006008,LONG,Ret_96,246,53,1.2891,1.4255
std_8_sft <= 0.726908|std_48_sft <= 11.129888,LONG,Ret_96,276,57,1.3028,1.3664
natr_144_sft >= -1.59|std_8_sft <= 0.726908,LONG,Ret_96,279,65,1.3082,1.593
std_8_sft <= 0.726908|bbw_21_sft >= 0.004404,LONG,Ret_96,266,59,1.3287,1.6669
bbw_8_sft >= 0.007711|std_48_sft <= 3.378221,LONG,Ret_72,215,17,1.3102,0.8167
vol_z_13_sft >= -1.248446|std_21_sft <= 2.016376,LONG,Ret_96,306,71,1.2536,1.4809
vol_z_8_sft <= -0.389454|vol_z_5_sft <= -1.157032|std_55_sft <= 3.661666,LONG,Ret_96,208,32,1.2816,0.7598
std_5_sft <= 0.492177|vol_z_21_sft >= 0.06,LONG,Ret_72,216,46,1.5532,1.1756
std_200_sft <= 7.585233|std_8_sft <= 4.41928|bbw_13_sft >= 0.00438,LONG,Ret_48,235,7,1.2785,4.4799
std_200_sft <= 7.98,LONG,Ret_72,200,14,1.2858,1.9539
bbw_5_sft <= 0.002248|std_55_sft >= 7.980703,LONG,Ret_48,229,293,1.2863,1.1929
std_48_sft <= Close_sft|natr_13_sft >= 0.176006|std_8_sft <= 0.726908,LONG,Ret_96,210,44,1.3352,1.5257
vol_z_21_sft >= -1.200137|vol_z_13_sft <= -1.592901,LONG,Ret_72,334,197,1.262,1.3824
std_21_sft <= 2.016376|natr_13_sft >= 0.217387,LONG,Ret_48,229,27,1.3147,0.672
std_144_sft <= 7.36|natr_144_sft <= Close_sft|bbw_24_sft >= -4.65,LONG,Ret_96,216,24,1.2706,1.7228
std_48_sft <= 4.88495|natr_24_sft <= Close_sft|std_34_sft <= 2.735518,LONG,Ret_96,262,46,1.2653,0.9873
std_24_sft >= 5.149226|std_21_sft <= 4.77108,LONG,Ret_48,334,239,1.2689,1.4422
std_13_sft <= 1.469158|natr_13_sft <= Close_sft|std_120_sft <= 5.568195,LONG,Ret_48,233,11,1.2685,0.7395
bbw_5_sft <= 0.003591|bbw_48_sft >= 0.021014|natr_48_sft <= 0.335629,LONG,Ret_48,263,188,1.3988,1.0894
vol_z_13_sft <= 3.27|std_8_sft <= 0.726908|bbw_48_sft <= Close_sft,LONG,Ret_96,279,65,1.3082,1.593
std_13_sft <= 0.99,LONG,Ret_96,237,46,1.3011,1.6985
vol_z_21_sft >= -1.673403|std_21_sft <= 2.016376|vol_z_8_sft <= 1.642852,LONG,Ret_96,305,72,1.2668,1.3673
std_24_sft >= 2.210957|std_21_sft <= 2.016376,LONG,Ret_96,266,71,1.3314,1.6559
vol_z_24_sft <= -0.291953|std_200_sft <= 10.871477,LONG,Ret_96,243,48,1.2627,0.7018
natr_13_sft >= 0.217387|std_5_sft <= 0.75881|std_48_sft <= Close_sft,LONG,Ret_96,247,119,1.2981,1.7377
vol_z_24_sft >= 1.597743|natr_5_sft >= 0.378965,LONG,Ret_72,232,198,1.2726,1.516
natr_8_sft <= 0.280445|natr_89_sft >= 0.222443,LONG,Ret_96,211,172,1.3388,1.5246
std_34_sft >= 1.954364|natr_5_sft <= 0.162398,LONG,Ret_96,286,144,1.2725,1.5464
vol_z_48_sft <= -1.286116|vol_z_34_sft >= -1.260982,LONG,Ret_96,274,175,1.2575,1.3662
natr_5_sft <= 0.162398|vol_z_13_sft <= -1.248446,LONG,Ret_72,362,171,1.2643,1.6638
bbw_144_sft <= 0.53|vol_z_5_sft <= 4.9|std_8_sft <= 0.72,LONG,Ret_96,273,63,1.3409,1.589
std_48_sft <= 3.378221|bbw_5_sft >= -2.78,LONG,Ret_96,258,45,1.2583,1.1723
natr_8_sft <= Close_sft|std_8_sft <= 0.726908,LONG,Ret_96,279,65,1.3082,1.593
vol_z_89_sft <= Close_sft|bbw_8_sft <= 0.002194,LONG,Ret_96,304,153,1.2543,1.2667
natr_8_sft <= Close_sft|std_48_sft <= 3.378221,LONG,Ret_96,258,45,1.2583,1.1723
std_34_sft <= 2.47|std_89_sft <= 6.96738,LONG,Ret_72,236,19,1.2709,1.0162
bbw_5_sft >= 0.003591|std_21_sft <= 2.016376,LONG,Ret_96,284,51,1.3681,1.5964
vol_z_48_sft >= 0.842775|bbw_55_sft <= 0.01531,LONG,Ret_96,229,113,1.2587,1.5885
std_48_sft <= 3.378221|bbw_120_sft >= -0.03,LONG,Ret_96,258,45,1.2583,1.1723
vol_z_5_sft <= -1.157032|bbw_200_sft <= 0.022621|vol_z_89_sft <= 1.737015,LONG,Ret_48,227,85,1.2703,1.3816
std_55_sft <= 11.956969|bbw_48_sft >= 0.021014,LONG,Ret_24,447,118,1.2952,0.8549
vol_z_55_sft <= -1.307981|vol_z_120_sft <= 1.764268|bbw_24_sft >= 0.006573,LONG,Ret_96,278,193,1.3042,1.4324
vol_z_55_sft <= -1.307981|bbw_200_sft >= 0.031557|bbw_144_sft >= 0.01412,LONG,Ret_72,216,166,1.3454,1.4308
vol_z_24_sft >= 0.751257|bbw_5_sft <= 6.61|vol_z_144_sft <= -0.446939,LONG,Ret_96,223,138,1.3951,1.3945
std_8_sft <= 0.726908|std_24_sft >= 1.578101,LONG,Ret_96,263,65,1.2803,1.593
natr_13_sft >= 0.277146|vol_z_21_sft <= 1.674621,LONG,Ret_96,214,189,1.2666,1.3034
natr_120_sft >= -6.42|bbw_8_sft <= 0.002194,LONG,Ret_96,304,153,1.2543,1.2667
bbw_55_sft <= 0.02261|vol_z_21_sft >= 1.674621|bbw_21_sft <= 0.0088,LONG,Ret_96,207,111,1.3204,1.5317
natr_13_sft <= 0.149287|vol_z_21_sft <= -0.307313,LONG,Ret_48,219,54,1.2535,1.5165
vol_z_144_sft <= -0.446939|std_8_sft >= 2.760613,LONG,Ret_96,212,173,1.2606,1.3458
std_48_sft <= 3.378221|natr_200_sft <= Close_sft,LONG,Ret_96,258,45,1.2583,1.1723
natr_8_sft >= 0.215186|vol_z_89_sft <= -0.334506|bbw_5_sft >= 0.001474,LONG,Ret_96,234,179,1.3036,1.6592
bbw_48_sft <= Close_sft|bbw_8_sft <= 0.002194,LONG,Ret_96,304,153,1.2543,1.2667
std_34_sft >= 6.42|vol_z_8_sft <= -1.248868|vol_z_89_sft <= 0.912652,LONG,Ret_48,242,319,1.3708,1.2397
bbw_8_sft <= 0.002194|std_200_sft <= Close_sft,LONG,Ret_96,304,153,1.2543,1.2667
bbw_48_sft >= -0.36|std_48_sft <= 3.378221|bbw_89_sft <= Close_sft,LONG,Ret_96,258,45,1.2583,1.1723
vol_z_120_sft <= 1.764268|vol_z_24_sft >= -0.291953|std_21_sft <= 2.016376,LONG,Ret_48,336,43,1.256,0.6666
bbw_34_sft <= 0.011669|vol_z_48_sft <= -2.01,LONG,Ret_96,201,101,1.2653,1.2295
vol_z_89_sft <= -1.370045|vol_z_8_sft <= -1.248868,LONG,Ret_72,307,183,1.2977,1.686
vol_z_21_sft <= -0.307313|vol_z_144_sft <= -0.446939|std_200_sft <= 8.65,LONG,Ret_48,227,20,1.3149,2.1446
vol_z_48_sft <= -1.286116|natr_5_sft <= 6.02|bbw_24_sft >= 0.00949,LONG,Ret_96,216,156,1.2706,1.6458
std_5_sft <= 1.24561|std_34_sft >= 6.19043,LONG,Ret_48,337,264,1.3123,1.4336
bbw_8_sft <= 0.002194|vol_z_13_sft >= -7.51,LONG,Ret_96,304,153,1.2543,1.2667
bbw_55_sft >= 0.01531|natr_8_sft <= 0.280445|bbw_48_sft >= 0.021014,LONG,Ret_48,274,188,1.315,1.3099
bbw_21_sft <= 0.006008|vol_z_55_sft >= -1.307981,LONG,Ret_96,301,144,1.2645,2.4134
std_200_sft <= 9.09,LONG,Ret_96,203,23,1.3049,0.8205
vol_z_120_sft <= 0.930988|natr_120_sft >= 0.224096|bbw_24_sft >= 0.00949,LONG,Ret_72,236,223,1.3662,1.1621
std_13_sft <= 1.469158|vol_z_13_sft >= 0.97029,LONG,Ret_72,216,27,1.2694,0.4798
std_144_sft <= 9.075485|bbw_8_sft <= 0.002194,LONG,Ret_96,204,32,1.2924,0.9803
bbw_8_sft <= 0.002194|bbw_8_sft <= 0.004852,LONG,Ret_96,304,153,1.2543,1.2667
bbw_21_sft <= 0.004404|vol_z_24_sft >= -1.708722,LONG,Ret_96,235,100,1.2528,2.1049
natr_24_sft <= 0.180416|std_24_sft <= 7.69|natr_120_sft <= 0.185329,LONG,Ret_48,225,41,1.2623,1.0772
std_8_sft <= 0.726908|std_120_sft <= 11.990304,LONG,Ret_96,250,42,1.2995,1.5216
bbw_120_sft <= 0.0238|bbw_55_sft >= 0.01531|std_34_sft >= 4.050388,LONG,Ret_72,223,129,1.3287,1.3283
bbw_24_sft <= 0.006573|vol_z_5_sft <= -1.376641,LONG,Ret_96,225,107,1.2713,1.7513
vol_z_34_sft >= -0.271333|vol_z_144_sft <= -0.53,LONG,Ret_96,249,148,1.2788,1.4048
bbw_8_sft <= 0.002194|bbw_48_sft >= 0.007403,LONG,Ret_96,287,150,1.2529,1.2723
vol_z_21_sft >= 1.674621|std_34_sft <= Close_sft|std_21_sft <= 3.054573,LONG,Ret_96,226,38,1.3938,1.2504
vol_z_8_sft <= -1.545812|vol_z_89_sft <= -1.370045|natr_13_sft >= 0.149287,LONG,Ret_72,204,143,1.4005,1.2964
bbw_8_sft <= 0.002194|bbw_120_sft <= 3.28,LONG,Ret_96,304,153,1.2543,1.2667
vol_z_13_sft <= -1.248446|bbw_89_sft <= 0.014233|bbw_21_sft <= 0.013332,LONG,Ret_72,200,76,1.2552,1.708
bbw_48_sft >= 0.021014|std_13_sft <= 3.640449,LONG,Ret_24,442,208,1.2831,0.8736
natr_21_sft <= Close_sft|natr_13_sft <= 0.353002|std_48_sft <= 3.378221,LONG,Ret_96,258,45,1.27,1.1723
vol_z_48_sft >= 1.657311|std_13_sft <= 3.640449,LONG,Ret_72,208,50,1.4597,2.7068
vol_z_89_sft <= -1.877272|vol_z_13_sft >= -1.78,LONG,Ret_96,227,137,1.2504,1.3935
natr_8_sft <= 6.5|vol_z_89_sft <= -1.53,LONG,Ret_96,272,169,1.2854,1.4017
vol_z_24_sft >= 2.08|vol_z_89_sft <= 1.737015,LONG,Ret_72,285,176,1.2741,1.3376
std_8_sft <= 0.726908|std_34_sft >= 1.954364,LONG,Ret_96,262,65,1.3281,1.5685
bbw_120_sft <= 0.0238|vol_z_48_sft >= 0.842775|vol_z_89_sft >= -4.22,LONG,Ret_96,217,108,1.31,1.69
bbw_13_sft >= 0.00438|std_5_sft <= 0.75881,LONG,Ret_96,361,155,1.2596,1.4758
std_144_sft <= 9.075485|bbw_5_sft <= 0.001474,LONG,Ret_96,222,39,1.2536,1.0632
std_34_sft >= 6.19043|vol_z_200_sft <= 0.26|std_13_sft >= 1.045182,LONG,Ret_48,225,285,1.3382,1.3199
bbw_144_sft <= 0.018355|natr_89_sft <= 0.222443|natr_89_sft <= 0.32954,LONG,Ret_48,225,58,1.2707,1.9429
std_48_sft <= 3.378221|vol_z_21_sft >= -1.673403,LONG,Ret_96,256,45,1.2538,1.1726
vol_z_24_sft >= 1.84|bbw_5_sft <= 0.005822,LONG,Ret_48,220,120,1.4159,1.6382
bbw_48_sft <= 0.010012|std_5_sft >= 2.077894,LONG,Ret_96,223,122,1.2529,1.2133
std_8_sft >= 2.760613|bbw_21_sft <= 0.0088,LONG,Ret_96,258,211,1.3551,1.418
bbw_13_sft >= 0.00438|vol_z_89_sft <= -1.370045|std_89_sft <= Close_sft,LONG,Ret_48,384,249,1.2774,1.2378
std_48_sft <= 3.378221|natr_8_sft <= Close_sft,LONG,Ret_96,258,45,1.2583,1.1723
vol_z_89_sft >= -1.370045|bbw_8_sft <= 0.002194,LONG,Ret_72,292,132,1.2735,1.4729
std_200_sft <= 10.871477|vol_z_24_sft <= -0.291953,LONG,Ret_96,243,48,1.2627,0.7018
bbw_89_sft <= 0.020122|bbw_21_sft <= 0.006008,LONG,Ret_72,289,129,1.296,1.6428
std_21_sft <= 1.87,LONG,Ret_96,295,65,1.2741,1.1124
vol_z_21_sft >= 1.674621|std_21_sft <= 3.054573,LONG,Ret_96,226,38,1.3938,1.2504
natr_13_sft <= 0.217387|natr_120_sft <= 0.278211|bbw_89_sft <= 0.020122,LONG,Ret_96,262,119,1.3037,1.6489
vol_z_21_sft >= 1.674621|vol_z_200_sft <= -0.86,LONG,Ret_72,212,127,1.3868,1.311
natr_200_sft >= 0.227102|vol_z_144_sft >= -0.446939,LONG,Ret_72,210,195,1.2934,1.1028
vol_z_89_sft <= -1.370045|vol_z_48_sft >= -1.286116,LONG,Ret_96,237,143,1.2737,1.5149
natr_13_sft >= 0.217387|bbw_13_sft >= 0.010172|std_5_sft <= 0.75881,LONG,Ret_72,206,70,1.2506,2.0927
bbw_8_sft >= -3.16|std_48_sft <= 3.378221,LONG,Ret_96,258,45,1.2583,1.1723
natr_200_sft >= 0.227102|vol_z_120_sft <= 0.930988|vol_z_120_sft >= -0.408338,LONG,Ret_48,231,214,1.2869,0.9449
bbw_8_sft <= 0.002194|vol_z_8_sft <= -1.248868,LONG,Ret_96,260,124,1.4,1.1643
natr_21_sft <= 4.87|std_8_sft <= 0.726908,LONG,Ret_96,279,65,1.3082,1.593
natr_21_sft >= 0.154328|vol_z_8_sft <= -1.545812|bbw_144_sft <= 0.02626,LONG,Ret_96,227,110,1.2733,2.1144
std_8_sft <= Close_sft|bbw_8_sft <= 0.002194,LONG,Ret_96,304,153,1.2543,1.2667
std_34_sft >= 6.19043|bbw_5_sft <= 0.002248,LONG,Ret_48,276,309,1.4209,1.2968
vol_z_48_sft <= -1.799152|natr_48_sft >= 0.183251,LONG,Ret_72,236,183,1.2571,1.3142
std_200_sft <= 9.09|std_21_sft >= 2.016376,LONG,Ret_72,240,30,1.2561,0.7157
natr_120_sft <= 0.327401|std_200_sft <= 7.97,LONG,Ret_72,200,14,1.3057,1.9539
std_34_sft >= 6.32|std_55_sft <= 6.89,LONG,Ret_48,222,120,1.2859,1.2689
vol_z_24_sft >= 1.597743|vol_z_89_sft <= -0.334506,LONG,Ret_72,202,115,1.4132,1.2752
vol_z_5_sft <= -1.376641|std_8_sft >= 1.683368|vol_z_55_sft <= -0.290199,LONG,Ret_72,215,214,1.2585,1.6685
natr_8_sft <= 0.215186|vol_z_34_sft >= -1.260982|bbw_120_sft <= 0.016661,LONG,Ret_48,246,79,1.3132,1.8446
natr_8_sft <= 0.170214|bbw_144_sft <= 0.018355,LONG,Ret_48,216,61,1.2762,1.9329
natr_120_sft >= 0.224096|vol_z_21_sft <= 0.803529|bbw_8_sft <= 0.003177,LONG,Ret_48,307,242,1.2793,1.1443
std_5_sft <= 0.75881|vol_z_34_sft >= 0.788692,LONG,Ret_72,241,55,1.2977,1.5322
vol_z_8_sft >= -1.545812|natr_13_sft <= 0.149287,LONG,Ret_48,216,52,1.2603,1.2885
vol_z_5_sft <= 3.34|std_48_sft <= 3.378221,LONG,Ret_96,258,45,1.2583,1.1723
vol_z_21_sft <= 5.32|std_8_sft <= 0.726908,LONG,Ret_96,279,65,1.3082,1.593
natr_200_sft >= 0.227102|natr_21_sft <= 0.3462|natr_34_sft <= Close_sft,LONG,Ret_96,212,176,1.28,1.4274
std_89_sft <= 15.141673|std_48_sft <= 3.378221,LONG,Ret_96,257,43,1.2618,1.1253
bbw_8_sft <= 0.002194|std_8_sft <= 2.760613,LONG,Ret_96,304,153,1.2543,1.2667
vol_z_200_sft <= 1.801536|natr_5_sft >= 0.378965,LONG,Ret_72,224,201,1.3616,1.465
std_34_sft <= 2.735518|natr_8_sft <= 0.141748,LONG,Ret_48,216,32,1.2855,0.8364
vol_z_5_sft >= 1.435161|std_120_sft <= 5.568195,LONG,Ret_48,229,14,1.3502,0.756
natr_200_sft >= 0.227102|vol_z_120_sft <= 0.930988,LONG,Ret_96,206,187,1.3083,1.2779
std_13_sft <= 1.469158|bbw_120_sft >= 0.016661,LONG,Ret_96,268,88,1.2523,1.1546
bbw_8_sft <= Close_sft|bbw_8_sft <= 0.002194,LONG,Ret_96,304,153,1.2543,1.2667
bbw_5_sft <= 0.17|std_21_sft <= 3.054573|vol_z_55_sft >= 0.867098,LONG,Ret_96,213,41,1.2749,2.3657
bbw_5_sft <= 0.002248|std_34_sft >= 6.19043,LONG,Ret_48,276,309,1.4209,1.2968
natr_200_sft <= 0.27821|bbw_55_sft <= 0.01531|std_8_sft <= 0.726908,LONG,Ret_96,201,39,1.2806,1.1731
bbw_5_sft <= 0.001474|bbw_8_sft <= 0.002194,LONG,Ret_96,246,118,1.3451,1.8523
std_144_sft <= 6.184653|vol_z_21_sft >= 0.803529,LONG,Ret_48,216,11,1.3099,1.3138
vol_z_5_sft <= Close_sft|std_48_sft <= 3.378221,LONG,Ret_96,258,45,1.2583,1.1723
vol_z_120_sft >= -1.410417|std_21_sft <= 2.016376,LONG,Ret_96,270,56,1.2912,1.7677
std_21_sft <= 5.58|std_8_sft <= 0.726908,LONG,Ret_96,266,52,1.27,1.5639
std_21_sft >= 3.054573|vol_z_13_sft <= -1.592901,LONG,Ret_72,327,258,1.3604,1.2843
bbw_89_sft <= 0.029286|natr_13_sft <= 0.149287,LONG,Ret_48,216,54,1.2812,1.5767
bbw_55_sft >= 0.02261|natr_8_sft <= 0.280445,LONG,Ret_48,243,172,1.4133,1.2849
bbw_8_sft <= 0.002194|vol_z_8_sft >= -6.95,LONG,Ret_96,304,153,1.2543,1.2667
bbw_5_sft <= 0.001474|std_34_sft <= 2.5,LONG,Ret_72,206,32,1.3571,1.6234
vol_z_48_sft <= -1.799152|std_8_sft <= 0.726908,LONG,Ret_72,208,34,1.2921,2.4339
natr_13_sft >= 0.277146|std_8_sft <= 1.683368,LONG,Ret_48,216,61,1.2552,1.0611
std_24_sft <= 7.07|std_48_sft <= 3.378221,LONG,Ret_96,258,45,1.2583,1.1723
natr_48_sft <= Close_sft|std_8_sft <= 0.726908,LONG,Ret_96,279,65,1.3082,1.593
bbw_8_sft <= 0.002194|natr_8_sft <= 0.363757|bbw_21_sft <= Close_sft,LONG,Ret_96,303,153,1.2571,1.2667
vol_z_55_sft >= -9.35|bbw_8_sft <= 0.002194,LONG,Ret_96,304,153,1.2543,1.2667
bbw_200_sft <= Close_sft|std_8_sft <= 0.726908|bbw_21_sft >= 0.004404,LONG,Ret_96,266,59,1.3287,1.6669
vol_z_144_sft <= -1.457436|std_34_sft <= 2.735518,LONG,Ret_72,203,43,1.2691,1.5933
bbw_13_sft <= 5.31|bbw_8_sft <= 0.002194,LONG,Ret_96,304,153,1.2543,1.2667
std_8_sft <= 0.726908|natr_13_sft <= 0.353002,LONG,Ret_96,278,65,1.313,1.593
vol_z_8_sft <= -1.248868|std_13_sft <= 1.045182,LONG,Ret_96,200,32,1.2925,1.5977
natr_5_sft >= -7.78|std_21_sft >= 0.02|std_8_sft <= 0.726908,LONG,Ret_96,279,65,1.3082,1.593
std_5_sft <= 0.75881|std_8_sft >= 0.726908,LONG,Ret_96,378,167,1.3032,1.6465
vol_z_89_sft >= -1.370045|std_13_sft <= 1.045182,LONG,Ret_96,201,25,1.2858,1.8504
std_21_sft <= 6.49|std_48_sft <= 3.378221|natr_144_sft <= Close_sft,LONG,Ret_96,258,45,1.2583,1.1723
std_144_sft <= 9.075485|std_200_sft <= 10.871477,LONG,Ret_96,237,32,1.3461,0.9488
bbw_48_sft >= 0.021014|vol_z_144_sft <= 1.795831|bbw_21_sft >= 0.0088,LONG,Ret_96,217,167,1.3709,1.2926
std_8_sft <= 0.726908|natr_24_sft >= 0.180416,LONG,Ret_96,203,49,1.3164,1.4237
std_13_sft <= 2.287618|vol_z_48_sft >= 0.842775,LONG,Ret_48,296,47,1.3126,2.3232
std_34_sft >= 4.050388|std_89_sft <= 6.46,LONG,Ret_72,274,64,1.2657,0.8816
std_144_sft <= Close_sft|std_48_sft <= 3.378221,LONG,Ret_96,258,45,1.2583,1.1723
bbw_55_sft >= 0.02261|bbw_5_sft <= 0.002248|std_89_sft >= 4.785471,LONG,Ret_48,240,170,1.4554,1.1726
std_13_sft <= Close_sft|std_24_sft >= 5.149226|vol_z_120_sft <= 1.2,LONG,Ret_72,293,288,1.2811,1.3034
bbw_8_sft <= 0.002194|std_48_sft <= 7.394481,LONG,Ret_96,278,95,1.3045,1.3036
std_48_sft <= 3.378221|vol_z_8_sft <= 1.642852,LONG,Ret_96,256,43,1.27,1.0199
bbw_200_sft <= 0.022621|std_89_sft <= 15.141673|vol_z_5_sft >= 0.893421,LONG,Ret_48,241,78,1.252,1.3607
vol_z_48_sft >= -1.286116|std_8_sft <= 0.726908,LONG,Ret_72,271,48,1.2664,1.1189
bbw_89_sft <= 0.020122|std_48_sft >= 2.419202|std_5_sft <= 1.22,LONG,Ret_72,357,162,1.2558,1.5202
std_48_sft <= 3.378221|natr_48_sft <= 0.335629|natr_8_sft <= Close_sft,LONG,Ret_96,257,45,1.2666,1.1723
vol_z_89_sft <= -1.370045|vol_z_55_sft >= -1.307981,LONG,Ret_48,342,205,1.2803,1.2998
natr_21_sft <= 0.275318|bbw_24_sft <= Close_sft|natr_200_sft >= 0.227102,LONG,Ret_72,226,184,1.2731,1.2644
std_5_sft <= 2.077894|std_8_sft <= 0.726908,LONG,Ret_96,279,65,1.3082,1.593
vol_z_120_sft <= 1.764268|bbw_8_sft <= 0.002194|bbw_55_sft <= 6.11,LONG,Ret_96,300,153,1.2509,1.3054
std_200_sft <= 10.871477|std_24_sft <= 2.210957|std_5_sft <= 0.75881,LONG,Ret_72,213,16,1.3985,0.3699
std_24_sft >= -8.32|std_48_sft <= 3.378221,LONG,Ret_96,258,45,1.2583,1.1723
vol_z_48_sft <= -1.799152|vol_z_120_sft <= -1.410417,LONG,Ret_96,209,124,1.3023,1.5519
std_21_sft <= 2.016376|vol_z_55_sft <= 0.867098|vol_z_55_sft <= -1.43,LONG,Ret_96,244,58,1.2889,1.329
std_48_sft <= 3.378221|std_55_sft <= 8.01,LONG,Ret_96,258,44,1.2579,1.1225
natr_55_sft <= 0.221245|bbw_89_sft <= 0.020122|bbw_89_sft <= Close_sft,LONG,Ret_96,223,83,1.2681,1.9593
natr_5_sft >= 0.378965|natr_13_sft <= 0.353002,LONG,Ret_72,206,162,1.3802,1.9644
std_8_sft >= 1.072658|vol_z_120_sft <= Close_sft|vol_z_13_sft <= -1.592901,LONG,Ret_72,355,265,1.259,1.3056
bbw_8_sft >= 0.003177|bbw_21_sft <= 0.006008,LONG,Ret_96,325,163,1.2795,1.6888
std_48_sft <= 3.378221|std_5_sft >= -4.65,LONG,Ret_96,258,45,1.2583,1.1723
natr_144_sft >= 0.225372|natr_5_sft <= 0.211623,LONG,Ret_48,305,242,1.2897,1.3149
std_48_sft <= 3.378221|std_5_sft <= 3.11,LONG,Ret_96,257,44,1.262,1.1096
std_8_sft <= 0.726908|bbw_144_sft >= -0.38,LONG,Ret_96,279,65,1.3082,1.593
std_48_sft <= 3.378221|std_5_sft <= 2.72,LONG,Ret_96,257,44,1.259,1.0903
bbw_8_sft <= 0.002194|bbw_13_sft <= Close_sft,LONG,Ret_96,304,153,1.2543,1.2667
bbw_89_sft <= 0.020122|std_13_sft <= 1.045182,LONG,Ret_72,229,38,1.2689,0.9595
vol_z_55_sft >= -1.307981|vol_z_120_sft <= -1.410417,LONG,Ret_96,215,134,1.2718,1.526
natr_5_sft >= 0.162398|vol_z_144_sft <= -0.446939|bbw_13_sft >= 0.006566,LONG,Ret_96,256,167,1.2758,1.4768
bbw_48_sft >= 0.007403|vol_z_55_sft <= -1.92,LONG,Ret_96,243,153,1.2614,1.575
vol_z_8_sft <= -0.389454|std_55_sft <= 3.661666|vol_z_55_sft >= -4.62,LONG,Ret_96,226,37,1.3364,0.9503
bbw_8_sft <= 0.002194|vol_z_5_sft <= -1.157032,LONG,Ret_96,242,108,1.264,1.1503
std_55_sft <= 8.49|bbw_8_sft <= 0.002194,LONG,Ret_96,283,103,1.29,1.1886
natr_5_sft >= 0.378965|natr_34_sft <= 0.341322|bbw_13_sft >= -4.47,LONG,Ret_72,213,167,1.274,1.6918
std_89_sft <= 6.96738|vol_z_21_sft >= 0.803529,LONG,Ret_72,327,73,1.2652,0.9166
std_8_sft <= 0.726908|std_8_sft <= 4.41928,LONG,Ret_96,279,65,1.3082,1.593
std_48_sft <= 3.378221|std_48_sft <= 3.378221,LONG,Ret_96,258,45,1.2583,1.1723
vol_z_13_sft >= -3.33|std_48_sft <= 3.378221,LONG,Ret_96,258,45,1.2583,1.1723
natr_24_sft <= 0.344588|bbw_200_sft >= 0.031557,LONG,Ret_96,239,159,1.2571,1.8881
std_13_sft <= 1.469158|bbw_89_sft <= 0.020122,LONG,Ret_96,250,76,1.2756,1.294
vol_z_48_sft <= -1.799152|bbw_48_sft >= 0.010012|vol_z_120_sft >= -1.92868,LONG,Ret_72,215,139,1.4385,1.3317
natr_144_sft >= -1.24|std_8_sft <= 0.726908,LONG,Ret_96,279,65,1.3082,1.593
bbw_8_sft <= 0.002194|vol_z_21_sft <= 1.674621,LONG,Ret_96,304,153,1.2532,1.2667
vol_z_21_sft >= 1.674621|std_8_sft <= 2.760613,LONG,Ret_96,233,57,1.2789,0.8664
bbw_8_sft <= 0.002194|std_5_sft <= 3.430447,LONG,Ret_96,304,153,1.2543,1.2667
natr_120_sft <= Close_sft|std_8_sft <= 2.760613|vol_z_34_sft >= 1.630792,LONG,Ret_48,258,45,1.2852,2.429
bbw_120_sft <= 0.0238|vol_z_120_sft >= -1.06,LONG,Ret_96,253,126,1.2635,1.2947
std_55_sft >= 5.09|bbw_120_sft <= 0.0238,LONG,Ret_48,281,208,1.2826,1.2952
vol_z_48_sft <= -1.799152|bbw_55_sft >= 0.010807,LONG,Ret_72,255,180,1.2793,1.3108
vol_z_48_sft <= -1.799152|vol_z_89_sft <= -0.334506,LONG,Ret_96,272,157,1.2731,1.6221
vol_z_55_sft >= 0.867098|std_21_sft <= 3.054573,LONG,Ret_96,213,41,1.2749,2.3657
vol_z_24_sft <= 1.597743|std_8_sft <= 0.726908,LONG,Ret_96,279,65,1.3082,1.593
vol_z_8_sft <= Close_sft|vol_z_34_sft <= Close_sft|std_8_sft <= 0.726908,LONG,Ret_96,279,65,1.3082,1.593
natr_200_sft <= Close_sft|std_8_sft <= 0.726908,LONG,Ret_96,279,65,1.3082,1.593
vol_z_5_sft >= 0.893421|std_200_sft <= 23.582862|bbw_200_sft <= 0.022621,LONG,Ret_48,241,81,1.252,1.3985
std_48_sft <= 3.378221|std_120_sft >= -7.71,LONG,Ret_96,258,45,1.2583,1.1723
std_5_sft >= 0.75881|vol_z_13_sft <= -1.592901,LONG,Ret_72,350,263,1.259,1.2356
std_200_sft <= 10.871477|bbw_24_sft <= 0.006573,LONG,Ret_72,259,47,1.2612,1.1177
std_21_sft <= 1.73,LONG,Ret_96,276,49,1.2504,1.1329
std_89_sft <= 6.96738|vol_z_8_sft <= -1.248868|natr_55_sft <= 0.221245,LONG,Ret_72,252,44,1.297,1.6493
std_48_sft <= 7.394481|bbw_8_sft <= 0.002194,LONG,Ret_96,278,95,1.3045,1.3036
vol_z_55_sft <= Close_sft|bbw_8_sft <= 0.002194,LONG,Ret_96,304,153,1.2543,1.2667
std_200_sft <= 9.17|std_21_sft >= 0.63,LONG,Ret_96,205,23,1.3229,0.7852
vol_z_120_sft <= -1.410417|vol_z_24_sft >= -0.291953,LONG,Ret_72,209,131,1.3914,1.7017
std_13_sft <= 1.469158|vol_z_24_sft <= 0.32,LONG,Ret_96,329,100,1.2582,1.3299
bbw_21_sft <= Close_sft|natr_5_sft <= 0.162398|std_34_sft >= 1.954364,LONG,Ret_96,286,144,1.2725,1.5464
natr_200_sft <= 0.27821|bbw_21_sft <= 0.006008,LONG,Ret_96,285,139,1.2976,1.6578
std_8_sft <= 0.726908|std_8_sft <= 2.760613,LONG,Ret_96,279,65,1.3082,1.593
natr_34_sft <= 6.35|std_48_sft <= 3.378221,LONG,Ret_96,258,45,1.2583,1.1723
bbw_13_sft <= 0.006566|std_24_sft >= 5.149226,LONG,Ret_72,253,249,1.3325,1.4202
natr_24_sft <= 0.344588|natr_200_sft >= 0.227102,LONG,Ret_96,210,174,1.2867,1.4823
std_13_sft <= 1.469158|std_8_sft <= 3.79|bbw_120_sft >= 0.016661,LONG,Ret_96,268,88,1.2523,1.1546
std_8_sft <= 0.65,LONG,Ret_96,246,50,1.2921,1.3794
vol_z_200_sft >= -0.5693|vol_z_21_sft <= -1.673403,LONG,Ret_48,269,171,1.2639,1.3841
bbw_144_sft <= 0.018355|natr_21_sft <= 0.219369,LONG,Ret_48,248,78,1.2891,1.8736
std_5_sft <= 0.75881|bbw_200_sft >= 0.031557,LONG,Ret_72,272,121,1.2539,1.8028
std_55_sft <= 3.661666|std_13_sft >= 1.469158,LONG,Ret_72,280,44,1.2526,1.2552
natr_5_sft <= 0.211623|bbw_48_sft >= 0.010012|std_13_sft <= 1.045182,LONG,Ret_96,203,37,1.253,1.7981
std_8_sft <= 0.726908|bbw_13_sft <= Close_sft,LONG,Ret_96,279,65,1.3082,1.593
natr_5_sft >= 0.162398|std_8_sft <= 0.726908,LONG,Ret_96,200,27,1.4246,0.9825
std_48_sft <= 3.378221|natr_5_sft <= Close_sft,LONG,Ret_96,258,45,1.2583,1.1723
std_8_sft <= 0.726908|std_21_sft >= 3.054573,LONG,Ret_72,200,59,1.3101,1.4609
std_48_sft <= 3.378221|vol_z_5_sft >= -5.11,LONG,Ret_96,258,45,1.2583,1.1723
std_21_sft >= 3.054573|std_8_sft <= 0.726908,LONG,Ret_72,200,59,1.3101,1.4609
vol_z_120_sft <= -1.410417|vol_z_55_sft >= -1.307981,LONG,Ret_96,215,134,1.2718,1.526
bbw_89_sft <= 0.020122|bbw_34_sft <= 0.008132,LONG,Ret_96,222,100,1.2727,1.591
std_8_sft <= 0.726908|std_48_sft >= -0.78|std_21_sft <= Close_sft,LONG,Ret_96,279,65,1.3082,1.593
std_8_sft <= 0.726908|natr_5_sft <= 0.378965,LONG,Ret_96,278,65,1.3151,1.593
std_144_sft <= 6.184653|natr_34_sft >= 0.158195,LONG,Ret_48,238,10,1.252,1.8712
natr_5_sft <= Close_sft|std_24_sft >= 3.3073|vol_z_55_sft <= -1.307981,LONG,Ret_96,204,193,1.3231,1.4279
vol_z_89_sft <= -1.370045|vol_z_8_sft <= -1.545812,LONG,Ret_72,261,154,1.3564,1.3949
vol_z_89_sft <= -0.38|natr_21_sft >= 0.219369,LONG,Ret_72,213,196,1.2646,1.3065
bbw_89_sft <= 0.020122|bbw_21_sft <= 0.004404|std_21_sft <= 2.016376,LONG,Ret_72,204,56,1.2932,0.7329
std_24_sft <= 7.668578|std_13_sft <= 0.92|std_13_sft <= Close_sft,LONG,Ret_96,218,33,1.2618,1.3795
vol_z_13_sft <= -1.248446|std_200_sft <= 7.585233,LONG,Ret_48,218,6,1.3154,3.6688
bbw_13_sft <= 0.015473|natr_200_sft >= 0.227102|bbw_48_sft >= 0.014148,LONG,Ret_72,245,239,1.2782,1.3499
std_55_sft <= 3.661666|bbw_5_sft <= 0.001474,LONG,Ret_72,206,33,1.2631,1.0906
vol_z_34_sft >= -9.47|std_8_sft <= 0.726908,LONG,Ret_96,279,65,1.3082,1.593
bbw_24_sft >= -3.28|bbw_8_sft <= 0.002194,LONG,Ret_96,304,153,1.2543,1.2667
vol_z_48_sft <= -1.799152|bbw_24_sft >= -2.5|bbw_21_sft >= 0.006008,LONG,Ret_96,219,152,1.3683,1.6362
vol_z_200_sft <= -0.5693|vol_z_34_sft >= 0.788692,LONG,Ret_96,208,126,1.3722,1.4764
std_13_sft <= 1.469158|vol_z_48_sft <= -1.799152,LONG,Ret_96,229,60,1.2583,1.8007
std_89_sft <= 6.96738|std_48_sft <= 3.378221,LONG,Ret_96,215,29,1.2543,1.7332
natr_55_sft <= 0.221245|bbw_120_sft <= 0.0238,LONG,Ret_96,214,75,1.2815,1.5883
vol_z_8_sft <= -1.545812|std_34_sft <= 2.735518,LONG,Ret_72,236,23,1.4052,1.2735
std_55_sft <= Close_sft|bbw_8_sft <= 0.002194|std_48_sft <= Close_sft,LONG,Ret_96,304,153,1.2543,1.2667
std_200_sft <= 15.310061|std_8_sft <= 0.726908|bbw_144_sft <= Close_sft,LONG,Ret_96,252,42,1.318,1.476
vol_z_24_sft >= 1.597743|natr_120_sft <= 8.48|std_24_sft <= 3.3073,LONG,Ret_72,236,48,1.3543,1.6999
natr_5_sft <= 0.162398|vol_z_89_sft >= -1.877272,LONG,Ret_96,280,122,1.2992,1.4667
natr_21_sft >= -1.25|std_48_sft <= 3.378221,LONG,Ret_96,258,45,1.2583,1.1723
std_48_sft <= 7.394481|std_8_sft <= 1.072658|vol_z_13_sft >= -1.592901,LONG,Ret_96,325,83,1.2763,1.2875
vol_z_24_sft <= 2.57|bbw_120_sft <= 0.0238|vol_z_24_sft >= -0.291953,LONG,Ret_96,280,139,1.3193,1.4564
bbw_24_sft <= 0.00949|vol_z_5_sft <= -1.376641|vol_z_144_sft <= -0.446939,LONG,Ret_96,225,119,1.2591,1.9
std_8_sft <= 0.726908|bbw_34_sft <= Close_sft,LONG,Ret_96,279,65,1.3082,1.593
std_8_sft <= 0.726908,LONG,Ret_96,279,65,1.3082,1.593
bbw_8_sft <= 0.002194|bbw_89_sft <= Close_sft,LONG,Ret_96,304,153,1.2543,1.2667
bbw_21_sft <= 0.006008|natr_200_sft <= 0.27821,LONG,Ret_96,285,139,1.2976,1.6578
std_13_sft <= 2.287618|vol_z_24_sft >= 0.751257,LONG,Ret_96,227,40,1.2981,1.3543
bbw_55_sft <= 0.010807|vol_z_21_sft >= 0.803529,LONG,Ret_96,201,91,1.3115,1.4426
bbw_200_sft <= 0.043372|vol_z_8_sft >= 2.19|vol_z_24_sft >= 0.03,LONG,Ret_72,240,122,1.2569,1.1341
natr_48_sft <= Close_sft|vol_z_48_sft <= -1.286116|std_24_sft >= 3.3073,LONG,Ret_96,211,197,1.3155,1.3282
std_5_sft <= 0.75881|natr_200_sft <= Close_sft|vol_z_120_sft >= -1.92868,LONG,Ret_96,374,159,1.2681,1.5819
bbw_89_sft <= 0.020122|std_55_sft >= 5.307895,LONG,Ret_48,278,236,1.2801,1.4235
std_120_sft <= 8.227266|natr_24_sft <= 0.180416|std_120_sft <= 8.227266,LONG,Ret_72,203,31,1.2532,0.8544
vol_z_48_sft >= -1.286116|vol_z_89_sft <= -1.370045,LONG,Ret_96,237,143,1.2737,1.5149
bbw_8_sft <= 0.002194,LONG,Ret_96,304,153,1.2543,1.2667
vol_z_55_sft <= -1.307981|std_21_sft >= 3.054573|bbw_13_sft <= 0.010172,LONG,Ret_72,223,218,1.2991,1.211
std_34_sft >= 1.954364|std_8_sft <= 0.726908,LONG,Ret_96,262,65,1.3281,1.5685
std_48_sft <= 3.378221,LONG,Ret_96,258,45,1.2583,1.1723
vol_z_13_sft <= -1.592901|natr_200_sft >= 0.227102,LONG,Ret_72,227,203,1.3099,1.197
vol_z_144_sft <= -1.457436|vol_z_5_sft <= -1.157032|natr_55_sft <= Close_sft,LONG,Ret_96,210,133,1.2626,1.5407
std_48_sft <= 3.378221|vol_z_120_sft >= -1.410417|vol_z_34_sft >= -1.774818,LONG,Ret_72,248,44,1.3393,0.9215
bbw_48_sft >= 0.010012|vol_z_48_sft <= -1.799152,LONG,Ret_72,249,176,1.2737,1.3133
bbw_8_sft <= 0.002194|vol_z_5_sft >= -8.12,LONG,Ret_96,304,153,1.2543,1.2667
vol_z_5_sft <= -1.157032|bbw_8_sft <= 0.002194,LONG,Ret_96,242,108,1.264,1.1503
vol_z_48_sft >= 0.842775|natr_34_sft <= 0.220473,LONG,Ret_48,228,74,1.2839,1.6431
vol_z_24_sft >= 1.597743|natr_48_sft <= 0.22116,LONG,Ret_72,200,65,1.3345,1.9366
std_8_sft <= 0.726908|std_21_sft <= 7.19688,LONG,Ret_96,276,59,1.3428,1.6316
std_8_sft <= 0.726908|std_24_sft >= -7.36,LONG,Ret_96,279,65,1.3082,1.593
std_144_sft <= Close_sft|std_120_sft <= 7.0,LONG,Ret_96,247,36,1.2561,1.0684
willr_13_sft >= -10.574783|willr_48_sft >= -47.676697,LONG,Ret_96,318,211,1.384,1.673
cci_13_sft <= 3.862034|stoch_34_sft >= 52.578186,LONG,Ret_96,341,221,1.3424,1.5207
willr_89_sft >= -74.489902|hour_sft >= 21.0,LONG,Ret_96,325,208,1.2953,1.6649
willr_24_sft >= -47.670113|cci_48_sft <= 88.992592,LONG,Ret_96,377,244,1.2947,1.4075
cci_55_sft >= -81.256191|hour_sft >= 21.0,LONG,Ret_96,335,212,1.3366,1.634
dow_sft >= -6.02|willr_48_sft >= -21.491477|hour_sft >= 18.0,LONG,Ret_72,289,196,1.4041,1.9403
willr_13_sft >= -10.574783|willr_55_sft >= -47.785381,LONG,Ret_96,311,208,1.4626,1.5413
stoch_8_sft <= 51.812485|willr_48_sft >= -21.491477,LONG,Ret_72,264,183,1.3872,1.763
willr_34_sft >= -47.338058|willr_13_sft >= -10.574783,LONG,Ret_96,334,221,1.2902,1.6358
hour_sft >= 18.0|cci_34_sft >= 6.13|willr_48_sft >= -21.491477,LONG,Ret_72,289,196,1.4012,1.9403
willr_34_sft >= -47.338058|willr_13_sft >= -10.574783|stoch_144_sft <= Close_sft,LONG,Ret_96,334,221,1.2902,1.6358
willr_13_sft >= -10.574783|willr_34_sft >= -22.086793,LONG,Ret_96,300,199,1.3733,1.5293
willr_21_sft >= -47.765285|cci_5_sft <= 8.24|hour_sft >= 18.0,LONG,Ret_96,276,179,1.3312,1.5304
cci_89_sft >= 7.09|willr_55_sft >= -9.120182|cci_21_sft <= 147.514725,LONG,Ret_96,202,155,1.4766,1.892
willr_8_sft >= -10.769713|cci_21_sft >= 4.947041|cci_144_sft >= -78.18689,LONG,Ret_96,334,223,1.2956,1.4184
willr_34_sft >= -9.820296|hour_sft >= 7.98|stoch_55_sft >= 52.002857,LONG,Ret_96,269,183,1.3526,1.6592
cci_13_sft >= 141.797266|stoch_8_sft <= 73.685162,LONG,Ret_96,280,176,1.3003,1.7185
cci_48_sft <= 88.992592|stoch_21_sft >= 52.372257|cci_13_sft <= 3.862034,LONG,Ret_96,357,227,1.3121,1.5111
willr_8_sft >= -10.769713|stoch_144_sft >= 25.448192|cci_48_sft >= -0.05,LONG,Ret_96,315,208,1.3093,1.5251
willr_120_sft >= -20.933372|cci_13_sft <= 141.797266,LONG,Ret_72,275,195,1.358,1.5415
cci_144_sft >= 10.995758|willr_34_sft >= -9.820296|willr_5_sft <= -11.066111,LONG,Ret_72,264,179,1.4644,1.9076
willr_13_sft >= -10.574783|cci_55_sft >= 5.796585,LONG,Ret_96,311,209,1.2815,1.4697
willr_55_sft >= -47.785381|stoch_55_sft <= 52.002857,LONG,Ret_96,282,170,1.3116,1.5365
willr_55_sft >= -47.785381|stoch_55_sft <= 52.002857|willr_120_sft <= -8.566356,LONG,Ret_96,282,170,1.3116,1.5365
cci_34_sft >= 6.342597|willr_8_sft >= -10.769713|cci_8_sft >= 86.080036,LONG,Ret_96,336,225,1.2835,1.4147
cci_144_sft >= 8.97|willr_24_sft >= -10.246335,LONG,Ret_72,315,211,1.3232,1.4992
dow_sft <= 5.0|willr_13_sft >= -10.574783|cci_55_sft >= 5.796585,LONG,Ret_96,311,209,1.2815,1.4697
cci_8_sft <= 86.080036|stoch_48_sft >= 78.212299|cci_120_sft >= 93.799591,LONG,Ret_72,246,166,1.4207,1.7365
willr_13_sft >= -10.574783|cci_48_sft >= 1.66,LONG,Ret_96,322,213,1.3044,1.5818
hour_sft >= 18.0|willr_34_sft >= -22.086793,LONG,Ret_72,303,206,1.3519,1.7814
willr_8_sft >= -10.769713|cci_21_sft >= -4.43|cci_48_sft >= -0.95,LONG,Ret_96,329,214,1.2964,1.4616
stoch_34_sft >= 52.578186|cci_13_sft <= 5.74,LONG,Ret_96,341,221,1.3316,1.6432
cci_13_sft <= 2.74|stoch_21_sft >= 52.372257,LONG,Ret_96,357,229,1.2723,1.4245
stoch_34_sft >= 52.578186|cci_13_sft <= 9.32,LONG,Ret_96,347,222,1.2621,1.529
willr_8_sft <= -3.85|stoch_89_sft >= 25.644902|hour_sft >= 21.0,LONG,Ret_96,323,207,1.3174,1.4016
cci_24_sft <= 4.962039|stoch_48_sft >= 52.216015|dow_sft <= 4.0,LONG,Ret_96,299,186,1.2606,1.4967
cci_200_sft >= 9.52|hour_sft >= 18.0,LONG,Ret_72,336,220,1.2789,1.7044
cci_13_sft <= 87.3848|cci_200_sft >= 13.842159|willr_21_sft >= -22.603128,LONG,Ret_72,265,179,1.3604,1.6551
willr_13_sft <= -10.574783|hour_sft >= 21.0|stoch_24_sft >= 76.799507,LONG,Ret_96,229,138,1.3679,1.8583
dow_sft >= 2.0|willr_21_sft >= -22.603128|stoch_13_sft <= 75.253738,LONG,Ret_96,312,200,1.3185,1.4523
willr_13_sft >= -10.574783|cci_21_sft >= 4.947041|cci_55_sft >= 5.796585,LONG,Ret_96,311,209,1.2778,1.4691
cci_55_sft >= 5.796585|willr_13_sft >= -10.574783|cci_34_sft >= -138.477072,LONG,Ret_96,311,209,1.2815,1.4697
stoch_144_sft >= 78.792278|cci_21_sft >= -80.637592|stoch_21_sft >= 76.412769,LONG,Ret_72,239,170,1.4116,1.6256
cci_34_sft >= -4.83|willr_8_sft >= -8.36|cci_144_sft >= -139.044336,LONG,Ret_96,325,222,1.3655,1.4651
cci_13_sft >= 87.3848|stoch_5_sft <= 70.960163|willr_144_sft >= -46.708836,LONG,Ret_96,251,169,1.3008,1.6232
hour_sft >= 21.0|stoch_8_sft >= 51.812485|willr_34_sft >= -47.338058,LONG,Ret_96,282,180,1.3196,1.6656
cci_48_sft >= -0.86|willr_13_sft >= -10.574783|cci_8_sft >= 86.080036,LONG,Ret_96,318,208,1.3282,1.586
cci_21_sft <= 147.514725|stoch_24_sft >= 76.799507|willr_55_sft >= -9.120182,LONG,Ret_96,204,149,1.4078,2.3219
stoch_144_sft >= 78.792278|stoch_200_sft <= Close_sft|stoch_21_sft >= 76.412769,LONG,Ret_72,239,170,1.4116,1.6256
cci_24_sft <= 4.962039|cci_48_sft >= -8.72,LONG,Ret_96,305,203,1.2981,1.4332
cci_24_sft <= 4.962039|cci_48_sft >= 6.552284|willr_48_sft <= -1.87,LONG,Ret_96,293,196,1.3029,1.4496
stoch_34_sft >= 52.578186|cci_13_sft <= 8.54|cci_5_sft <= 8.94,LONG,Ret_96,346,218,1.2553,1.7007
cci_34_sft >= 6.342597|cci_89_sft <= Close_sft|willr_8_sft >= -10.769713,LONG,Ret_96,339,225,1.251,1.4762
stoch_144_sft >= 78.792278|stoch_13_sft >= 75.253738,LONG,Ret_72,242,175,1.3857,1.5888
stoch_34_sft <= 89.12438|willr_5_sft >= -5.82,LONG,Ret_96,317,217,1.3427,1.4882
cci_34_sft >= 6.342597|willr_8_sft >= -10.769713|stoch_48_sft >= -4.3,LONG,Ret_96,339,225,1.251,1.4762
cci_24_sft <= -2.91|cci_48_sft >= 6.552284|stoch_8_sft <= 85.06998,LONG,Ret_96,284,192,1.2781,1.4899
stoch_34_sft >= 52.578186|willr_13_sft >= -8.21,LONG,Ret_96,309,207,1.3163,1.3928
willr_48_sft >= -21.491477|hour_sft >= 21.0|stoch_21_sft >= 52.372257,LONG,Ret_96,210,149,1.4713,1.6833
cci_34_sft >= 5.18|stoch_48_sft >= 13.04039|cci_21_sft <= 4.947041,LONG,Ret_96,302,200,1.3096,1.4994
cci_24_sft <= 5.41|cci_48_sft >= 6.552284,LONG,Ret_96,295,196,1.3023,1.4315
cci_34_sft >= 6.342597|cci_21_sft <= 8.12,LONG,Ret_96,306,202,1.3237,1.4949
hour_sft >= 21.0|stoch_120_sft >= 53.260605|stoch_21_sft >= 76.412769,LONG,Ret_72,227,152,1.4181,1.8287
cci_5_sft <= 124.421092|cci_24_sft <= 2.46|cci_48_sft >= -9.06,LONG,Ret_96,301,199,1.3193,1.4041
stoch_8_sft >= 85.06998|cci_120_sft >= -78.925987|willr_144_sft >= -74.629684,LONG,Ret_96,309,207,1.2701,1.5348
hour_sft >= 18.0|willr_48_sft <= -0.13|stoch_34_sft >= 77.567905,LONG,Ret_72,300,204,1.2918,1.7315
dow_sft >= 3.0|cci_24_sft >= 147.996594,LONG,Ret_96,286,190,1.2871,1.4813
hour_sft >= 21.0|stoch_24_sft >= 76.799507,LONG,Ret_96,241,160,1.4371,1.5972
stoch_34_sft >= 77.567905|cci_48_sft >= -140.018719|hour_sft >= 18.0,LONG,Ret_72,300,204,1.2925,1.7305
willr_13_sft >= -22.987964|hour_sft >= 21.0|stoch_21_sft <= 87.931494,LONG,Ret_72,240,145,1.4101,1.7678
cci_34_sft >= 6.342597|cci_120_sft >= -78.925987|cci_21_sft <= 4.947041,LONG,Ret_96,292,194,1.2964,1.4537
stoch_34_sft >= 77.567905|cci_5_sft <= -9.85,LONG,Ret_96,288,192,1.317,1.4708
willr_8_sft >= -10.769713|cci_48_sft >= -2.01,LONG,Ret_96,332,215,1.2635,1.475
cci_24_sft <= 4.962039|cci_48_sft >= 4.49,LONG,Ret_96,294,196,1.2852,1.4389
cci_55_sft >= -5.03|willr_13_sft >= -10.574783,LONG,Ret_96,319,210,1.3135,1.5498
cci_48_sft >= 4.53|stoch_21_sft <= 87.931494|cci_24_sft <= 4.962039,LONG,Ret_96,294,196,1.2852,1.4389
cci_200_sft >= 13.842159|stoch_48_sft >= 52.216015|cci_55_sft <= 149.44968,LONG,Ret_96,269,181,1.29,1.8195
willr_34_sft <= -8.56|willr_34_sft >= -9.820296,LONG,Ret_72,249,161,1.4122,2.1678
hour_sft >= 21.0|willr_5_sft <= Close_sft|stoch_24_sft >= 76.799507,LONG,Ret_96,241,160,1.4371,1.5972
stoch_89_sft <= Close_sft|cci_34_sft >= 6.342597|cci_21_sft <= 4.947041,LONG,Ret_96,301,200,1.3052,1.5045
willr_13_sft >= -10.574783|willr_24_sft <= -4.4|stoch_24_sft >= 88.371309,LONG,Ret_72,260,182,1.3318,1.8892
hour_sft >= 4.79|willr_24_sft >= -10.246335,LONG,Ret_96,308,206,1.3787,1.3811
cci_200_sft <= 96.296295|cci_144_sft >= -0.97,LONG,Ret_96,306,189,1.2617,1.5715
willr_89_sft >= -88.128517|cci_34_sft >= 6.342597|cci_21_sft <= 4.947041,LONG,Ret_96,301,200,1.3041,1.505
stoch_144_sft >= 78.792278|stoch_24_sft >= 76.799507|cci_13_sft <= Close_sft,LONG,Ret_72,238,168,1.3835,1.6394
hour_sft >= 21.0|cci_8_sft >= 86.080036|stoch_21_sft >= 0.4,LONG,Ret_96,230,150,1.412,1.5732
willr_34_sft <= -5.37|willr_89_sft >= -8.693633,LONG,Ret_96,200,138,1.4038,2.1069
cci_13_sft <= 141.797266|willr_55_sft >= -8.89,LONG,Ret_96,215,153,1.3823,2.1805
willr_21_sft >= -47.765285|stoch_48_sft >= 89.911131|cci_13_sft <= 141.797266,LONG,Ret_72,258,184,1.3547,1.7261
willr_55_sft >= -47.785381|willr_13_sft >= -8.05,LONG,Ret_96,303,200,1.2892,1.3938
stoch_48_sft >= 78.212299|cci_144_sft >= 94.331154,LONG,Ret_72,250,177,1.3382,1.6978
cci_144_sft >= 94.331154|willr_34_sft >= -22.086793|willr_55_sft <= -4.1,LONG,Ret_72,254,178,1.3312,1.5663
stoch_55_sft >= 78.353447|stoch_21_sft <= Close_sft|hour_sft >= 21.0,LONG,Ret_96,201,142,1.4642,1.6553
willr_24_sft <= Close_sft|stoch_48_sft >= 78.212299|cci_144_sft >= 94.331154,LONG,Ret_72,250,177,1.3382,1.6978
willr_48_sft >= -8.9|cci_21_sft <= 147.514725,LONG,Ret_96,212,157,1.3892,2.2235
cci_200_sft <= 158.465622|cci_89_sft >= 1.53|stoch_21_sft >= 87.931494,LONG,Ret_72,271,195,1.3836,1.9265
cci_144_sft >= -139.044336|stoch_34_sft <= 77.567905|cci_21_sft >= 147.514725,LONG,Ret_96,276,168,1.2678,1.417
cci_21_sft >= 147.514725|stoch_34_sft <= 77.567905,LONG,Ret_96,276,168,1.2672,1.417
willr_34_sft >= -47.338058|willr_8_sft >= -10.769713,LONG,Ret_96,341,226,1.2572,1.4006
cci_21_sft >= 88.019604|hour_sft >= 18.0,LONG,Ret_72,363,241,1.3651,1.3833
willr_48_sft >= -47.676697|willr_24_sft <= -47.670113,LONG,Ret_96,288,185,1.2744,1.6022
cci_24_sft <= -5.33|cci_55_sft >= 5.796585,LONG,Ret_96,279,188,1.3128,1.387
dow_sft >= -5.55|cci_55_sft >= 5.796585|cci_24_sft <= -9.45,LONG,Ret_96,276,187,1.3078,1.3985
willr_13_sft >= -22.987964|willr_8_sft >= -10.769713|willr_55_sft >= -47.785381,LONG,Ret_96,315,208,1.2938,1.3622
cci_200_sft <= 96.296295|cci_48_sft >= -3.97,LONG,Ret_96,332,211,1.262,1.3812
willr_13_sft >= -9.15|willr_55_sft >= -47.785381,LONG,Ret_96,308,205,1.3503,1.3768
willr_8_sft <= -48.025597|willr_48_sft >= -21.491477|willr_5_sft <= Close_sft,LONG,Ret_72,251,176,1.3576,1.6047
stoch_5_sft <= Close_sft|willr_5_sft >= -5.37|cci_120_sft >= -78.925987,LONG,Ret_96,308,205,1.2896,1.5555
hour_sft >= 21.0|stoch_5_sft >= 70.960163|stoch_21_sft >= 76.412769,LONG,Ret_96,215,148,1.5313,1.64
stoch_13_sft >= 51.977692|hour_sft >= 18.0|willr_34_sft >= -47.338058,LONG,Ret_96,317,204,1.276,1.5359
willr_48_sft >= -21.491477|willr_8_sft <= -48.025597,LONG,Ret_72,251,176,1.3576,1.6047
cci_24_sft <= -8.81|cci_55_sft >= 5.796585,LONG,Ret_96,276,187,1.3092,1.393
willr_55_sft <= -9.120182|willr_13_sft >= -5.91|willr_55_sft >= -47.785381,LONG,Ret_96,219,147,1.3884,1.5036
willr_89_sft >= -20.964468|cci_13_sft <= 141.797266,LONG,Ret_48,386,270,1.3131,1.5109
cci_34_sft >= -138.477072|willr_48_sft >= -21.491477|stoch_5_sft <= 51.247913,LONG,Ret_72,292,192,1.3142,1.4723
stoch_5_sft <= 51.247913|willr_48_sft >= -21.491477|cci_120_sft >= -139.774255,LONG,Ret_72,292,192,1.3142,1.4723
stoch_89_sft >= 8.86|stoch_5_sft <= 51.247913|willr_48_sft >= -21.491477,LONG,Ret_72,292,192,1.3142,1.4723
dow_sft <= 4.0|cci_48_sft >= -1.05|cci_24_sft <= -0.09,LONG,Ret_96,284,185,1.2509,1.4219
willr_13_sft >= -7.07|stoch_24_sft >= 52.352547|willr_34_sft <= Close_sft,LONG,Ret_96,313,211,1.2932,1.3786
cci_24_sft <= 4.962039|cci_48_sft >= -2.83,LONG,Ret_96,301,199,1.2785,1.4014
stoch_34_sft >= 77.567905|cci_5_sft <= -2.53,LONG,Ret_96,291,193,1.2893,1.5629
cci_13_sft <= 141.797266|cci_21_sft >= 88.019604|willr_120_sft >= -20.933372,LONG,Ret_72,254,178,1.3118,1.6501
willr_24_sft >= -10.246335|cci_144_sft >= 0.49,LONG,Ret_72,324,219,1.2537,1.4968
cci_8_sft <= 86.080036|stoch_5_sft >= 70.960163|stoch_8_sft <= 73.685162,LONG,Ret_96,268,177,1.4022,1.5861
cci_144_sft >= 6.14|willr_24_sft >= -10.246335|willr_24_sft >= -73.549549,LONG,Ret_72,319,213,1.2643,1.5554
cci_89_sft >= 9.02|cci_13_sft <= 141.797266|willr_89_sft >= -20.964468,LONG,Ret_48,386,270,1.3131,1.5062
cci_34_sft >= 6.54|cci_21_sft <= 3.74,LONG,Ret_96,298,200,1.2912,1.4843
cci_144_sft >= 94.331154|stoch_34_sft >= 77.567905,LONG,Ret_72,247,180,1.4111,1.4827
cci_89_sft >= 6.709311|stoch_8_sft >= 73.685162|cci_144_sft >= 94.331154,LONG,Ret_72,252,180,1.314,1.5222
willr_24_sft >= -10.246335|hour_sft >= 5.18,LONG,Ret_96,306,206,1.4058,1.3635
cci_34_sft >= 6.58|cci_21_sft <= 3.67|stoch_89_sft <= Close_sft,LONG,Ret_96,298,200,1.2912,1.4843
cci_8_sft >= -81.673649|stoch_48_sft >= 78.212299|hour_sft >= 18.0,LONG,Ret_72,284,192,1.3231,1.6138
willr_5_sft >= -5.57|stoch_120_sft >= 11.689374,LONG,Ret_96,332,225,1.3127,1.6695
stoch_48_sft >= 89.911131|cci_13_sft <= 141.797266,LONG,Ret_72,259,184,1.3376,1.7261
stoch_48_sft >= 52.216015|cci_120_sft <= 153.230298|stoch_24_sft <= 52.352547,LONG,Ret_96,281,182,1.2963,1.3614
hour_sft >= 6.0|willr_24_sft >= -10.246335,LONG,Ret_96,306,206,1.4058,1.3635
cci_55_sft >= 8.72|cci_24_sft <= 4.962039,LONG,Ret_96,281,190,1.2535,1.3882
willr_13_sft >= -10.574783|cci_89_sft >= -9.08,LONG,Ret_96,298,200,1.2676,1.6841
willr_34_sft >= -47.338058|hour_sft <= 21.0|willr_13_sft >= -10.574783,LONG,Ret_96,332,219,1.2737,1.6211
hour_sft >= 21.0|stoch_34_sft >= 77.567905,LONG,Ret_72,254,179,1.3012,1.6651
stoch_34_sft >= 77.567905|stoch_89_sft <= Close_sft|hour_sft >= 21.0,LONG,Ret_72,254,179,1.3012,1.6651
stoch_48_sft >= 52.216015|stoch_24_sft <= 52.352547,LONG,Ret_96,281,182,1.2942,1.3619
hour_sft >= 18.0|stoch_5_sft >= 70.960163,LONG,Ret_96,309,203,1.2653,1.4859
stoch_5_sft <= 51.247913|willr_48_sft >= -21.491477|stoch_48_sft <= 89.911131,LONG,Ret_72,289,189,1.2996,1.4689
stoch_34_sft >= 77.567905|hour_sft >= 21.0|dow_sft <= 5.0,LONG,Ret_72,254,179,1.3012,1.6651
willr_13_sft <= -73.803139|willr_144_sft >= -46.708836,LONG,Ret_96,234,156,1.3167,1.6956
willr_120_sft >= -46.861408|stoch_55_sft >= 78.353447|willr_5_sft >= -73.2911,LONG,Ret_96,265,184,1.2863,1.622
cci_24_sft >= 88.543152|hour_sft >= 18.0|cci_120_sft >= 7.23,LONG,Ret_72,291,200,1.286,1.5162
willr_8_sft <= -48.025597|stoch_48_sft >= 78.212299|willr_8_sft >= -86.997574,LONG,Ret_72,296,203,1.3077,1.5358
dow_sft >= 3.0|willr_21_sft >= -47.765285|willr_5_sft >= -11.066111,LONG,Ret_96,332,221,1.299,1.3147
stoch_34_sft >= 77.567905|cci_144_sft >= 94.331154|stoch_13_sft >= 51.977692,LONG,Ret_72,247,179,1.4081,1.4682
stoch_5_sft <= 19.329134|stoch_21_sft >= 27.418021|stoch_48_sft >= -4.02,LONG,Ret_96,294,184,1.2757,1.3928
cci_8_sft >= -7.96|willr_120_sft >= -20.933372|cci_5_sft <= 85.088097,LONG,Ret_72,260,188,1.3274,1.4385
willr_24_sft <= -7.42|willr_55_sft >= -9.120182,LONG,Ret_96,220,157,1.367,1.6192
cci_55_sft >= 5.796585|cci_24_sft <= -1.38,LONG,Ret_96,279,191,1.333,1.3643
stoch_89_sft >= 78.79277|willr_48_sft >= -9.370427,LONG,Ret_96,216,150,1.3868,2.2597
hour_sft >= 3.0|willr_5_sft >= -3.37,LONG,Ret_96,278,200,1.3599,1.517
cci_21_sft <= 147.514725|willr_34_sft >= -9.820296|willr_48_sft >= -9.370427,LONG,Ret_96,212,150,1.3476,2.1863
willr_120_sft >= -74.639439|willr_24_sft >= -10.246335|hour_sft >= 8.08,LONG,Ret_96,296,197,1.2976,1.4636
willr_21_sft >= -22.603128|stoch_55_sft <= 90.256581|cci_48_sft >= -0.44,LONG,Ret_96,344,215,1.2725,1.5821
cci_13_sft >= -81.587856|stoch_144_sft >= 53.37355|cci_8_sft <= -81.673649,LONG,Ret_96,238,156,1.3343,1.4898
willr_13_sft >= -10.574783|cci_13_sft >= -2.24|stoch_8_sft <= 73.685162,LONG,Ret_96,237,170,1.2926,1.617
stoch_120_sft >= 78.952785|cci_5_sft <= 85.088097|stoch_5_sft >= -2.5,LONG,Ret_72,272,193,1.2882,1.4973
hour_sft >= 3.64|willr_24_sft >= -10.246335,LONG,Ret_96,313,209,1.3551,1.3644
stoch_5_sft >= 70.960163|cci_144_sft >= 94.331154,LONG,Ret_72,255,181,1.3015,1.5023
stoch_89_sft >= 25.644902|cci_21_sft >= -3.57|hour_sft <= 3.0,LONG,Ret_72,364,234,1.2585,1.6245
willr_48_sft >= -21.491477|cci_21_sft <= 88.019604,LONG,Ret_72,308,214,1.2973,1.429
willr_8_sft >= -73.652382|stoch_34_sft >= 77.567905|cci_144_sft >= 94.331154,LONG,Ret_72,246,179,1.4247,1.453
cci_144_sft >= -78.18689|willr_24_sft >= -10.246335,LONG,Ret_96,313,208,1.2712,1.526
cci_144_sft >= -78.18689|cci_13_sft <= Close_sft|willr_24_sft >= -10.246335,LONG,Ret_96,313,208,1.2712,1.526
cci_89_sft >= 6.709311|cci_13_sft >= 141.797266|stoch_8_sft <= 73.685162,LONG,Ret_72,262,164,1.2844,1.5644
cci_24_sft >= 6.53|willr_120_sft >= -88.436961|hour_sft >= 21.0,LONG,Ret_96,298,193,1.4905,1.3388
stoch_5_sft >= 70.960163|willr_200_sft <= 5.24|cci_144_sft >= 94.331154,LONG,Ret_72,255,181,1.3015,1.5023
stoch_55_sft <= 90.256581|willr_200_sft >= -73.594006|willr_13_sft >= -10.574783,LONG,Ret_96,311,211,1.2726,1.3616
willr_8_sft >= -10.769713|cci_48_sft >= 6.552284|cci_24_sft >= -140.515881,LONG,Ret_96,325,212,1.2544,1.4945
cci_8_sft >= 86.080036|hour_sft >= 21.0|stoch_8_sft >= 29.39655,LONG,Ret_96,230,150,1.412,1.5128
cci_8_sft <= 86.080036|cci_120_sft >= 93.799591|willr_24_sft >= -47.670113,LONG,Ret_72,261,176,1.2939,1.5051
willr_24_sft >= -7.86|stoch_144_sft >= 25.448192,LONG,Ret_96,291,195,1.3334,1.449
stoch_144_sft >= 78.792278|cci_5_sft <= 85.088097|willr_13_sft >= -47.851532,LONG,Ret_72,253,177,1.3247,1.6406
stoch_24_sft >= 27.203917|hour_sft >= 18.0|willr_24_sft <= -73.549549,LONG,Ret_72,237,135,1.3083,1.7967
stoch_89_sft <= 91.019492|willr_5_sft >= -3.42,LONG,Ret_96,276,194,1.3723,1.4484
stoch_48_sft >= 78.212299|cci_120_sft <= Close_sft|willr_8_sft <= -48.025597,LONG,Ret_72,301,208,1.298,1.486
cci_8_sft >= -133.787415|cci_48_sft >= 6.552284|willr_8_sft >= -10.769713,LONG,Ret_96,325,212,1.2544,1.4945
willr_120_sft >= -46.861408|cci_144_sft <= 154.351486|willr_24_sft >= -5.52,LONG,Ret_72,243,178,1.3561,1.4905
cci_89_sft <= 151.437155|willr_5_sft >= -5.61,LONG,Ret_96,319,220,1.2734,1.4706
stoch_48_sft >= 52.216015|willr_89_sft >= -20.964468|stoch_8_sft <= 73.685162,LONG,Ret_48,351,247,1.2772,1.4526
willr_8_sft >= -7.65|cci_34_sft >= 0.04,LONG,Ret_96,320,218,1.2945,1.4545
hour_sft >= 21.0|cci_48_sft >= 6.552284,LONG,Ret_96,292,193,1.3381,1.3915
willr_5_sft <= -87.301361|hour_sft >= 21.0,LONG,Ret_96,224,145,1.3523,2.0576
willr_8_sft <= -23.412279|stoch_13_sft >= 51.977692|willr_120_sft >= -20.933372,LONG,Ret_96,216,143,1.3467,1.7761
cci_48_sft >= 6.18|hour_sft >= 21.0,LONG,Ret_96,292,193,1.3378,1.3915
cci_48_sft <= 149.45737|willr_8_sft >= -2.94,LONG,Ret_72,282,199,1.3447,1.512
stoch_48_sft >= 89.911131|stoch_24_sft >= 52.352547|cci_21_sft <= 147.514725,LONG,Ret_72,241,173,1.4109,1.7337
willr_34_sft >= -9.820296|dow_sft <= 3.0,LONG,Ret_96,259,171,1.2845,1.8355
willr_5_sft <= -87.301361|hour_sft >= 21.0|willr_13_sft <= Close_sft,LONG,Ret_96,224,145,1.3523,2.0576
willr_8_sft <= -0.2|willr_24_sft >= -10.246335|stoch_24_sft <= Close_sft,LONG,Ret_96,317,211,1.2899,1.4121
hour_sft <= 12.0|willr_89_sft >= -20.964468|willr_200_sft <= -8.143376,LONG,Ret_72,274,179,1.2752,1.6328
stoch_48_sft <= 78.212299|cci_8_sft >= -0.22|willr_89_sft >= -20.964468,LONG,Ret_96,204,134,1.3429,2.0457
cci_8_sft <= 135.660733|cci_144_sft >= 94.331154|willr_34_sft >= -22.086793,LONG,Ret_72,244,170,1.4939,1.4476
stoch_8_sft >= 73.685162|hour_sft >= 18.0,LONG,Ret_72,359,234,1.2882,1.3894
cci_55_sft >= 5.92|willr_24_sft >= -7.33,LONG,Ret_96,286,192,1.3151,1.3794
cci_21_sft >= -3.0|willr_34_sft >= -9.820296|willr_120_sft >= -46.861408,LONG,Ret_96,258,179,1.2659,1.4756
willr_120_sft <= -0.32|willr_24_sft >= -10.246335,LONG,Ret_96,317,212,1.2994,1.4014
willr_34_sft >= -22.086793|dow_sft <= 4.0|stoch_8_sft >= 51.812485,LONG,Ret_96,326,204,1.2523,1.5988
willr_55_sft >= -47.785381|willr_21_sft >= -10.353555,LONG,Ret_96,310,202,1.2875,1.5427
cci_48_sft >= 5.22|willr_8_sft >= -10.769713,LONG,Ret_96,325,212,1.2634,1.4866
hour_sft <= 1.64|cci_55_sft >= 2.51,LONG,Ret_72,343,224,1.3214,1.3295
cci_200_sft >= 8.13|willr_48_sft <= -21.491477|stoch_5_sft <= Close_sft,LONG,Ret_96,275,182,1.2881,1.6211
willr_34_sft >= -22.086793|cci_5_sft <= -3.22,LONG,Ret_96,265,170,1.3173,1.7007
cci_8_sft <= 135.660733|stoch_48_sft >= 78.212299|willr_8_sft <= -48.025597,LONG,Ret_72,301,208,1.2907,1.4797
willr_120_sft <= -0.3|willr_24_sft >= -10.246335,LONG,Ret_96,317,212,1.2994,1.4014
cci_24_sft <= -0.1|cci_55_sft >= 5.796585,LONG,Ret_96,279,192,1.3241,1.3414
willr_89_sft >= -74.489902|willr_34_sft >= -9.820296|willr_21_sft <= -9.71,LONG,Ret_72,229,162,1.3287,1.9635
cci_200_sft >= 13.842159|stoch_55_sft >= 52.002857,LONG,Ret_96,276,185,1.2647,1.825
willr_120_sft <= Close_sft|cci_5_sft >= -81.500599|willr_5_sft <= -87.301361,LONG,Ret_96,234,152,1.3317,1.4599
cci_34_sft >= 6.342597|stoch_24_sft <= 52.352547|stoch_5_sft <= 51.247913,LONG,Ret_96,237,159,1.2919,1.4901
cci_5_sft <= -3.02|willr_34_sft >= -22.086793,LONG,Ret_96,265,170,1.3173,1.7007
willr_34_sft >= -22.086793|cci_5_sft <= -1.64|cci_21_sft >= 4.947041,LONG,Ret_96,265,170,1.3123,1.689
willr_55_sft >= -21.370929|cci_13_sft >= -81.587856|stoch_144_sft >= 78.792278,LONG,Ret_72,246,170,1.2987,1.5153
willr_5_sft >= -3.0|cci_144_sft <= 154.351486,LONG,Ret_96,259,190,1.28,1.7031
willr_89_sft >= -8.693633|willr_8_sft <= -10.769713|stoch_13_sft >= 16.079409,LONG,Ret_48,262,190,1.3647,1.5995
willr_24_sft <= -73.549549|cci_5_sft <= 4.213535|hour_sft >= 21.0,LONG,Ret_96,249,154,1.2992,1.9632
willr_120_sft >= -20.933372|willr_8_sft <= -8.86,LONG,Ret_72,282,202,1.2723,1.4465
willr_34_sft >= -9.820296|cci_144_sft <= 154.351486,LONG,Ret_96,276,182,1.2988,1.5021
stoch_120_sft >= 53.260605|stoch_200_sft >= 26.386054|willr_24_sft >= -10.246335,LONG,Ret_72,309,207,1.2561,1.6244
cci_200_sft >= 13.842159|stoch_13_sft <= 75.253738|willr_55_sft >= -21.370929,LONG,Ret_72,258,180,1.3481,1.5478
hour_sft <= 2.41|willr_34_sft >= -47.338058,LONG,Ret_96,299,193,1.2587,1.4623
willr_144_sft >= -88.512123|stoch_48_sft <= 13.04039,LONG,Ret_96,210,135,1.2779,1.7842
willr_48_sft >= -9.370427|willr_24_sft <= -10.246335,LONG,Ret_48,238,170,1.4557,1.648
cci_200_sft >= -2.11|willr_48_sft <= -21.491477|cci_200_sft <= Close_sft,LONG,Ret_96,287,190,1.2884,1.6169
willr_200_sft <= -6.06|stoch_48_sft <= 13.04039|willr_144_sft >= -88.512123,LONG,Ret_96,210,135,1.2779,1.7842
dow_sft >= 4.0|willr_24_sft >= -47.670113,LONG,Ret_96,354,228,1.2966,1.2614
stoch_120_sft >= 53.260605|willr_24_sft >= -10.246335,LONG,Ret_72,312,207,1.2519,1.6264
willr_48_sft >= -7.64|hour_sft >= 6.0,LONG,Ret_96,242,171,1.3179,1.7332
willr_21_sft >= -22.603128|cci_8_sft <= 135.660733|stoch_13_sft <= 75.253738,LONG,Ret_96,296,189,1.2596,1.382
willr_144_sft >= -88.512123|cci_5_sft <= Close_sft|stoch_48_sft <= 13.04039,LONG,Ret_96,210,135,1.2779,1.7842
willr_144_sft >= -74.629684|cci_89_sft <= -8.15,LONG,Ret_96,298,189,1.2537,1.2905
stoch_120_sft >= 78.952785|cci_34_sft <= 147.839603,LONG,Ret_72,264,188,1.3004,1.4375
willr_8_sft >= -86.997574|willr_34_sft >= -9.38|hour_sft >= 3.0,LONG,Ret_96,289,191,1.299,1.6995
willr_120_sft >= -20.933372|dow_sft >= 1.0|willr_5_sft <= -11.066111,LONG,Ret_72,281,202,1.279,1.4245
willr_120_sft >= -20.933372|willr_5_sft <= -11.066111,LONG,Ret_72,281,202,1.279,1.4245
hour_sft >= 6.0|willr_89_sft >= -20.964468|stoch_48_sft <= 78.212299,LONG,Ret_96,214,144,1.3033,1.8501
willr_120_sft >= -20.933372|willr_5_sft <= -11.066111|stoch_144_sft >= 9.34,LONG,Ret_72,281,202,1.279,1.4245
cci_200_sft <= 96.296295|willr_55_sft <= Close_sft|cci_48_sft >= -1.64,LONG,Ret_96,331,211,1.2565,1.3415
willr_55_sft >= -47.785381|cci_34_sft >= 88.784065|cci_24_sft >= -140.515881,LONG,Ret_96,335,213,1.2541,1.6194
stoch_144_sft <= Close_sft|cci_48_sft >= 1.14|cci_24_sft <= 4.962039,LONG,Ret_96,299,198,1.2674,1.3996
willr_55_sft >= -21.370929|cci_5_sft <= -81.500599,LONG,Ret_96,206,135,1.4328,1.652
cci_8_sft <= 86.080036|willr_5_sft >= -11.066111,LONG,Ret_96,284,193,1.3488,1.4657
willr_34_sft >= -22.086793|cci_5_sft <= -7.8,LONG,Ret_96,265,169,1.3161,1.5894
cci_5_sft <= 6.01|stoch_34_sft >= 77.567905,LONG,Ret_96,294,195,1.2705,1.5335
cci_200_sft >= 96.296295|willr_8_sft <= -2.42|willr_48_sft >= -21.491477,LONG,Ret_72,236,164,1.2819,1.4692
willr_24_sft >= -7.22|stoch_55_sft >= 8.52|willr_48_sft >= -47.676697,LONG,Ret_96,291,195,1.3295,1.3596
cci_21_sft <= Close_sft|willr_5_sft >= -11.066111|cci_8_sft <= 86.080036,LONG,Ret_96,284,193,1.3488,1.4657
willr_34_sft <= -3.62|willr_5_sft >= -3.94,LONG,Ret_96,265,193,1.3409,1.4854
cci_55_sft >= 5.796585|cci_24_sft <= -4.05,LONG,Ret_96,279,190,1.286,1.3474
cci_89_sft >= -80.669346|willr_24_sft >= -10.246335|stoch_21_sft >= 52.372257,LONG,Ret_96,316,212,1.2871,1.4018
stoch_144_sft >= 78.792278|cci_120_sft >= 93.799591,LONG,Ret_72,246,175,1.2946,1.5226
willr_34_sft >= -6.1|cci_144_sft <= 154.351486,LONG,Ret_96,244,165,1.3055,1.4778
stoch_48_sft <= 78.212299|willr_144_sft >= -74.629684|willr_89_sft >= -20.964468,LONG,Ret_96,218,146,1.2967,1.7617
willr_5_sft <= -48.3848|willr_48_sft >= -21.491477,LONG,Ret_72,290,195,1.2574,1.4033
willr_24_sft >= -10.246335|stoch_144_sft >= 53.37355,LONG,Ret_72,295,204,1.2731,1.7774
cci_13_sft <= 141.797266|cci_144_sft >= 94.331154,LONG,Ret_72,264,177,1.2627,1.7341
stoch_120_sft >= 11.689374|stoch_120_sft >= 78.952785|cci_48_sft <= 149.45737,LONG,Ret_72,262,187,1.3088,1.474
willr_5_sft >= -5.78,LONG,Ret_96,335,229,1.2896,1.5849
cci_144_sft >= 94.331154|cci_24_sft >= 88.543152|stoch_200_sft >= -3.37,LONG,Ret_72,258,183,1.2763,1.4925
willr_55_sft <= -7.09|willr_55_sft >= -9.120182,LONG,Ret_96,208,149,1.3473,1.7636
willr_21_sft >= -73.610996|hour_sft >= 18.0|stoch_89_sft >= 78.79277,LONG,Ret_72,244,173,1.2959,1.5899
willr_48_sft >= -9.370427|willr_24_sft <= -6.23,LONG,Ret_96,245,171,1.3369,1.8045
cci_48_sft >= -8.75|hour_sft >= 21.0,LONG,Ret_96,297,197,1.3321,1.4471
cci_144_sft >= 94.331154|cci_13_sft <= 141.797266|stoch_34_sft <= Close_sft,LONG,Ret_72,264,177,1.2627,1.7341
cci_21_sft <= 4.14|stoch_24_sft <= Close_sft|cci_55_sft >= 8.63,LONG,Ret_96,291,195,1.325,1.308
stoch_89_sft >= 78.79277|willr_55_sft >= -9.120182,LONG,Ret_96,217,151,1.3416,2.2136
cci_5_sft <= -4.51|willr_34_sft >= -22.086793,LONG,Ret_96,265,169,1.3098,1.6258
cci_89_sft >= 6.709311|stoch_48_sft <= 78.212299|willr_89_sft >= -20.964468,LONG,Ret_96,218,146,1.2948,1.7625
stoch_89_sft >= 78.79277|willr_144_sft >= -88.512123|willr_55_sft >= -9.120182,LONG,Ret_96,217,151,1.3416,2.2136
stoch_8_sft <= 85.06998|willr_5_sft >= -24.065987|willr_34_sft >= -22.086793,LONG,Ret_96,316,206,1.253,1.4411
cci_55_sft >= 9.2|cci_21_sft <= 4.947041,LONG,Ret_96,290,195,1.3203,1.3129
stoch_55_sft >= -3.66|cci_13_sft <= 141.797266|willr_55_sft >= -21.370929,LONG,Ret_72,345,238,1.2816,1.4538
cci_5_sft >= -81.500599|stoch_24_sft >= 88.371309|cci_13_sft <= 87.3848,LONG,Ret_72,216,153,1.4648,1.574
willr_13_sft <= -10.574783|willr_55_sft >= -8.79,LONG,Ret_72,229,174,1.396,1.6353
cci_34_sft >= -3.02|hour_sft >= 21.0|cci_13_sft <= 87.3848,LONG,Ret_96,277,185,1.357,1.3824
stoch_24_sft >= 52.352547|willr_89_sft >= -88.128517|willr_24_sft >= -10.246335,LONG,Ret_96,316,212,1.2981,1.3872
willr_13_sft >= -8.92|willr_34_sft >= -22.086793,LONG,Ret_96,293,195,1.3426,1.3938
cci_24_sft <= 147.996594|willr_21_sft >= -22.603128|willr_89_sft >= -20.964468,LONG,Ret_96,229,155,1.3139,2.0695
willr_13_sft <= -7.03|cci_48_sft <= 149.45737|stoch_120_sft >= 78.952785,LONG,Ret_72,262,187,1.3019,1.4543
willr_55_sft >= -47.785381|willr_8_sft >= -8.57,LONG,Ret_96,308,208,1.2768,1.3297
willr_5_sft >= -5.84,LONG,Ret_96,336,229,1.2899,1.5628
cci_48_sft >= 149.45737|willr_13_sft >= -22.987964|cci_24_sft <= 147.996594,LONG,Ret_96,208,139,1.3534,1.8482
willr_13_sft <= -7.12|willr_48_sft >= -9.370427,LONG,Ret_96,247,171,1.3332,1.8711
hour_sft >= 21.0|stoch_200_sft >= 2.51|cci_24_sft >= -6.76,LONG,Ret_96,303,197,1.3812,1.3865
stoch_200_sft >= 26.386054|willr_24_sft >= -10.246335,LONG,Ret_96,295,201,1.2842,1.5363
willr_21_sft <= -2.27|cci_55_sft >= 9.46|willr_13_sft <= -73.803139,LONG,Ret_96,267,182,1.2562,1.5192
willr_48_sft >= -9.370427|cci_89_sft >= 6.42|cci_21_sft <= 147.514725,LONG,Ret_72,243,184,1.3979,1.5129
willr_144_sft >= -21.067403|stoch_120_sft >= 78.952785|stoch_8_sft >= 29.39655,LONG,Ret_72,261,180,1.2857,1.4923
willr_13_sft <= -86.712366|willr_55_sft >= -73.947689|stoch_24_sft <= Close_sft,LONG,Ret_96,290,188,1.3102,1.3455
stoch_48_sft <= 13.04039|willr_120_sft >= -88.436961,LONG,Ret_96,219,137,1.2673,1.6868
stoch_89_sft >= 52.000851|cci_48_sft <= 149.45737|willr_55_sft >= -21.370929,LONG,Ret_72,314,217,1.2823,1.4485
willr_24_sft >= -9.84|willr_55_sft <= -0.38,LONG,Ret_96,314,210,1.2851,1.4045
cci_48_sft >= 6.89|stoch_48_sft <= 52.216015,LONG,Ret_96,271,161,1.2709,1.3682
stoch_5_sft >= 19.329134|stoch_144_sft >= 78.792278|cci_120_sft >= 93.799591,LONG,Ret_72,245,175,1.2885,1.5074
cci_24_sft <= 147.996594|stoch_120_sft >= 78.952785,LONG,Ret_72,266,190,1.2727,1.5145
hour_sft >= 18.0|stoch_13_sft >= 75.253738|cci_5_sft >= -2.06,LONG,Ret_72,347,224,1.2786,1.4065
cci_144_sft <= Close_sft|willr_5_sft >= -5.87,LONG,Ret_96,336,229,1.2891,1.5628
cci_144_sft >= 94.331154|willr_34_sft >= -22.086793,LONG,Ret_72,258,180,1.2785,1.5307
stoch_8_sft >= 85.06998|willr_24_sft >= -22.44638|willr_34_sft >= -87.072878,LONG,Ret_96,299,200,1.2653,1.3983
willr_48_sft >= -21.491477|cci_144_sft >= 94.331154,LONG,Ret_72,258,179,1.2742,1.4717
willr_8_sft <= -48.025597|stoch_21_sft >= 15.006661|willr_55_sft >= -21.370929,LONG,Ret_72,252,176,1.289,1.5425
willr_89_sft >= -20.964468|stoch_5_sft <= 70.960163|cci_5_sft >= -9.96,LONG,Ret_48,352,252,1.2655,1.4189
willr_24_sft >= -22.44638|willr_48_sft >= -47.676697|stoch_8_sft <= 51.812485,LONG,Ret_72,248,160,1.2643,2.1544
willr_55_sft >= -47.785381|willr_13_sft <= -47.851532|willr_13_sft >= -73.803139,LONG,Ret_96,313,204,1.2822,1.3521
cci_8_sft <= 7.68|willr_48_sft >= -21.491477,LONG,Ret_72,253,178,1.3099,1.6674
willr_24_sft >= -10.246335|cci_200_sft >= 13.842159,LONG,Ret_72,290,202,1.2689,1.6098
willr_13_sft >= -3.75|hour_sft >= 5.37,LONG,Ret_96,259,186,1.3477,1.5541
cci_34_sft <= 88.784065|willr_34_sft >= -22.086793|willr_24_sft <= -10.246335,LONG,Ret_96,253,167,1.3444,1.7798
cci_13_sft <= 141.797266|stoch_24_sft >= 88.371309|stoch_13_sft >= 75.253738,LONG,Ret_96,266,176,1.3022,1.562
willr_55_sft >= -7.67|willr_55_sft <= -5.74,LONG,Ret_72,243,174,1.4425,1.684
willr_34_sft <= Close_sft|willr_24_sft >= -10.246335|cci_200_sft >= 13.842159,LONG,Ret_72,290,202,1.2689,1.6098
hour_sft >= 21.0|willr_24_sft >= -47.670113|willr_24_sft <= 8.75,LONG,Ret_96,306,195,1.4516,1.3791
hour_sft >= 21.0|stoch_120_sft >= -6.26|willr_24_sft >= -47.670113,LONG,Ret_96,306,195,1.4516,1.3791
willr_55_sft >= -47.785381|willr_8_sft >= -10.769713,LONG,Ret_96,323,214,1.261,1.3577
willr_34_sft >= -9.820296|stoch_144_sft >= 53.37355|stoch_48_sft >= 8.61,LONG,Ret_96,241,163,1.2531,1.8824
willr_34_sft >= -47.338058|cci_13_sft <= 3.862034,LONG,Ret_96,333,215,1.287,1.3493
stoch_24_sft >= 52.352547|willr_24_sft >= -8.58,LONG,Ret_96,302,208,1.3829,1.3131
hour_sft >= 18.0|stoch_120_sft >= 78.952785|willr_200_sft <= Close_sft,LONG,Ret_72,223,163,1.2848,1.5636
willr_8_sft <= 5.4|willr_24_sft >= -10.246335,LONG,Ret_96,318,212,1.2861,1.4019
cci_34_sft >= 9.33|cci_21_sft <= Close_sft|stoch_144_sft >= 78.792278,LONG,Ret_72,262,184,1.2769,1.5928
willr_24_sft >= -10.246335|cci_24_sft >= 5.65,LONG,Ret_96,318,212,1.2861,1.4019
cci_8_sft >= -133.787415|willr_24_sft >= -10.246335,LONG,Ret_96,318,212,1.2861,1.4019
stoch_21_sft >= 3.6|willr_24_sft >= -10.246335,LONG,Ret_96,318,212,1.2861,1.4019
willr_21_sft <= 7.52|willr_24_sft >= -10.246335,LONG,Ret_96,318,212,1.2861,1.4019
willr_24_sft >= -10.246335|willr_24_sft >= -86.77827|cci_34_sft >= -138.477072,LONG,Ret_96,318,212,1.2861,1.4019
stoch_89_sft <= Close_sft|willr_24_sft >= -10.246335,LONG,Ret_96,318,212,1.2861,1.4019
cci_24_sft <= Close_sft|willr_24_sft >= -10.246335,LONG,Ret_96,318,212,1.2861,1.4019
willr_24_sft >= -10.246335|cci_21_sft >= -80.637592,LONG,Ret_96,318,212,1.2861,1.4019
willr_5_sft <= Close_sft|willr_24_sft >= -10.246335|stoch_34_sft <= Close_sft,LONG,Ret_96,318,212,1.2861,1.4019
cci_24_sft >= 4.962039|willr_24_sft >= -10.246335,LONG,Ret_96,318,212,1.2861,1.4019
willr_24_sft >= -10.246335|willr_34_sft >= -87.072878,LONG,Ret_96,318,212,1.2861,1.4019
willr_5_sft <= Close_sft|stoch_89_sft >= 3.93|willr_24_sft >= -10.246335,LONG,Ret_96,318,212,1.2861,1.4019
willr_24_sft >= -10.246335|willr_48_sft <= Close_sft,LONG,Ret_96,318,212,1.2861,1.4019
willr_21_sft >= -86.620166|willr_24_sft >= -10.246335,LONG,Ret_96,318,212,1.2861,1.4019
willr_24_sft >= -10.246335|stoch_200_sft <= Close_sft,LONG,Ret_96,318,212,1.2861,1.4019
dow_sft <= 5.03|willr_24_sft >= -10.246335,LONG,Ret_96,318,212,1.2861,1.4019
willr_24_sft >= -10.246335|stoch_120_sft >= -5.15,LONG,Ret_96,318,212,1.2861,1.4019
stoch_5_sft <= Close_sft|willr_24_sft >= -10.246335,LONG,Ret_96,318,212,1.2861,1.4019
stoch_200_sft >= 6.14|willr_24_sft >= -10.246335,LONG,Ret_96,318,212,1.2861,1.4019
stoch_120_sft >= 8.14|willr_24_sft >= -10.246335,LONG,Ret_96,318,212,1.2861,1.4019
stoch_55_sft >= 2.88|willr_24_sft >= -10.246335,LONG,Ret_96,318,212,1.2861,1.4019
willr_24_sft >= -10.246335|willr_5_sft <= Close_sft|cci_21_sft <= Close_sft,LONG,Ret_96,318,212,1.2861,1.4019
stoch_144_sft >= -4.49|willr_24_sft >= -10.246335,LONG,Ret_96,318,212,1.2861,1.4019
willr_5_sft <= 1.24|willr_21_sft >= -73.610996|willr_24_sft >= -10.246335,LONG,Ret_96,318,212,1.2861,1.4019
willr_24_sft >= -10.246335|cci_8_sft >= -9.27,LONG,Ret_96,318,212,1.2861,1.4019
willr_24_sft >= -10.246335|stoch_55_sft >= 12.843636|stoch_55_sft <= Close_sft,LONG,Ret_96,318,212,1.2861,1.4019
willr_24_sft >= -10.246335|stoch_200_sft >= 8.88,LONG,Ret_96,318,212,1.2861,1.4019
willr_24_sft >= -10.246335|stoch_89_sft >= -4.4,LONG,Ret_96,318,212,1.2861,1.4019
willr_34_sft >= -73.735023|willr_24_sft >= -10.246335,LONG,Ret_96,318,212,1.2861,1.4019
cci_24_sft >= -140.515881|willr_24_sft >= -10.246335,LONG,Ret_96,318,212,1.2861,1.4019
willr_24_sft >= -10.246335|willr_5_sft <= 4.67|stoch_89_sft >= 7.07,LONG,Ret_96,318,212,1.2861,1.4019
willr_24_sft >= -10.246335|stoch_5_sft >= 19.329134|stoch_21_sft >= 9.89,LONG,Ret_96,318,212,1.2861,1.4019
stoch_55_sft >= 8.67|willr_24_sft >= -10.246335,LONG,Ret_96,318,212,1.2861,1.4019
willr_5_sft <= Close_sft|hour_sft >= -5.41|willr_24_sft >= -10.246335,LONG,Ret_96,318,212,1.2861,1.4019
willr_24_sft >= -10.246335|willr_21_sft <= 5.89,LONG,Ret_96,318,212,1.2861,1.4019
willr_24_sft >= -10.246335|willr_89_sft <= 5.76,LONG,Ret_96,318,212,1.2861,1.4019
stoch_24_sft >= 6.02|willr_24_sft >= -10.246335,LONG,Ret_96,318,212,1.2861,1.4019
willr_8_sft <= 7.77|willr_24_sft >= -10.246335,LONG,Ret_96,318,212,1.2861,1.4019
willr_13_sft >= -73.803139|willr_24_sft >= -10.246335,LONG,Ret_96,318,212,1.2861,1.4019
willr_8_sft >= -73.652382|willr_24_sft >= -10.246335,LONG,Ret_96,318,212,1.2861,1.4019
willr_24_sft >= -10.246335|cci_55_sft >= -139.803851,LONG,Ret_96,318,212,1.2861,1.4019
stoch_55_sft >= -1.15|willr_24_sft >= -10.246335,LONG,Ret_96,318,212,1.2861,1.4019
willr_55_sft <= 3.28|willr_24_sft >= -10.246335,LONG,Ret_96,318,212,1.2861,1.4019
willr_24_sft >= -10.246335|willr_24_sft >= -22.44638,LONG,Ret_96,318,212,1.2861,1.4019
willr_13_sft >= -86.712366|willr_24_sft >= -10.246335,LONG,Ret_96,318,212,1.2861,1.4019
stoch_55_sft >= -8.47|willr_24_sft >= -10.246335,LONG,Ret_96,318,212,1.2861,1.4019
willr_24_sft >= -10.246335|stoch_8_sft >= -2.53,LONG,Ret_96,318,212,1.2861,1.4019
willr_24_sft >= -10.246335|stoch_48_sft >= 13.04039,LONG,Ret_96,318,212,1.2861,1.4019
stoch_21_sft >= 3.91|willr_24_sft >= -10.246335,LONG,Ret_96,318,212,1.2861,1.4019
willr_24_sft >= -10.246335|willr_55_sft >= -73.947689,LONG,Ret_96,318,212,1.2861,1.4019
cci_200_sft <= Close_sft|willr_24_sft >= -10.246335|cci_24_sft >= -140.515881,LONG,Ret_96,318,212,1.2861,1.4019
willr_24_sft >= -10.246335|dow_sft <= 8.06,LONG,Ret_96,318,212,1.2861,1.4019
willr_48_sft >= -87.629999|willr_24_sft >= -10.246335,LONG,Ret_96,318,212,1.2861,1.4019
willr_55_sft <= Close_sft|willr_24_sft >= -10.246335,LONG,Ret_96,318,212,1.2861,1.4019
willr_8_sft <= 2.6|willr_24_sft >= -10.246335,LONG,Ret_96,318,212,1.2861,1.4019
willr_24_sft >= -10.246335|stoch_21_sft >= 15.006661,LONG,Ret_96,318,212,1.2861,1.4019
willr_24_sft >= -10.246335|stoch_5_sft >= 31.54893,LONG,Ret_96,318,212,1.2861,1.4019
willr_24_sft >= -10.246335|stoch_200_sft >= 2.56,LONG,Ret_96,318,212,1.2861,1.4019
cci_8_sft >= 6.7|willr_24_sft >= -10.246335,LONG,Ret_96,318,212,1.2861,1.4019
stoch_13_sft >= -4.04|willr_24_sft >= -10.246335,LONG,Ret_96,318,212,1.2861,1.4019
willr_24_sft >= -10.246335|willr_5_sft >= -87.301361|stoch_120_sft <= Close_sft,LONG,Ret_96,318,212,1.2861,1.4019
willr_24_sft >= -10.246335|cci_48_sft >= -81.041885,LONG,Ret_96,318,212,1.2861,1.4019
stoch_34_sft <= Close_sft|willr_24_sft >= -10.246335|dow_sft >= 1.0,LONG,Ret_96,318,212,1.2861,1.4019
willr_24_sft >= -10.246335|willr_13_sft <= 1.54,LONG,Ret_96,318,212,1.2861,1.4019
willr_21_sft >= -47.765285|willr_24_sft >= -10.246335,LONG,Ret_96,318,212,1.2861,1.4019
willr_24_sft >= -10.246335|willr_8_sft >= -48.025597|stoch_21_sft <= Close_sft,LONG,Ret_96,318,212,1.2861,1.4019
willr_24_sft >= -10.246335|dow_sft >= -3.31,LONG,Ret_96,318,212,1.2861,1.4019
cci_8_sft >= 9.4|willr_24_sft >= -10.246335,LONG,Ret_96,318,212,1.2861,1.4019
willr_8_sft >= -73.652382|cci_55_sft <= Close_sft|willr_24_sft >= -10.246335,LONG,Ret_96,318,212,1.2861,1.4019
willr_24_sft >= -10.246335|stoch_21_sft >= -8.72,LONG,Ret_96,318,212,1.2861,1.4019
stoch_34_sft >= 5.62|willr_24_sft >= -10.246335,LONG,Ret_96,318,212,1.2861,1.4019
stoch_89_sft >= -2.63|willr_24_sft >= -10.246335|willr_24_sft >= -86.77827,LONG,Ret_96,318,212,1.2861,1.4019
willr_24_sft >= -10.246335|cci_24_sft >= 2.32,LONG,Ret_96,318,212,1.2861,1.4019
cci_24_sft >= 6.18|willr_24_sft >= -10.246335,LONG,Ret_96,318,212,1.2861,1.4019
cci_8_sft >= -133.787415|willr_24_sft >= -10.246335|stoch_34_sft <= Close_sft,LONG,Ret_96,318,212,1.2861,1.4019
stoch_21_sft >= -5.66|willr_24_sft >= -10.246335,LONG,Ret_96,318,212,1.2861,1.4019
willr_24_sft >= -10.246335|cci_48_sft >= -140.018719,LONG,Ret_96,318,212,1.2861,1.4019
willr_24_sft >= -10.246335|stoch_55_sft >= 3.84,LONG,Ret_96,318,212,1.2861,1.4019
willr_34_sft >= -87.072878|willr_21_sft <= Close_sft|willr_24_sft >= -10.246335,LONG,Ret_96,318,212,1.2861,1.4019
willr_24_sft >= -10.246335|cci_89_sft <= Close_sft,LONG,Ret_96,318,212,1.2861,1.4019
cci_34_sft >= -81.230389|willr_24_sft >= -10.246335|cci_5_sft <= Close_sft,LONG,Ret_96,318,212,1.2861,1.4019
willr_24_sft >= -10.246335|willr_8_sft >= -86.997574|dow_sft >= -9.82,LONG,Ret_96,318,212,1.2861,1.4019
willr_24_sft >= -10.246335|stoch_120_sft >= 7.1,LONG,Ret_96,318,212,1.2861,1.4019
willr_24_sft >= -10.246335|stoch_34_sft >= 2.83,LONG,Ret_96,318,212,1.2861,1.4019
willr_21_sft >= -73.610996|willr_24_sft >= -10.246335,LONG,Ret_96,318,212,1.2861,1.4019
willr_24_sft >= -10.246335|stoch_13_sft >= 28.17095|willr_24_sft >= -47.670113,LONG,Ret_96,318,212,1.2861,1.4019
willr_24_sft >= -10.246335|hour_sft >= 0.17,LONG,Ret_96,318,212,1.2861,1.4019
stoch_48_sft >= 89.911131|cci_8_sft <= 86.080036|stoch_120_sft >= 11.689374,LONG,Ret_72,237,173,1.3729,1.7327
cci_120_sft >= 2.29|willr_48_sft >= -8.48,LONG,Ret_96,244,170,1.2548,1.7965
cci_5_sft <= 85.088097|willr_55_sft <= -4.75|willr_55_sft >= -21.370929,LONG,Ret_72,334,233,1.2916,1.2771
willr_48_sft >= -21.491477|willr_24_sft <= -9.55|cci_21_sft <= 88.019604,LONG,Ret_72,304,213,1.2999,1.4931
willr_144_sft >= -7.24|stoch_144_sft >= 2.76,LONG,Ret_72,203,149,1.2983,1.4504
stoch_8_sft >= 51.812485|willr_24_sft >= -10.246335,LONG,Ret_96,317,212,1.2918,1.3587
cci_120_sft <= -4.17|cci_13_sft >= 87.3848,LONG,Ret_96,235,137,1.2898,1.0711
dow_sft <= 4.0|stoch_24_sft >= 76.799507|stoch_8_sft <= 51.812485,LONG,Ret_72,211,143,1.2962,1.5619
willr_8_sft >= -8.25|cci_200_sft >= -137.885281|cci_34_sft >= -0.34,LONG,Ret_96,320,219,1.3434,1.4901
cci_144_sft <= 10.995758|willr_5_sft >= -4.19|stoch_144_sft <= 78.792278,LONG,Ret_72,211,142,1.2858,1.235
willr_8_sft >= -73.652382|willr_21_sft >= -10.353555|cci_48_sft >= -6.21,LONG,Ret_96,319,211,1.2671,1.366
stoch_8_sft >= 85.06998|willr_21_sft >= -5.33|willr_24_sft >= -8.94,LONG,Ret_96,237,161,1.321,1.6495
willr_21_sft >= -10.353555|willr_200_sft >= -88.616528|cci_55_sft >= 90.122112,LONG,Ret_96,274,181,1.2681,1.8628
cci_34_sft >= -138.477072|willr_24_sft >= -10.246335,LONG,Ret_96,318,212,1.2861,1.4019
willr_21_sft >= -7.72|willr_55_sft >= -73.947689,LONG,Ret_96,309,210,1.2834,1.2101
cci_13_sft >= 87.3848|willr_5_sft >= -24.065987|willr_24_sft >= -7.79,LONG,Ret_96,303,200,1.2615,1.2121
willr_89_sft >= -74.489902|willr_48_sft >= -2.09,LONG,Ret_48,228,179,1.3484,1.0974
stoch_89_sft >= 91.019492|dow_sft >= 2.0|cci_21_sft <= Close_sft,LONG,Ret_72,207,157,1.3355,1.3408
willr_13_sft >= -7.66|willr_120_sft >= -46.861408,LONG,Ret_96,257,179,1.3201,1.5399
cci_13_sft >= 87.3848|cci_34_sft <= Close_sft|cci_120_sft <= -2.47,LONG,Ret_96,237,138,1.2592,1.1086
dow_sft >= 4.0|cci_120_sft >= 8.23,LONG,Ret_48,278,183,1.3142,1.2324
cci_48_sft <= 149.45737|stoch_48_sft >= 89.911131|stoch_5_sft >= 19.329134,LONG,Ret_72,211,152,1.517,1.5942
willr_24_sft >= -8.41,LONG,Ret_96,306,208,1.3304,1.3063
willr_48_sft >= -9.370427|willr_5_sft <= -4.67,LONG,Ret_96,255,179,1.2604,1.8122
willr_24_sft >= -10.246335|willr_120_sft <= 6.65,LONG,Ret_96,318,212,1.2861,1.4019
stoch_21_sft >= 27.418021|cci_120_sft >= -3.68|willr_48_sft >= -9.370427,LONG,Ret_96,251,175,1.2529,1.6991
stoch_5_sft >= 7.2|willr_13_sft >= -1.46|stoch_5_sft >= -0.14,LONG,Ret_48,232,188,1.2559,1.1368
willr_55_sft >= -21.370929|hour_sft >= 18.0,LONG,Ret_72,278,188,1.2802,1.7028
willr_48_sft >= -21.491477|stoch_13_sft >= 28.17095|hour_sft >= 21.0,LONG,Ret_96,210,150,1.4964,1.7018
stoch_55_sft >= 90.256581|stoch_5_sft <= 82.694817|stoch_89_sft >= 52.000851,LONG,Ret_96,204,147,1.2967,2.1318
stoch_144_sft >= 78.792278|cci_89_sft >= 92.295536,LONG,Ret_72,248,172,1.2504,1.4835
hour_sft >= 21.0|willr_24_sft >= -22.44638|stoch_21_sft <= 87.931494,LONG,Ret_72,237,149,1.3433,1.6773
stoch_144_sft <= Close_sft|willr_144_sft >= -7.22,LONG,Ret_72,202,149,1.3167,1.4504
willr_5_sft >= -3.07|cci_144_sft >= -78.18689,LONG,Ret_96,247,180,1.393,1.4897
willr_5_sft >= -5.68,LONG,Ret_96,335,228,1.2826,1.5733
willr_34_sft >= -22.086793|willr_13_sft >= -10.574783|hour_sft >= 12.0,LONG,Ret_96,256,184,1.2714,1.331
stoch_8_sft <= Close_sft|stoch_48_sft >= 89.911131|stoch_24_sft <= 88.371309,LONG,Ret_48,219,152,1.309,1.5171
stoch_5_sft <= 31.54893|stoch_5_sft <= 8.68,LONG,Ret_72,200,146,1.2862,1.2188
cci_48_sft >= 88.992592|cci_5_sft <= -81.500599|willr_5_sft <= -2.44,LONG,Ret_72,270,192,1.2827,1.1666
cci_5_sft <= -123.113646|cci_8_sft >= -81.673649,LONG,Ret_72,328,203,1.2796,1.1934
cci_89_sft >= -142.344937|willr_24_sft >= -6.43,LONG,Ret_96,291,199,1.2774,1.1172
willr_120_sft >= -6.72|cci_21_sft >= 88.019604,LONG,Ret_72,209,155,1.3015,1.4581
willr_24_sft >= -2.42|willr_55_sft <= 2.12,LONG,Ret_48,279,214,1.287,1.1614
willr_21_sft >= -5.73|dow_sft >= 3.0,LONG,Ret_72,276,196,1.2877,1.1999
hour_sft >= 21.0|stoch_5_sft <= 70.960163|cci_21_sft >= -80.637592,LONG,Ret_96,324,202,1.3102,1.3808
willr_13_sft >= -47.851532|willr_5_sft >= -3.45,LONG,Ret_96,289,200,1.3458,1.3477
stoch_21_sft >= 27.418021|cci_8_sft >= 4.68363|willr_24_sft >= -10.246335,LONG,Ret_96,318,212,1.2861,1.4019
stoch_5_sft <= 19.329134|stoch_21_sft >= 27.418021,LONG,Ret_96,294,184,1.2757,1.3928
willr_21_sft >= -7.2,LONG,Ret_96,305,210,1.2624,1.1783
willr_89_sft >= -8.693633|willr_120_sft <= Close_sft|willr_8_sft <= -4.27,LONG,Ret_96,210,144,1.3305,2.1042
cci_24_sft >= 147.996594|dow_sft >= 4.0|willr_120_sft >= -74.639439,LONG,Ret_96,251,174,1.2722,1.347
willr_24_sft >= -9.05,LONG,Ret_96,308,208,1.306,1.391
stoch_200_sft <= 53.92704|hour_sft <= 5.46|cci_48_sft >= -81.041885,LONG,Ret_96,217,128,1.2867,1.1096
stoch_55_sft >= 78.353447|willr_48_sft <= Close_sft|hour_sft <= 3.0,LONG,Ret_72,237,167,1.2883,1.2517
willr_24_sft >= -10.246335|cci_21_sft >= 4.947041,LONG,Ret_96,318,212,1.2861,1.4019
cci_144_sft >= 94.331154|willr_13_sft >= -10.574783,LONG,Ret_72,239,163,1.268,1.4348
willr_55_sft >= -21.370929|willr_13_sft >= -10.574783,LONG,Ret_96,267,186,1.2722,1.6698
hour_sft >= 21.0|willr_13_sft <= -9.77|willr_21_sft >= -47.765285,LONG,Ret_72,372,226,1.255,1.361
stoch_48_sft >= 78.212299|stoch_144_sft >= 78.792278,LONG,Ret_72,241,169,1.2813,1.6619
willr_55_sft <= Close_sft|willr_48_sft >= -1.94,LONG,Ret_48,222,174,1.3762,1.1318
willr_5_sft >= -11.066111|cci_144_sft >= 94.331154,LONG,Ret_72,233,167,1.2643,1.3635
cci_24_sft <= 7.57|cci_55_sft >= -5.16|willr_21_sft <= -73.610996,LONG,Ret_96,234,161,1.291,1.6128
willr_13_sft >= -2.45,LONG,Ret_48,305,254,1.2807,1.1373
stoch_48_sft >= -7.84|willr_24_sft >= -10.246335,LONG,Ret_96,318,212,1.2861,1.4019
cci_8_sft >= 86.080036|cci_5_sft >= 124.421092|stoch_89_sft >= 78.79277,LONG,Ret_96,206,146,1.2939,1.5864
willr_144_sft <= 0.04|willr_5_sft >= -5.65,LONG,Ret_96,335,228,1.2801,1.5805
cci_21_sft >= 147.514725|dow_sft >= 4.0,LONG,Ret_96,276,182,1.3131,1.1574
hour_sft >= 21.0|cci_34_sft >= 8.56,LONG,Ret_96,296,192,1.3156,1.3649
willr_21_sft <= 1.83|willr_5_sft >= -2.38,LONG,Ret_96,250,183,1.2881,1.2793
willr_34_sft >= -1.86,LONG,Ret_48,234,188,1.3927,1.1819
cci_13_sft >= 3.862034|willr_5_sft >= -2.71,LONG,Ret_96,255,181,1.3795,1.385
dow_sft >= 4.0|stoch_13_sft >= 86.61523,LONG,Ret_48,267,203,1.2911,0.892
willr_89_sft <= -47.90955|cci_48_sft >= 0.79,LONG,Ret_96,248,152,1.2741,1.2232
willr_24_sft >= -8.95|willr_21_sft >= -22.603128,LONG,Ret_96,308,208,1.2945,1.3908
willr_24_sft >= -6.43,LONG,Ret_96,291,199,1.2774,1.1172
stoch_21_sft >= 27.418021|stoch_13_sft >= 28.17095|stoch_5_sft <= 19.329134,LONG,Ret_96,252,161,1.4185,1.3045
cci_13_sft <= 141.797266|willr_55_sft >= -21.370929,LONG,Ret_72,345,238,1.2816,1.4538
stoch_5_sft >= 70.960163|stoch_55_sft <= 26.4082,LONG,Ret_48,263,161,1.3048,1.1396
willr_13_sft >= -1.7,LONG,Ret_48,257,200,1.3318,1.1641
stoch_48_sft <= 13.04039|willr_144_sft >= -88.512123|willr_5_sft >= -87.301361,LONG,Ret_96,207,132,1.2575,1.6848
willr_5_sft <= Close_sft|willr_48_sft >= -1.91,LONG,Ret_48,221,172,1.3516,1.1488
willr_5_sft <= -87.301361|willr_144_sft >= -46.708836,LONG,Ret_96,232,165,1.26,1.4579
cci_21_sft >= 4.947041|willr_8_sft <= -86.997574,LONG,Ret_96,209,141,1.393,1.0131
willr_24_sft >= -10.246335|cci_21_sft >= -140.709915,LONG,Ret_96,318,212,1.2861,1.4019
cci_24_sft <= 147.996594|willr_55_sft >= -8.65|cci_55_sft <= Close_sft,LONG,Ret_96,203,151,1.3629,1.8644
cci_13_sft >= -81.587856|cci_24_sft <= Close_sft|willr_24_sft >= -10.246335,LONG,Ret_96,318,212,1.2861,1.4019
willr_120_sft <= Close_sft|willr_24_sft <= Close_sft|willr_24_sft >= -10.246335,LONG,Ret_96,318,212,1.2861,1.4019
willr_34_sft >= -2.06|willr_48_sft >= -87.629999,LONG,Ret_48,250,195,1.3049,1.1892
willr_120_sft <= Close_sft|willr_24_sft >= -10.246335,LONG,Ret_96,318,212,1.2861,1.4019
willr_21_sft >= -22.603128|cci_21_sft <= 88.019604,LONG,Ret_96,296,192,1.3514,1.3316
willr_5_sft >= -5.58,LONG,Ret_96,335,228,1.2689,1.5614
stoch_5_sft >= 31.54893|willr_24_sft >= -10.246335,LONG,Ret_96,318,212,1.2861,1.4019
dow_sft >= 4.0|stoch_21_sft >= 76.412769,LONG,Ret_72,315,210,1.2912,1.1808
willr_89_sft >= -8.693633|willr_24_sft <= -8.94,LONG,Ret_48,244,179,1.2641,1.535
cci_55_sft <= Close_sft|cci_13_sft >= -81.587856|willr_144_sft <= -74.629684,LONG,Ret_96,205,122,1.3034,1.2932
willr_24_sft >= -8.62,LONG,Ret_96,306,208,1.3251,1.328
stoch_144_sft <= 78.792278|willr_8_sft >= -3.07,LONG,Ret_72,259,167,1.3934,1.1724
stoch_48_sft >= 78.212299|stoch_21_sft >= 1.21|willr_8_sft <= -48.025597,LONG,Ret_72,301,208,1.298,1.486
willr_48_sft >= -74.011829|willr_34_sft >= -9.820296|willr_5_sft <= -24.065987,LONG,Ret_72,204,152,1.4222,1.9295
cci_48_sft >= 6.09|stoch_48_sft <= 52.216015|stoch_13_sft >= -0.76,LONG,Ret_96,272,161,1.2696,1.3775
willr_24_sft >= -8.88,LONG,Ret_96,307,208,1.3257,1.3647
stoch_5_sft >= 70.960163|hour_sft >= 21.0|cci_21_sft <= 147.514725,LONG,Ret_96,245,170,1.2798,1.5217
willr_24_sft >= -1.6|stoch_21_sft >= 15.006661,LONG,Ret_48,218,175,1.3176,1.1974
stoch_13_sft <= 51.977692|stoch_48_sft >= 78.212299|willr_34_sft <= -9.820296,LONG,Ret_48,216,163,1.4452,1.3989
cci_5_sft <= 85.088097|willr_55_sft >= -9.120182|willr_55_sft <= -0.19,LONG,Ret_96,203,145,1.2731,1.8435
willr_13_sft >= -10.574783|cci_48_sft >= 6.552284,LONG,Ret_96,319,212,1.2706,1.6099
cci_24_sft >= -80.498276|willr_24_sft >= -10.246335,LONG,Ret_96,318,212,1.2861,1.4019
willr_48_sft <= -4.64|willr_34_sft >= -9.820296,LONG,Ret_96,285,188,1.3461,1.462
hour_sft >= 21.0|stoch_120_sft >= 78.952785,LONG,Ret_48,234,175,1.2872,1.3514
stoch_55_sft >= 12.843636|willr_5_sft >= -3.73,LONG,Ret_96,299,210,1.2777,1.4045
willr_200_sft <= -5.89|stoch_89_sft >= 91.019492,LONG,Ret_48,243,179,1.2861,1.1772
cci_5_sft <= Close_sft|willr_24_sft >= -10.246335,LONG,Ret_96,318,212,1.2861,1.4019
stoch_48_sft >= 78.212299|willr_5_sft >= -87.301361|cci_34_sft <= 88.784065,LONG,Ret_96,241,162,1.3023,1.5931
cci_34_sft >= -0.53|willr_8_sft >= -8.48,LONG,Ret_96,324,221,1.3132,1.4664
willr_21_sft >= -1.7,LONG,Ret_48,232,195,1.3051,1.0412
willr_34_sft >= -2.02|stoch_89_sft >= 3.16,LONG,Ret_48,246,194,1.3466,1.1637
cci_21_sft <= 4.947041|cci_120_sft <= -78.925987|stoch_55_sft >= 26.4082,LONG,Ret_72,206,117,1.2992,0.7588
willr_13_sft <= -10.574783|willr_89_sft >= -8.693633,LONG,Ret_48,255,184,1.2861,1.7551
willr_48_sft >= -47.676697|cci_13_sft <= 3.862034|hour_sft >= 18.0,LONG,Ret_72,265,171,1.328,1.4702
willr_24_sft >= -6.76,LONG,Ret_96,297,199,1.2799,1.1813
cci_5_sft <= Close_sft|willr_24_sft >= -2.43|stoch_144_sft <= Close_sft,LONG,Ret_48,279,215,1.287,1.159
willr_13_sft >= -73.803139|willr_55_sft <= -47.785381|stoch_48_sft <= 13.04039,LONG,Ret_48,231,145,1.3005,1.4601
hour_sft >= 21.0|willr_5_sft <= -87.301361,LONG,Ret_96,224,145,1.3523,2.0576
willr_55_sft >= -21.370929|stoch_48_sft <= 78.212299|cci_21_sft >= 88.019604,LONG,Ret_96,214,144,1.2785,1.68
stoch_13_sft >= 75.253738|cci_55_sft >= 5.796585|stoch_34_sft >= 77.567905,LONG,Ret_96,304,202,1.2657,1.4779
hour_sft >= 21.0|cci_144_sft >= 94.331154|cci_8_sft <= Close_sft,LONG,Ret_72,201,135,1.299,1.5052
cci_34_sft <= 147.839603|stoch_48_sft >= 89.911131,LONG,Ret_72,219,156,1.3857,1.6114
hour_sft >= 21.0|cci_34_sft >= 6.66,LONG,Ret_96,297,194,1.2935,1.346
stoch_120_sft >= 25.286335|willr_21_sft >= -1.76,LONG,Ret_48,228,190,1.2812,1.0959
willr_34_sft >= -22.086793|stoch_55_sft >= 90.256581|cci_13_sft <= 87.3848,LONG,Ret_48,217,167,1.4081,1.2568
stoch_13_sft >= -9.83|willr_24_sft >= -10.246335,LONG,Ret_96,318,212,1.2861,1.4019
stoch_21_sft <= 76.412769|stoch_89_sft >= 78.79277,LONG,Ret_96,216,149,1.3057,1.7534
willr_48_sft >= -47.676697|stoch_5_sft <= 19.329134,LONG,Ret_96,218,149,1.2521,1.3824
stoch_24_sft >= 27.203917|willr_24_sft >= -8.44,LONG,Ret_96,306,208,1.3304,1.3063
cci_34_sft >= -7.31|dow_sft >= 4.0,LONG,Ret_72,348,228,1.3088,1.2011
willr_120_sft <= Close_sft|willr_24_sft >= -6.74|willr_34_sft <= 8.3,LONG,Ret_96,297,199,1.2799,1.181
willr_13_sft >= -3.11,LONG,Ret_48,358,280,1.2541,1.1947
cci_13_sft <= -3.21|stoch_55_sft >= 78.353447,LONG,Ret_48,277,199,1.3371,1.5355
willr_89_sft >= -8.693633|cci_24_sft <= Close_sft|willr_34_sft <= -6.56,LONG,Ret_48,267,194,1.3093,1.3948
cci_24_sft >= -1.15|willr_8_sft <= -86.997574,LONG,Ret_96,233,156,1.2695,1.1599
willr_13_sft >= -2.62,LONG,Ret_48,319,263,1.3062,1.1882
cci_21_sft >= 147.514725|willr_13_sft >= -2.96,LONG,Ret_72,215,169,1.3415,1.1336
willr_34_sft >= -9.820296|hour_sft >= 6.3,LONG,Ret_96,286,188,1.2822,1.5764
willr_89_sft >= -20.964468|cci_34_sft <= 88.784065,LONG,Ret_48,298,218,1.2583,1.4512
willr_21_sft <= -47.765285|stoch_89_sft >= 78.79277,LONG,Ret_48,219,165,1.2727,1.5007
stoch_55_sft >= 78.353447|stoch_34_sft >= 26.853738|cci_34_sft <= 88.784065,LONG,Ret_96,239,166,1.2796,1.4397
cci_13_sft <= 9.57|willr_34_sft >= -22.086793,LONG,Ret_48,223,175,1.2979,1.3577
cci_21_sft <= -140.709915|willr_13_sft >= -73.803139,LONG,Ret_96,233,140,1.2771,1.3564
stoch_34_sft >= 77.567905|cci_5_sft <= 3.1|stoch_5_sft >= -8.36,LONG,Ret_96,293,195,1.2741,1.5369
cci_34_sft >= 2.78|willr_24_sft >= -10.246335|dow_sft <= 4.0,LONG,Ret_96,302,199,1.2606,1.4404
willr_200_sft <= 8.35|willr_34_sft >= -1.79,LONG,Ret_48,230,185,1.4057,1.1948
willr_34_sft >= -2.46|stoch_120_sft >= -0.78,LONG,Ret_48,274,206,1.2644,1.2625
willr_24_sft >= -7.59,LONG,Ret_96,304,202,1.3362,1.257
willr_24_sft >= -1.92,LONG,Ret_48,245,191,1.3773,1.1335
willr_144_sft >= -21.067403|cci_34_sft <= 147.839603|stoch_13_sft <= Close_sft,LONG,Ret_72,263,183,1.2903,1.5864
willr_24_sft <= -10.246335|willr_144_sft >= -21.067403,LONG,Ret_72,267,184,1.2572,1.4985
hour_sft >= 21.0|cci_34_sft >= 7.31,LONG,Ret_96,296,194,1.2953,1.346
willr_55_sft >= -9.120182|cci_13_sft <= 141.797266,LONG,Ret_96,220,155,1.3092,2.0621
stoch_120_sft <= 78.952785|stoch_48_sft >= 78.212299|willr_8_sft <= -23.412279,LONG,Ret_72,209,121,1.3441,1.3839
cci_21_sft <= Close_sft|stoch_48_sft >= 89.911131|willr_8_sft >= -8.78,LONG,Ret_96,205,147,1.2532,2.0253
willr_13_sft >= -2.58|stoch_24_sft <= Close_sft,LONG,Ret_48,317,262,1.2848,1.1724
willr_5_sft >= -3.67|cci_144_sft <= Close_sft|stoch_55_sft >= 2.66,LONG,Ret_96,300,213,1.2754,1.3728
willr_48_sft >= -2.09|stoch_24_sft <= Close_sft,LONG,Ret_48,228,179,1.3484,1.0974
stoch_144_sft <= 25.448192|cci_89_sft >= -142.344937|willr_120_sft <= -46.861408,LONG,Ret_96,207,117,1.2506,1.293
stoch_8_sft <= 85.06998|willr_89_sft >= -8.36,LONG,Ret_96,200,135,1.3338,1.7897
willr_13_sft >= -9.9|stoch_89_sft >= 78.79277,LONG,Ret_72,246,177,1.2505,1.4568
stoch_13_sft >= 16.079409|willr_55_sft >= -21.370929|cci_48_sft <= 88.992592,LONG,Ret_72,246,176,1.3905,1.5815
willr_21_sft >= -86.620166|willr_24_sft >= -8.85,LONG,Ret_96,306,208,1.3471,1.3638
cci_8_sft <= Close_sft|willr_34_sft >= -1.87,LONG,Ret_48,234,188,1.3927,1.1819
cci_24_sft <= 147.996594|stoch_55_sft >= 90.256581,LONG,Ret_96,200,145,1.3665,1.819
dow_sft >= 4.0|cci_24_sft >= 7.6|cci_200_sft <= 96.296295,LONG,Ret_96,297,179,1.2528,1.4527
stoch_48_sft >= 89.911131|willr_55_sft >= -9.120182,LONG,Ret_48,310,225,1.283,1.4646
stoch_34_sft >= 77.567905|cci_13_sft <= -4.53,LONG,Ret_72,249,161,1.2508,1.6876
stoch_120_sft >= 53.260605|stoch_55_sft >= 78.353447|stoch_13_sft >= 75.253738,LONG,Ret_96,255,170,1.3009,1.723
willr_55_sft >= -87.779292|willr_13_sft >= -3.18,LONG,Ret_48,362,283,1.2607,1.2164
dow_sft >= 4.0|cci_89_sft >= 6.709311|willr_55_sft <= -0.24,LONG,Ret_72,296,202,1.2634,1.176
willr_13_sft >= -47.851532|willr_13_sft <= Close_sft|willr_5_sft >= -2.53,LONG,Ret_96,246,178,1.3692,1.2606
stoch_89_sft <= 78.79277|willr_21_sft >= -47.765285|cci_89_sft >= 6.709311,LONG,Ret_96,299,199,1.314,1.4414
stoch_144_sft >= 78.792278|willr_48_sft >= -47.676697,LONG,Ret_72,264,183,1.2573,1.5884
willr_24_sft >= -2.25|willr_144_sft <= Close_sft,LONG,Ret_48,269,208,1.3128,1.1095
willr_144_sft >= -9.28|stoch_8_sft >= 73.685162,LONG,Ret_72,204,149,1.2943,1.4509
willr_48_sft >= -21.491477|dow_sft >= 4.0,LONG,Ret_72,272,189,1.4457,1.1609
cci_13_sft >= 141.797266|cci_200_sft <= 13.842159,LONG,Ret_96,201,125,1.283,1.0677
cci_89_sft >= 92.295536|stoch_200_sft >= 53.92704|stoch_8_sft <= 73.685162,LONG,Ret_48,313,222,1.2978,1.2532
cci_55_sft >= 5.796585|willr_8_sft >= -6.44|stoch_21_sft <= 76.412769,LONG,Ret_72,210,165,1.2996,1.4678
stoch_89_sft >= 78.79277|willr_24_sft >= -10.246335|stoch_48_sft <= Close_sft,LONG,Ret_96,220,150,1.2552,2.2222
cci_144_sft >= 94.331154|willr_5_sft >= -24.065987,LONG,Ret_72,261,179,1.2814,1.541
cci_5_sft >= -123.113646|willr_48_sft >= -9.370427|willr_5_sft <= -11.066111,LONG,Ret_72,277,196,1.3104,1.6174
stoch_48_sft >= 78.212299|cci_8_sft <= -0.02,LONG,Ret_72,287,203,1.28,1.4138
willr_200_sft >= -46.133034|cci_21_sft >= -140.709915|willr_5_sft <= -73.2911,LONG,Ret_96,250,169,1.253,1.7147
cci_34_sft >= 6.342597|willr_120_sft >= -46.861408|hour_sft >= 21.0,LONG,Ret_96,238,154,1.3511,1.7568
willr_89_sft >= -20.964468|stoch_55_sft >= 12.843636|willr_144_sft >= -7.22,LONG,Ret_72,202,149,1.3167,1.4504
willr_13_sft >= -2.18|willr_8_sft >= -48.025597,LONG,Ret_48,291,235,1.3308,1.1573
willr_144_sft <= Close_sft|willr_48_sft >= -47.676697|willr_13_sft >= -10.574783,LONG,Ret_96,318,211,1.384,1.673
willr_21_sft <= Close_sft|willr_13_sft >= -1.84,LONG,Ret_48,269,211,1.2807,1.266
cci_48_sft >= -140.018719|willr_21_sft >= -2.12,LONG,Ret_48,264,219,1.2766,1.062
cci_8_sft >= 135.660733|cci_89_sft >= 92.295536|stoch_34_sft <= 89.12438,LONG,Ret_72,261,166,1.2771,1.1969
willr_5_sft >= -5.8,LONG,Ret_96,335,229,1.2925,1.5849
stoch_200_sft >= 11.452757|willr_21_sft >= -7.44,LONG,Ret_96,306,211,1.2694,1.184
cci_144_sft <= 94.331154|cci_89_sft >= 6.709311|willr_48_sft >= -21.491477,LONG,Ret_72,245,160,1.3558,1.5286
dow_sft >= 3.0|willr_48_sft >= -9.370427,LONG,Ret_72,255,184,1.2562,1.2934
willr_55_sft >= -5.87|cci_200_sft <= 158.465622,LONG,Ret_72,233,171,1.3012,1.7984
stoch_144_sft >= 78.792278|cci_5_sft <= 85.088097,LONG,Ret_72,265,184,1.2641,1.595
cci_21_sft <= Close_sft|willr_24_sft >= -2.68,LONG,Ret_48,298,226,1.2741,1.2118
willr_144_sft >= -21.067403|cci_21_sft >= 147.514725,LONG,Ret_72,234,166,1.2647,1.5248
stoch_13_sft >= 28.17095|stoch_5_sft <= 19.329134,LONG,Ret_96,263,165,1.252,1.2464
willr_21_sft >= -7.92,LONG,Ret_96,311,211,1.2518,1.238
stoch_89_sft >= 78.79277|willr_5_sft >= -9.97,LONG,Ret_96,203,148,1.3458,1.9405
stoch_144_sft >= 11.597828|willr_24_sft >= -8.81,LONG,Ret_96,306,208,1.3333,1.3705
stoch_24_sft >= 76.799507|stoch_144_sft >= 78.792278,LONG,Ret_72,238,168,1.3835,1.6394
willr_24_sft >= -8.26|cci_8_sft >= -81.673649,LONG,Ret_96,306,208,1.3229,1.3091
cci_24_sft >= -80.498276|willr_24_sft >= -10.246335|willr_21_sft <= Close_sft,LONG,Ret_96,318,212,1.2861,1.4019
stoch_120_sft <= Close_sft|willr_24_sft >= -2.05,LONG,Ret_48,254,201,1.4119,1.1477
willr_120_sft >= -7.1,LONG,Ret_72,212,156,1.2941,1.4885
cci_89_sft >= 6.709311|stoch_5_sft <= 70.960163|willr_21_sft >= -22.603128,LONG,Ret_72,344,217,1.2699,1.6843
willr_120_sft <= 1.93|cci_48_sft >= 6.552284|willr_21_sft <= -73.610996,LONG,Ret_96,209,134,1.3032,1.6105
cci_34_sft >= 9.83|dow_sft >= 4.0,LONG,Ret_72,345,227,1.2695,1.2145
dow_sft >= 4.0|stoch_34_sft >= 89.12438|stoch_34_sft >= -3.84,LONG,Ret_72,201,149,1.3173,1.2142
willr_55_sft >= -21.370929|cci_5_sft <= -81.500599|hour_sft >= 6.0,LONG,Ret_72,211,143,1.4574,1.1241
willr_21_sft >= -10.353555|willr_13_sft <= Close_sft|hour_sft >= 6.0,LONG,Ret_96,319,217,1.2706,1.294
dow_sft >= 4.0|stoch_21_sft >= 52.372257,LONG,Ret_48,356,230,1.2501,1.0819
cci_21_sft <= 147.514725|willr_89_sft >= -9.34,LONG,Ret_48,261,194,1.253,1.5349
stoch_5_sft <= 8.63|cci_13_sft <= 3.862034,LONG,Ret_48,227,167,1.2981,0.9861
willr_24_sft >= -8.75|dow_sft >= 1.0,LONG,Ret_96,306,208,1.3448,1.3628
willr_120_sft >= -74.639439|willr_5_sft <= Close_sft|willr_24_sft >= -7.63,LONG,Ret_96,299,199,1.3016,1.2845
willr_13_sft <= -7.74|stoch_8_sft <= Close_sft|cci_55_sft >= 149.44968,LONG,Ret_96,246,167,1.265,1.7313
cci_24_sft >= -6.24|willr_24_sft >= -10.246335,LONG,Ret_96,318,212,1.2861,1.4019
willr_120_sft >= -6.31,LONG,Ret_72,209,155,1.2627,1.3431
willr_5_sft >= -2.33|willr_5_sft <= Close_sft,LONG,Ret_96,250,182,1.2653,1.2678
willr_34_sft >= -9.820296|willr_5_sft <= -9.75,LONG,Ret_96,267,175,1.2862,1.8778
cci_5_sft >= 124.421092|hour_sft >= 18.0,LONG,Ret_48,355,214,1.2896,1.0659
willr_5_sft <= Close_sft|willr_120_sft >= -6.96,LONG,Ret_72,211,156,1.2677,1.4895
willr_34_sft >= -22.086793|stoch_13_sft <= 51.977692|willr_24_sft >= -86.77827,LONG,Ret_48,239,150,1.3471,1.5089
willr_144_sft >= -21.067403|cci_34_sft <= 147.839603,LONG,Ret_72,263,183,1.2903,1.5864
cci_13_sft >= 8.52|willr_5_sft >= -2.18,LONG,Ret_72,268,197,1.3378,1.0667
willr_48_sft >= -2.01|cci_55_sft >= -81.256191,LONG,Ret_48,224,176,1.3658,1.1162
willr_89_sft >= -20.964468|stoch_55_sft <= 78.353447,LONG,Ret_96,216,146,1.26,1.751
cci_89_sft >= 92.295536|willr_144_sft <= -21.067403,LONG,Ret_72,210,132,1.2559,1.0059
cci_89_sft >= 92.295536|dow_sft >= 4.0,LONG,Ret_72,226,158,1.2768,1.224
stoch_144_sft >= 78.792278|cci_8_sft >= 8.06,LONG,Ret_72,262,181,1.2765,1.5161
stoch_24_sft >= 27.203917|stoch_89_sft >= 91.019492|willr_24_sft <= -10.246335,LONG,Ret_48,254,190,1.2668,1.1355
willr_13_sft <= -47.851532|willr_34_sft <= Close_sft|willr_48_sft >= -21.491477,LONG,Ret_48,224,169,1.4568,1.3767
willr_8_sft <= -10.769713|willr_8_sft >= -23.412279|willr_5_sft >= -11.066111,LONG,Ret_72,221,151,1.3713,1.4541
willr_24_sft >= -10.246335|willr_48_sft <= -4.95,LONG,Ret_96,306,201,1.268,1.4751
cci_144_sft >= 10.995758|cci_21_sft >= 4.947041|willr_24_sft >= -10.246335,LONG,Ret_72,314,210,1.3172,1.4752
stoch_120_sft <= 78.952785|willr_89_sft <= 2.72|willr_55_sft >= -21.370929,LONG,Ret_72,262,157,1.3786,1.5915
cci_144_sft >= -4.32|dow_sft >= 4.0,LONG,Ret_48,283,187,1.3125,1.1781
cci_24_sft <= -8.05|cci_55_sft >= -2.49,LONG,Ret_96,286,193,1.2536,1.4191
willr_24_sft >= -6.86|hour_sft >= 3.0,LONG,Ret_96,293,196,1.2778,1.1875
hour_sft >= 21.0|stoch_48_sft >= 52.216015,LONG,Ret_72,351,228,1.251,1.3399
willr_120_sft >= -7.0,LONG,Ret_72,212,156,1.2708,1.4834
willr_5_sft >= -3.1|willr_8_sft <= 6.29,LONG,Ret_96,277,205,1.3969,1.3239
willr_21_sft <= -10.353555|willr_55_sft >= -47.785381|willr_55_sft >= -9.120182,LONG,Ret_48,241,186,1.4238,1.2712
cci_200_sft >= 96.296295|willr_34_sft <= 6.64|cci_13_sft <= 3.862034,LONG,Ret_48,236,167,1.2704,1.1256
willr_21_sft <= -10.353555|willr_48_sft >= -9.370427,LONG,Ret_48,254,182,1.3528,1.4429
willr_24_sft >= -10.246335|cci_120_sft <= Close_sft,LONG,Ret_96,318,212,1.2861,1.4019
willr_24_sft >= -10.246335|cci_144_sft >= -78.18689,LONG,Ret_96,313,208,1.2712,1.526
willr_120_sft >= -46.861408|willr_34_sft >= -9.820296,LONG,Ret_96,258,179,1.2659,1.4756
willr_120_sft <= -8.566356|willr_34_sft >= -9.820296,LONG,Ret_96,236,141,1.2516,1.3997
cci_21_sft >= -80.637592|willr_24_sft >= -10.246335|willr_21_sft <= 2.72,LONG,Ret_96,318,212,1.2861,1.4019
cci_200_sft <= 158.465622|stoch_48_sft >= 89.911131,LONG,Ret_72,221,168,1.3262,1.8572
dow_sft >= 4.0|cci_55_sft >= 5.796585|stoch_89_sft >= 52.000851,LONG,Ret_72,279,190,1.3137,1.2642
stoch_144_sft >= -9.03|willr_24_sft >= -10.246335,LONG,Ret_96,318,212,1.2861,1.4019
stoch_34_sft >= 52.578186|willr_34_sft >= -73.735023|willr_13_sft >= -10.574783,LONG,Ret_96,320,216,1.3067,1.4611
cci_144_sft >= 6.73|stoch_120_sft <= 78.952785|willr_55_sft >= -21.370929,LONG,Ret_72,231,136,1.4153,1.7799
willr_8_sft >= -10.769713|stoch_5_sft <= 70.960163|cci_89_sft <= 151.437155,LONG,Ret_48,343,248,1.2584,1.26
cci_13_sft <= 1.79|cci_89_sft >= 0.53,LONG,Ret_96,291,196,1.2581,1.5817
stoch_120_sft >= 53.260605|willr_8_sft <= Close_sft|willr_24_sft >= -10.246335,LONG,Ret_72,312,207,1.2519,1.6264
cci_55_sft >= -8.99|willr_24_sft >= -9.08,LONG,Ret_96,301,202,1.2705,1.4882
willr_21_sft >= -7.66,LONG,Ret_96,310,211,1.2536,1.198
willr_120_sft >= -6.39,LONG,Ret_72,209,155,1.2751,1.3419
willr_24_sft >= -47.670113|willr_24_sft >= -2.23,LONG,Ret_48,268,205,1.3204,1.1153
willr_89_sft >= -8.693633|stoch_144_sft >= 78.792278,LONG,Ret_72,213,156,1.2955,1.3189
stoch_8_sft <= 85.06998|stoch_89_sft >= 91.019492,LONG,Ret_48,240,182,1.3291,1.3895
dow_sft >= 4.0|cci_24_sft >= 147.996594,LONG,Ret_96,257,176,1.3186,1.312
stoch_13_sft >= 3.39|hour_sft >= 18.0|stoch_21_sft >= 87.931494,LONG,Ret_96,202,147,1.3978,1.5052
stoch_89_sft <= 91.019492|willr_8_sft >= -2.61,LONG,Ret_72,262,194,1.2785,1.2782
willr_120_sft >= -6.66|willr_48_sft <= Close_sft,LONG,Ret_72,211,156,1.2555,1.4347
stoch_89_sft >= 78.79277|hour_sft >= 18.0,LONG,Ret_72,246,174,1.3004,1.6279
cci_13_sft >= -81.587856|willr_144_sft <= -74.629684,LONG,Ret_96,205,122,1.3034,1.2932
stoch_144_sft >= 78.792278|willr_5_sft >= -73.2911,LONG,Ret_72,266,183,1.2501,1.5562
willr_89_sft >= -20.964468|willr_8_sft >= -73.652382|cci_21_sft <= 88.019604,LONG,Ret_96,217,153,1.3002,2.0828
cci_13_sft <= 4.05|stoch_24_sft >= 76.799507,LONG,Ret_72,224,160,1.2629,1.3046
willr_5_sft >= -3.3,LONG,Ret_96,286,205,1.3607,1.352
hour_sft >= 21.0|willr_34_sft >= -73.735023|willr_13_sft >= -22.987964,LONG,Ret_72,280,187,1.4084,1.3633
willr_24_sft >= -6.84|cci_48_sft <= Close_sft,LONG,Ret_96,297,199,1.2929,1.1939
willr_5_sft <= -87.301361|cci_5_sft >= -81.500599,LONG,Ret_96,234,152,1.3317,1.4599
stoch_8_sft >= 29.39655|willr_24_sft >= -10.246335,LONG,Ret_96,318,212,1.2861,1.4019
willr_55_sft >= -9.120182|willr_5_sft <= 2.41|willr_120_sft <= -8.566356,LONG,Ret_72,204,129,1.302,1.3777
willr_5_sft >= -24.065987|stoch_89_sft >= 78.79277|cci_120_sft <= 153.230298,LONG,Ret_96,203,147,1.4627,1.7244
willr_55_sft <= -0.33|stoch_55_sft >= 90.256581|stoch_8_sft <= 85.06998,LONG,Ret_96,200,145,1.2539,1.8772
willr_34_sft >= -22.086793|willr_13_sft >= -8.46,LONG,Ret_96,291,195,1.3493,1.3414
stoch_13_sft <= 51.977692|willr_34_sft >= -22.086793|stoch_34_sft <= Close_sft,LONG,Ret_48,239,150,1.3471,1.5089
willr_24_sft >= -47.670113|hour_sft >= 18.0,LONG,Ret_96,350,221,1.2591,1.1852
willr_34_sft >= -22.086793|cci_5_sft >= 85.088097|cci_24_sft >= 88.543152,LONG,Ret_96,325,207,1.2532,1.639
stoch_120_sft <= 78.952785|willr_55_sft >= -21.370929|willr_8_sft >= -23.412279,LONG,Ret_72,249,148,1.3988,1.4327
willr_48_sft >= -7.07|cci_144_sft >= -3.57,LONG,Ret_96,233,165,1.2591,1.8288
cci_24_sft >= -6.63|willr_24_sft >= -10.246335,LONG,Ret_96,318,212,1.2861,1.4019
stoch_5_sft <= Close_sft|willr_55_sft >= -9.120182|willr_24_sft <= -7.21,LONG,Ret_96,220,163,1.3794,1.634
willr_48_sft >= -8.47|cci_24_sft <= Close_sft|dow_sft >= 4.0,LONG,Ret_72,210,149,1.2756,1.1755
cci_200_sft <= Close_sft|cci_13_sft <= 141.797266|willr_21_sft >= -10.353555,LONG,Ret_96,286,189,1.3249,1.8427
stoch_13_sft >= 51.977692|hour_sft >= 21.0,LONG,Ret_96,305,193,1.3251,1.3509
stoch_55_sft >= 90.256581|willr_120_sft <= -0.83|stoch_21_sft <= 87.931494,LONG,Ret_48,224,158,1.3243,1.4755
stoch_89_sft >= 78.79277|willr_34_sft >= -9.820296|willr_144_sft <= Close_sft,LONG,Ret_96,219,150,1.2657,2.1921
willr_120_sft >= -6.68,LONG,Ret_72,211,156,1.256,1.4366
willr_24_sft >= -6.29|willr_21_sft >= -10.353555|cci_8_sft <= Close_sft,LONG,Ret_96,288,198,1.2713,1.0971
willr_24_sft >= -8.83|willr_120_sft <= Close_sft,LONG,Ret_96,306,208,1.3471,1.3712
stoch_8_sft <= 85.06998|willr_89_sft >= -8.693633|willr_144_sft <= Close_sft,LONG,Ret_96,202,137,1.295,1.8032
stoch_55_sft >= 78.353447|cci_8_sft <= 4.68363,LONG,Ret_72,280,197,1.2925,1.5202
willr_13_sft >= -86.712366|willr_8_sft <= 6.71|willr_24_sft >= -7.65,LONG,Ret_96,304,202,1.3361,1.262
stoch_120_sft >= 78.952785|willr_144_sft >= -21.067403,LONG,Ret_72,261,180,1.2954,1.5022
willr_144_sft >= -21.067403|willr_48_sft <= Close_sft|cci_21_sft >= 147.514725,LONG,Ret_72,234,166,1.2647,1.5248
cci_200_sft <= 158.465622|stoch_55_sft >= 90.256581,LONG,Ret_72,213,163,1.4187,2.0869
stoch_55_sft >= 52.002857|willr_13_sft <= -47.851532|willr_48_sft >= -21.491477,LONG,Ret_48,224,169,1.4568,1.3767
willr_120_sft >= -7.33|cci_21_sft >= -4.18,LONG,Ret_72,214,156,1.2767,1.504
willr_48_sft >= -21.491477|willr_34_sft >= -87.072878|cci_5_sft <= 85.088097,LONG,Ret_72,347,238,1.2583,1.3319
willr_21_sft <= -10.353555|stoch_89_sft >= 6.21|willr_34_sft >= -9.820296,LONG,Ret_72,211,144,1.304,2.4514
cci_48_sft <= 149.45737|stoch_89_sft >= 25.644902|stoch_48_sft >= 89.911131,LONG,Ret_72,210,152,1.5397,1.5942
willr_89_sft <= -8.693633|willr_34_sft >= -9.820296|cci_8_sft >= 86.080036,LONG,Ret_96,230,138,1.2669,1.5033
hour_sft <= 1.02|stoch_5_sft <= 31.54893|cci_24_sft <= 147.996594,LONG,Ret_96,239,145,1.3654,1.5465
cci_5_sft >= 85.088097|willr_5_sft >= -5.71,LONG,Ret_96,324,224,1.2678,1.5263
willr_24_sft >= -8.56|willr_13_sft >= -47.851532,LONG,Ret_96,306,208,1.3265,1.3288
cci_48_sft <= 149.45737|willr_55_sft >= -9.72,LONG,Ret_48,274,214,1.2988,1.378
cci_144_sft >= 94.331154|hour_sft >= 21.0,LONG,Ret_72,201,135,1.299,1.5052
stoch_144_sft >= 53.37355|dow_sft >= 3.42,LONG,Ret_48,264,173,1.3611,1.2315
willr_24_sft >= -2.07|cci_13_sft >= -81.587856,LONG,Ret_48,255,202,1.4344,1.1123
willr_144_sft >= -7.48|cci_13_sft >= 7.5,LONG,Ret_72,204,151,1.2909,1.4779
willr_5_sft <= 6.69|willr_24_sft >= -9.0,LONG,Ret_96,308,208,1.306,1.3906
hour_sft >= 21.0|willr_5_sft >= -11.066111,LONG,Ret_48,264,181,1.422,1.4045
stoch_24_sft >= 76.799507|cci_34_sft <= 88.784065|cci_55_sft >= 90.122112,LONG,Ret_72,210,150,1.3401,1.885
willr_13_sft >= -1.72|willr_5_sft >= -24.065987,LONG,Ret_48,260,200,1.3002,1.1641
cci_200_sft <= Close_sft|willr_13_sft >= -3.0,LONG,Ret_48,349,276,1.3117,1.1723
stoch_8_sft <= 29.39655|stoch_8_sft <= 29.39655|willr_48_sft >= -47.676697,LONG,Ret_72,337,220,1.3374,1.2991
hour_sft >= 21.0|cci_144_sft >= -8.21|cci_55_sft >= -7.95,LONG,Ret_72,296,196,1.2648,1.3718
willr_8_sft >= -10.769713|cci_48_sft >= 6.552284|willr_5_sft <= Close_sft,LONG,Ret_96,325,212,1.2544,1.4945
willr_24_sft >= -9.61,LONG,Ret_96,313,210,1.2703,1.4018
stoch_48_sft >= 89.911131|stoch_24_sft <= 88.371309,LONG,Ret_48,219,152,1.309,1.5171
stoch_24_sft >= 88.371309|stoch_8_sft <= 85.06998|stoch_48_sft >= 89.911131,LONG,Ret_72,210,157,1.3232,1.9496
cci_13_sft <= 0.79|cci_200_sft >= 96.296295,LONG,Ret_48,234,167,1.2683,1.1318
cci_89_sft <= Close_sft|willr_24_sft >= -10.246335|cci_8_sft >= -81.673649,LONG,Ret_96,318,212,1.2861,1.4019
willr_144_sft >= -21.067403|willr_55_sft >= -21.370929|willr_13_sft <= 7.61,LONG,Ret_72,256,180,1.2734,1.4584
cci_144_sft <= Close_sft|willr_24_sft >= -10.246335,LONG,Ret_96,318,212,1.2861,1.4019
willr_5_sft >= -3.53|willr_144_sft >= -46.708836|stoch_34_sft <= Close_sft,LONG,Ret_48,287,221,1.2545,1.4203
stoch_21_sft >= 87.931494|willr_89_sft >= -47.90955,LONG,Ret_96,253,183,1.3044,1.4442
willr_24_sft >= -1.84|willr_24_sft >= -22.44638,LONG,Ret_48,238,188,1.357,1.1195
stoch_48_sft <= 78.212299|cci_13_sft >= 3.862034|cci_55_sft >= 90.122112,LONG,Ret_96,252,159,1.2533,1.6715
cci_120_sft >= -9.55|cci_144_sft <= 7.18,LONG,Ret_72,208,120,1.2723,1.433
cci_144_sft >= 94.331154|cci_13_sft <= 141.797266,LONG,Ret_72,264,177,1.2627,1.7341
stoch_5_sft >= 19.329134|cci_5_sft <= 124.421092|willr_89_sft >= -8.693633,LONG,Ret_96,203,141,1.2623,2.2543
cci_21_sft >= -5.02|willr_24_sft >= -9.85,LONG,Ret_96,315,210,1.2678,1.4018
willr_8_sft >= -10.769713|cci_34_sft >= 6.342597,LONG,Ret_96,339,225,1.251,1.4762
willr_120_sft >= -46.861408|willr_144_sft >= -7.42,LONG,Ret_72,204,151,1.2866,1.4581
willr_200_sft <= Close_sft|willr_144_sft >= -21.067403|cci_5_sft <= 85.088097,LONG,Ret_72,261,181,1.2662,1.5667
stoch_55_sft >= 78.353447|willr_48_sft <= 4.92|hour_sft <= 4.77,LONG,Ret_72,243,170,1.3452,1.2263
willr_13_sft <= -47.851532|willr_48_sft >= -21.491477,LONG,Ret_48,224,169,1.4568,1.3767
willr_5_sft >= -2.64|stoch_24_sft >= 5.65,LONG,Ret_96,260,188,1.2512,1.3001
willr_144_sft >= -7.36|hour_sft <= Close_sft,LONG,Ret_72,203,151,1.2995,1.4234
willr_24_sft <= -22.44638|dow_sft >= 4.0|cci_144_sft >= 10.995758,LONG,Ret_48,252,167,1.2846,1.2549
dow_sft <= Close_sft|willr_24_sft >= -10.246335,LONG,Ret_96,318,212,1.2861,1.4019
cci_5_sft >= -81.500599|willr_24_sft >= -9.54,LONG,Ret_96,313,210,1.2677,1.4018
cci_48_sft >= 149.45737|willr_55_sft >= -21.370929|hour_sft >= 18.0,LONG,Ret_48,247,174,1.2875,1.5694
willr_55_sft >= -21.370929|dow_sft >= 4.0|dow_sft >= -2.13,LONG,Ret_72,251,178,1.3623,1.2762
willr_34_sft >= -9.44|cci_144_sft >= 10.995758,LONG,Ret_72,303,206,1.2588,1.4565
willr_24_sft >= -6.59|stoch_200_sft >= 11.452757,LONG,Ret_96,292,199,1.2926,1.1166
willr_21_sft >= -7.42,LONG,Ret_96,306,211,1.2748,1.1763
stoch_89_sft >= 78.79277|cci_144_sft >= 1.38|willr_8_sft >= -10.769713,LONG,Ret_24,432,326,1.2601,1.4329
willr_13_sft <= -22.987964|stoch_55_sft >= 90.256581|willr_8_sft <= -10.769713,LONG,Ret_48,218,159,1.3455,1.34
willr_13_sft >= -86.712366|cci_21_sft >= 147.514725|dow_sft >= 4.0,LONG,Ret_96,276,182,1.3131,1.1574
cci_120_sft >= 9.197132|willr_120_sft <= 7.79|dow_sft >= 4.0,LONG,Ret_48,278,183,1.3152,1.2209
willr_48_sft >= -2.01,LONG,Ret_48,224,176,1.3658,1.1162
cci_24_sft >= -9.52|willr_8_sft >= -2.22|willr_24_sft >= -47.670113,LONG,Ret_72,248,193,1.2553,0.9747
cci_48_sft >= 4.23|cci_55_sft <= 8.73|willr_55_sft <= -47.785381,LONG,Ret_96,201,127,1.3554,1.2383
stoch_120_sft >= 11.689374|willr_13_sft >= -2.17,LONG,Ret_48,290,235,1.3126,1.1263
cci_144_sft >= 94.331154|willr_5_sft >= -11.066111,LONG,Ret_72,233,167,1.2643,1.3635
willr_34_sft >= -9.820296|cci_200_sft <= 158.465622,LONG,Ret_96,271,182,1.3373,1.5967
willr_21_sft >= -86.620166|willr_34_sft >= -1.84,LONG,Ret_48,231,187,1.4012,1.1801
willr_24_sft <= -47.670113|willr_48_sft >= -47.676697,LONG,Ret_96,288,185,1.2744,1.6022
stoch_21_sft >= 76.412769|stoch_48_sft >= 89.911131|hour_sft >= 12.0,LONG,Ret_72,244,179,1.2715,1.493
hour_sft <= 3.0|stoch_13_sft <= Close_sft|willr_24_sft >= -22.44638,LONG,Ret_96,259,162,1.2972,1.6848
willr_8_sft <= -5.89|willr_48_sft >= -9.370427,LONG,Ret_72,302,215,1.2693,1.2934
willr_55_sft >= -21.370929|willr_144_sft <= -21.067403,LONG,Ret_72,225,134,1.2639,1.4933
stoch_21_sft >= 27.418021|stoch_144_sft >= 78.792278|cci_24_sft >= 4.962039,LONG,Ret_72,263,184,1.2659,1.5683
willr_24_sft >= -2.13,LONG,Ret_48,262,204,1.3953,1.1152
cci_48_sft >= -81.041885|cci_24_sft <= -140.515881|stoch_200_sft >= 26.386054,LONG,Ret_72,208,141,1.252,1.3544
dow_sft >= 3.0|willr_55_sft >= -7.55,LONG,Ret_72,236,167,1.305,1.3033
willr_24_sft >= -9.67|stoch_24_sft <= Close_sft|stoch_120_sft >= 11.689374,LONG,Ret_96,313,210,1.2595,1.4018
willr_8_sft >= -73.652382|cci_89_sft <= 151.437155|willr_13_sft >= -2.72,LONG,Ret_48,249,218,1.3652,1.183
cci_55_sft >= 3.46|cci_21_sft <= Close_sft|willr_21_sft <= -73.610996,LONG,Ret_96,221,156,1.3559,1.5971
cci_13_sft >= -1.62|cci_8_sft >= -133.787415|willr_8_sft >= -1.69,LONG,Ret_72,235,179,1.277,1.1433
stoch_144_sft >= 53.37355|cci_34_sft >= 88.784065|willr_89_sft >= -88.128517,LONG,Ret_96,270,179,1.2615,1.9189
hour_sft >= 7.29|willr_48_sft >= -9.370427|dow_sft <= Close_sft,LONG,Ret_96,252,175,1.4058,1.7428
stoch_5_sft >= 51.247913|willr_24_sft >= -2.01|cci_120_sft >= -139.774255,LONG,Ret_48,250,197,1.3221,1.128
stoch_21_sft >= 76.412769|hour_sft >= 21.0,LONG,Ret_96,243,163,1.3644,1.4819
stoch_8_sft <= 85.06998|willr_89_sft >= -8.693633,LONG,Ret_96,202,137,1.295,1.8032
stoch_8_sft <= 51.812485|willr_8_sft >= -73.652382|stoch_55_sft >= 78.353447,LONG,Ret_72,228,157,1.2851,1.5601
willr_5_sft >= -4.72|stoch_34_sft <= 89.12438,LONG,Ret_96,299,208,1.3107,1.5174
willr_120_sft >= -6.78|cci_8_sft >= 4.68363,LONG,Ret_72,211,156,1.2599,1.4639
stoch_144_sft >= 53.37355|cci_34_sft <= 88.784065|cci_89_sft >= 92.295536,LONG,Ret_96,212,143,1.2658,1.7042
willr_24_sft >= -22.44638|dow_sft >= -0.87|willr_13_sft >= -10.574783,LONG,Ret_96,324,212,1.2895,1.5571
stoch_13_sft >= 16.079409|willr_13_sft >= -1.97,LONG,Ret_48,275,228,1.295,1.1868
cci_24_sft <= -4.34|stoch_89_sft >= 25.644902|cci_55_sft >= 7.49,LONG,Ret_96,277,186,1.2654,1.4354
willr_48_sft >= -8.38|hour_sft >= 4.76,LONG,Ret_96,250,175,1.2877,1.8204
cci_21_sft <= 88.019604|willr_55_sft >= -21.370929,LONG,Ret_72,294,207,1.2646,1.4232
stoch_55_sft >= 78.353447|cci_5_sft <= 4.213535|cci_200_sft >= 13.842159,LONG,Ret_72,255,177,1.3432,1.6761
cci_120_sft <= 93.799591|willr_34_sft >= -9.820296,LONG,Ret_96,215,132,1.3347,1.2028
willr_5_sft >= -3.16|stoch_200_sft <= Close_sft,LONG,Ret_96,280,205,1.3687,1.3226
willr_48_sft >= -9.370427|cci_200_sft <= 158.465622,LONG,Ret_72,282,200,1.2998,1.5473
stoch_120_sft <= 91.232881|cci_200_sft <= 13.842159|cci_13_sft >= 141.797266,LONG,Ret_96,201,125,1.283,1.0677
stoch_21_sft >= 3.78|willr_24_sft >= -10.246335,LONG,Ret_96,318,212,1.2861,1.4019
cci_200_sft >= 13.842159|hour_sft >= 18.0|stoch_24_sft >= 76.799507,LONG,Ret_72,251,171,1.2737,1.5499
willr_34_sft >= -22.086793|willr_13_sft >= -10.574783,LONG,Ret_96,300,199,1.3733,1.5293
cci_21_sft >= -80.637592|dow_sft >= 4.0|stoch_89_sft >= 52.000851,LONG,Ret_72,283,192,1.2983,1.2734
cci_120_sft <= 9.197132|willr_89_sft <= -4.17|cci_89_sft >= -2.16,LONG,Ret_72,211,120,1.336,1.066
cci_34_sft >= -138.477072|stoch_24_sft >= 5.11|willr_21_sft >= -7.85,LONG,Ret_96,310,211,1.2738,1.222
willr_13_sft <= -8.21|willr_120_sft >= -20.933372|willr_120_sft >= -46.861408,LONG,Ret_72,284,202,1.2767,1.468
stoch_5_sft >= 19.329134|willr_89_sft >= -7.0|willr_5_sft <= -11.066111,LONG,Ret_48,252,177,1.251,1.438
stoch_200_sft <= Close_sft|stoch_34_sft >= 77.567905|cci_13_sft <= -4.5,LONG,Ret_72,249,161,1.2508,1.6876
willr_13_sft >= -2.3|dow_sft <= 4.0,LONG,Ret_48,265,206,1.2973,1.2022
willr_24_sft >= -10.246335|cci_120_sft <= Close_sft|stoch_120_sft <= Close_sft,LONG,Ret_96,318,212,1.2861,1.4019
stoch_48_sft >= 52.216015|willr_89_sft >= -6.38,LONG,Ret_72,235,171,1.2587,1.2389
stoch_13_sft <= Close_sft|cci_24_sft >= -80.498276|willr_120_sft >= -7.29,LONG,Ret_72,214,156,1.273,1.5061
stoch_144_sft <= Close_sft|willr_48_sft >= -9.370427|hour_sft >= 3.0,LONG,Ret_96,262,181,1.2648,1.7852
willr_48_sft >= -2.39,LONG,Ret_48,242,188,1.2533,1.1184
stoch_5_sft >= 82.694817|willr_55_sft >= -9.120182|stoch_21_sft >= 27.418021,LONG,Ret_48,303,226,1.2875,1.1852
willr_120_sft >= -6.73,LONG,Ret_72,211,156,1.2582,1.4669
willr_48_sft <= -1.29|willr_13_sft >= -2.43,LONG,Ret_48,226,187,1.399,1.3166
hour_sft >= 21.0|cci_144_sft >= 94.331154,LONG,Ret_72,201,135,1.299,1.5052
willr_55_sft >= -21.370929|cci_144_sft <= 154.351486,LONG,Ret_72,354,236,1.2547,1.6462
willr_24_sft >= -10.246335|cci_200_sft <= Close_sft,LONG,Ret_96,318,212,1.2861,1.4019
cci_13_sft <= 141.797266|willr_89_sft >= -20.964468,LONG,Ret_48,386,270,1.3131,1.5109
dow_sft >= 4.0|stoch_48_sft >= 13.04039|willr_24_sft >= -22.44638,LONG,Ret_72,332,212,1.2889,1.153
willr_13_sft >= -1.69|cci_48_sft >= -140.018719,LONG,Ret_48,257,200,1.3265,1.1472
willr_24_sft >= -10.246335|willr_55_sft >= -73.947689|willr_24_sft >= -22.44638,LONG,Ret_96,318,212,1.2861,1.4019
cci_48_sft <= 149.45737|willr_8_sft >= -86.997574|stoch_48_sft >= 89.911131,LONG,Ret_72,211,152,1.4958,1.5942
willr_48_sft >= -21.491477|dow_sft >= 1.78,LONG,Ret_96,299,201,1.2817,1.3796
willr_24_sft >= -6.79,LONG,Ret_96,297,199,1.2797,1.1918
hour_sft >= 6.77|willr_21_sft >= -10.353555,LONG,Ret_96,318,215,1.2885,1.3198
stoch_34_sft >= 52.578186|hour_sft >= 18.0,LONG,Ret_72,410,269,1.2773,1.4388
stoch_55_sft >= 90.256581|cci_24_sft >= -80.498276|cci_24_sft <= 147.996594,LONG,Ret_96,200,145,1.3665,1.819
willr_5_sft >= -5.69|willr_89_sft <= -8.693633,LONG,Ret_96,306,213,1.3098,1.3989
willr_21_sft >= -1.95,LONG,Ret_48,251,208,1.256,1.0599
willr_24_sft >= -7.04,LONG,Ret_96,299,201,1.3304,1.1996
willr_24_sft >= -8.96|cci_200_sft <= Close_sft,LONG,Ret_96,308,208,1.2945,1.3908
stoch_8_sft <= 85.06998|willr_55_sft >= -21.370929,LONG,Ret_72,356,238,1.2543,1.6383
willr_13_sft >= -73.803139|cci_13_sft <= -5.77|stoch_8_sft >= 51.812485,LONG,Ret_96,318,207,1.2571,1.3569
willr_89_sft >= -88.128517|willr_24_sft >= -8.92,LONG,Ret_96,308,208,1.2945,1.3908
cci_5_sft <= 4.213535|stoch_5_sft >= 70.960163,LONG,Ret_72,221,171,1.2559,1.8313
cci_24_sft >= -80.498276|willr_24_sft >= -2.74,LONG,Ret_48,302,227,1.2717,1.2372
willr_8_sft >= -86.997574|willr_24_sft >= -7.56,LONG,Ret_96,303,202,1.3581,1.2578
dow_sft >= 2.0|willr_21_sft >= -10.353555|cci_200_sft >= -137.885281,LONG,Ret_96,313,209,1.2946,1.2811
willr_55_sft >= -21.370929|willr_5_sft <= -73.2911,LONG,Ret_48,239,173,1.3575,1.2774
stoch_5_sft <= 19.329134|hour_sft >= 21.0|stoch_13_sft >= -2.51,LONG,Ret_96,200,134,1.3066,2.1306
cci_55_sft <= 149.44968|willr_55_sft >= -21.370929|willr_13_sft >= -86.712366,LONG,Ret_72,346,230,1.263,1.4588
willr_24_sft >= -7.77,LONG,Ret_96,304,203,1.3365,1.237
willr_5_sft >= -5.75|willr_5_sft >= -11.066111,LONG,Ret_96,335,229,1.2639,1.5642
hour_sft >= 12.0|stoch_89_sft >= 78.79277|cci_24_sft >= 88.543152,LONG,Ret_96,224,152,1.2683,1.7254
stoch_144_sft >= 78.792278|cci_48_sft <= 149.45737,LONG,Ret_72,250,179,1.2654,1.4865
willr_24_sft >= -10.246335|cci_144_sft <= Close_sft,LONG,Ret_96,318,212,1.2861,1.4019
cci_13_sft <= 141.797266|stoch_34_sft >= 89.12438,LONG,Ret_96,245,167,1.3087,1.7675
willr_144_sft >= -74.629684|willr_34_sft >= -2.28|willr_13_sft >= -47.851532,LONG,Ret_48,258,198,1.3404,1.2183
willr_24_sft <= 7.39|willr_5_sft >= -2.71,LONG,Ret_96,263,188,1.3055,1.3346
cci_200_sft >= 6.97|dow_sft >= 4.0,LONG,Ret_48,261,174,1.3792,1.2558
cci_5_sft <= 7.1|stoch_55_sft >= 78.353447|hour_sft <= 12.0,LONG,Ret_72,279,179,1.2576,1.3759
stoch_34_sft >= 77.567905|cci_5_sft <= -7.37,LONG,Ret_96,289,193,1.3113,1.5076
cci_5_sft <= 85.088097|willr_55_sft >= -21.370929|stoch_8_sft <= Close_sft,LONG,Ret_72,335,234,1.3035,1.3034
willr_24_sft >= -10.246335|stoch_21_sft <= Close_sft,LONG,Ret_96,318,212,1.2861,1.4019
stoch_8_sft <= Close_sft|willr_13_sft >= -1.5,LONG,Ret_72,208,163,1.3163,1.0795
cci_120_sft <= -3.21|cci_13_sft >= 87.3848,LONG,Ret_96,237,138,1.2547,1.1138
willr_21_sft >= -1.77|willr_24_sft >= -86.77827,LONG,Ret_48,237,197,1.3051,1.0353
cci_55_sft >= 5.796585|cci_24_sft <= -4.2,LONG,Ret_96,279,189,1.286,1.3936
stoch_48_sft <= 52.216015|cci_48_sft >= 6.552284,LONG,Ret_96,272,161,1.2697,1.3771
cci_24_sft >= -140.515881|stoch_13_sft <= 75.253738|willr_55_sft >= -21.370929,LONG,Ret_72,315,217,1.3702,1.3238
cci_24_sft <= 147.996594|stoch_48_sft >= 89.911131,LONG,Ret_72,232,170,1.426,1.8984
cci_120_sft <= Close_sft|willr_24_sft >= -1.59,LONG,Ret_48,217,173,1.3272,1.2295
stoch_48_sft <= 78.212299|willr_21_sft <= -10.353555|cci_21_sft >= 147.514725,LONG,Ret_96,249,143,1.3206,1.691
willr_24_sft >= -10.246335|willr_13_sft >= -73.803139,LONG,Ret_96,318,212,1.2861,1.4019
willr_200_sft >= -88.616528|cci_89_sft >= -142.344937|willr_144_sft <= -74.629684,LONG,Ret_96,201,122,1.3568,1.2305
willr_24_sft >= -10.246335|hour_sft >= 3.0|cci_200_sft <= Close_sft,LONG,Ret_96,315,210,1.3519,1.3607
willr_144_sft >= -7.34,LONG,Ret_72,203,150,1.2998,1.437
cci_89_sft <= 151.437155|cci_48_sft >= 6.552284|willr_8_sft >= -3.65,LONG,Ret_96,220,165,1.369,1.533
stoch_34_sft >= 77.567905|willr_5_sft <= -87.301361|cci_21_sft <= 147.514725,LONG,Ret_72,211,153,1.3474,1.2822
willr_5_sft >= -3.23|cci_8_sft <= Close_sft,LONG,Ret_96,283,205,1.3765,1.3311
dow_sft >= 4.0|willr_34_sft >= -9.820296|hour_sft <= Close_sft,LONG,Ret_72,249,172,1.2699,1.2273
willr_21_sft >= -1.67,LONG,Ret_48,227,192,1.2765,1.0273
cci_34_sft <= 88.784065|willr_89_sft >= -20.964468|willr_55_sft <= 1.35,LONG,Ret_48,298,218,1.2583,1.4512
cci_5_sft >= 4.213535|stoch_89_sft >= 91.019492|willr_24_sft <= -10.246335,LONG,Ret_48,244,182,1.301,1.0757
willr_5_sft >= -3.11|stoch_89_sft >= 7.42|willr_48_sft <= Close_sft,LONG,Ret_96,277,202,1.3969,1.3547
willr_24_sft >= -2.38,LONG,Ret_48,276,212,1.3221,1.1778
willr_8_sft >= -2.21|willr_55_sft <= -1.22,LONG,Ret_72,246,166,1.3995,0.9872
stoch_24_sft <= Close_sft|willr_24_sft >= -6.22,LONG,Ret_96,288,197,1.2788,1.1108
stoch_21_sft >= 87.931494|dow_sft >= 4.0,LONG,Ret_48,235,176,1.4038,0.9845
cci_8_sft <= 4.28|willr_55_sft >= -21.370929,LONG,Ret_72,247,174,1.3341,1.5477
stoch_55_sft >= 78.353447|willr_5_sft >= -11.066111|stoch_5_sft >= 82.694817,LONG,Ret_96,214,148,1.3124,1.8071
cci_21_sft <= 147.514725|willr_48_sft >= -9.370427,LONG,Ret_72,253,189,1.3245,1.5645
willr_13_sft >= -22.987964|hour_sft >= 18.0|willr_120_sft >= -46.861408,LONG,Ret_72,270,184,1.3447,1.6764
willr_8_sft <= -10.769713|stoch_89_sft >= 91.019492,LONG,Ret_48,259,195,1.2756,1.3288
dow_sft >= 4.0|stoch_34_sft >= 52.578186,LONG,Ret_72,339,223,1.2603,1.1448
willr_55_sft >= -9.120182|hour_sft >= 6.0,LONG,Ret_48,357,263,1.2667,1.2521
willr_89_sft >= -8.693633|willr_5_sft <= -11.066111,LONG,Ret_48,273,191,1.2562,1.547
willr_5_sft >= -2.53,LONG,Ret_96,252,184,1.332,1.2494
willr_55_sft >= -21.370929|stoch_120_sft <= 78.952785,LONG,Ret_72,262,157,1.3786,1.5915
willr_48_sft >= -21.491477|stoch_13_sft <= 75.253738,LONG,Ret_72,328,226,1.3222,1.4508
willr_24_sft >= -10.246335|willr_89_sft <= Close_sft,LONG,Ret_96,318,212,1.2861,1.4019
stoch_13_sft <= 75.253738|willr_48_sft >= -9.370427|stoch_13_sft <= Close_sft,LONG,Ret_48,243,176,1.3382,1.165
willr_48_sft >= -9.370427|dow_sft >= 2.0,LONG,Ret_96,246,180,1.2559,1.3347
cci_34_sft >= 88.784065|cci_8_sft >= -81.673649|willr_24_sft >= -7.25,LONG,Ret_96,284,192,1.2639,1.1685
willr_8_sft >= -23.412279|hour_sft >= 18.0|willr_21_sft >= -22.603128,LONG,Ret_96,280,178,1.2541,1.3785
willr_8_sft >= -73.652382|willr_5_sft >= -2.97,LONG,Ret_96,272,197,1.4381,1.3912
willr_48_sft >= -21.491477|cci_48_sft <= 149.45737|stoch_144_sft >= 78.792278,LONG,Ret_72,217,156,1.3054,1.4932
stoch_21_sft <= 87.931494|dow_sft <= Close_sft|stoch_55_sft >= 90.256581,LONG,Ret_48,224,158,1.3268,1.4737
stoch_144_sft >= 11.597828|willr_24_sft >= -2.46,LONG,Ret_48,283,216,1.2802,1.176
stoch_89_sft >= 25.644902|cci_120_sft <= -78.925987,LONG,Ret_72,200,125,1.4335,1.2891
cci_48_sft <= 88.992592|stoch_55_sft >= 78.353447,LONG,Ret_72,251,174,1.3556,1.4998
stoch_144_sft >= 78.792278|cci_5_sft >= -2.91,LONG,Ret_72,264,182,1.27,1.568
willr_89_sft >= -20.964468|stoch_8_sft <= 73.685162,LONG,Ret_48,359,254,1.2664,1.3716
willr_24_sft >= -10.246335|stoch_5_sft >= 19.329134,LONG,Ret_96,318,212,1.2861,1.4019
willr_21_sft >= -22.603128|willr_21_sft >= -7.89,LONG,Ret_96,311,211,1.2518,1.238
willr_34_sft >= -22.086793|stoch_13_sft <= 51.977692|willr_24_sft <= Close_sft,LONG,Ret_48,239,150,1.3471,1.5089
cci_55_sft >= -81.256191|willr_24_sft >= -10.246335,LONG,Ret_96,318,212,1.2861,1.4019
willr_48_sft >= -2.14|cci_55_sft <= Close_sft,LONG,Ret_48,230,180,1.3535,1.0797
cci_24_sft >= 4.962039|hour_sft >= 21.0,LONG,Ret_96,298,195,1.5068,1.3095
willr_24_sft <= -10.246335|willr_8_sft <= 2.07|willr_34_sft >= -9.820296,LONG,Ret_48,216,151,1.3382,1.3107
stoch_21_sft >= 3.68|willr_5_sft >= -5.79|willr_5_sft >= -2.63,LONG,Ret_96,259,188,1.2521,1.283
willr_24_sft >= -10.246335|cci_200_sft >= -137.885281,LONG,Ret_96,317,212,1.2894,1.4055
willr_34_sft >= -47.338058|willr_24_sft >= -8.97,LONG,Ret_96,307,208,1.2922,1.3703
willr_24_sft >= -2.23|stoch_21_sft >= 52.372257,LONG,Ret_48,265,205,1.3497,1.1153
cci_120_sft >= 9.197132|dow_sft >= 4.0,LONG,Ret_48,278,183,1.3152,1.2209
stoch_144_sft >= 78.792278|cci_34_sft >= 88.784065,LONG,Ret_72,244,169,1.3524,1.6807
stoch_8_sft >= 73.685162|willr_144_sft >= -21.067403,LONG,Ret_72,256,182,1.3113,1.6012
willr_13_sft <= Close_sft|willr_89_sft >= -20.964468|stoch_48_sft <= 78.212299,LONG,Ret_96,218,146,1.2948,1.7617
cci_13_sft <= Close_sft|stoch_24_sft >= 52.352547|willr_24_sft >= -10.246335,LONG,Ret_96,316,212,1.2981,1.3872
willr_24_sft >= -10.246335|hour_sft <= 21.0,LONG,Ret_96,317,212,1.2609,1.3813
willr_21_sft >= -10.353555|dow_sft >= 2.0,LONG,Ret_96,315,210,1.2638,1.2852
stoch_55_sft <= 90.256581|cci_55_sft <= 149.44968|cci_89_sft >= 92.295536,LONG,Ret_72,301,198,1.2583,1.3197
willr_34_sft >= -9.820296|cci_55_sft >= -81.256191|hour_sft >= 18.0,LONG,Ret_72,223,161,1.3336,1.8054
willr_144_sft >= -7.16,LONG,Ret_72,200,149,1.3351,1.4495
cci_55_sft >= 5.796585|dow_sft >= 4.0|willr_200_sft >= -46.133034,LONG,Ret_48,243,162,1.3229,1.3207
dow_sft >= 4.0|stoch_55_sft >= 78.353447,LONG,Ret_72,233,167,1.2986,1.222
cci_144_sft >= 94.331154|stoch_13_sft >= 75.253738,LONG,Ret_72,250,179,1.3218,1.5703
stoch_144_sft >= 78.792278|willr_24_sft >= -22.44638,LONG,Ret_72,242,169,1.3217,1.672
stoch_8_sft >= 73.685162|cci_24_sft >= 147.996594|cci_144_sft >= 94.331154,LONG,Ret_72,227,159,1.3122,1.7085
willr_48_sft >= -21.491477|hour_sft >= 18.0,LONG,Ret_72,289,196,1.4041,1.9403
willr_8_sft >= -10.769713|willr_13_sft >= -2.64|stoch_13_sft >= 75.253738,LONG,Ret_48,302,246,1.2652,1.2531
willr_24_sft >= -10.246335|cci_144_sft >= -78.18689|cci_21_sft >= -6.94,LONG,Ret_96,313,208,1.2712,1.526
cci_5_sft >= -123.113646|willr_24_sft >= -10.246335,LONG,Ret_96,318,212,1.2861,1.4019
willr_24_sft >= -6.57,LONG,Ret_96,292,199,1.3027,1.1477
willr_144_sft >= -7.3,LONG,Ret_72,203,150,1.3019,1.437
willr_24_sft >= -10.246335|willr_13_sft <= 1.89,LONG,Ret_96,318,212,1.2861,1.4019
willr_13_sft >= -2.84|stoch_55_sft <= 78.353447,LONG,Ret_48,216,160,1.4349,1.1436
cci_13_sft >= -138.407813|willr_24_sft >= -10.246335,LONG,Ret_96,318,212,1.2861,1.4019
willr_34_sft >= -9.47|willr_8_sft >= -73.652382,LONG,Ret_96,293,195,1.2633,1.6065
cci_13_sft >= -81.587856|willr_24_sft >= -10.246335|dow_sft >= 4.0,LONG,Ret_72,282,185,1.3293,1.2452
cci_144_sft >= 94.331154|stoch_89_sft >= 91.019492,LONG,Ret_72,202,150,1.2614,1.4617
willr_24_sft >= -7.56|stoch_55_sft >= -7.42,LONG,Ret_96,303,202,1.3581,1.2578
stoch_48_sft >= 78.212299|willr_8_sft <= -48.025597,LONG,Ret_72,301,208,1.298,1.486
willr_48_sft >= -9.370427|cci_8_sft <= 86.080036,LONG,Ret_72,211,162,1.275,1.4687
willr_24_sft >= -7.0|cci_89_sft <= Close_sft,LONG,Ret_96,298,201,1.2931,1.2025
stoch_89_sft >= 52.000851|stoch_21_sft >= 87.931494,LONG,Ret_96,250,179,1.2831,1.5426
willr_5_sft >= -5.95,LONG,Ret_96,337,229,1.2652,1.5316
willr_5_sft <= -24.065987|cci_55_sft >= 149.44968,LONG,Ret_72,264,188,1.2601,1.1828
willr_144_sft >= -7.54|willr_48_sft >= -87.629999,LONG,Ret_72,206,151,1.2544,1.4751
cci_5_sft >= 124.421092|stoch_89_sft >= 78.79277,LONG,Ret_96,208,149,1.326,1.7424
stoch_55_sft >= 78.353447|cci_24_sft <= 88.543152,LONG,Ret_96,254,177,1.2727,1.7475
willr_200_sft >= -73.594006|hour_sft >= 21.0|stoch_5_sft <= 82.694817,LONG,Ret_72,378,249,1.3007,1.371
cci_89_sft <= 151.437155|stoch_55_sft >= 90.256581|stoch_144_sft <= Close_sft,LONG,Ret_48,239,176,1.3038,1.5382
willr_24_sft >= -6.75,LONG,Ret_96,297,199,1.2799,1.1813
willr_55_sft >= -9.120182|willr_21_sft <= -6.68|cci_24_sft >= 5.01,LONG,Ret_96,228,165,1.3497,1.7276
cci_89_sft >= -142.344937|willr_144_sft <= -74.629684,LONG,Ret_96,207,125,1.2908,1.2375
stoch_8_sft <= 73.685162|willr_48_sft <= -6.9|willr_48_sft >= -21.491477,LONG,Ret_72,338,228,1.254,1.4205
willr_13_sft >= -1.8,LONG,Ret_48,265,208,1.3048,1.2609
stoch_5_sft <= 8.48,LONG,Ret_48,217,167,1.2501,0.9597
stoch_89_sft >= 52.000851|stoch_34_sft >= 1.76|willr_5_sft >= -6.39,LONG,Ret_72,297,218,1.2929,1.3597
willr_48_sft >= -21.491477|cci_13_sft <= 3.862034,LONG,Ret_48,229,175,1.4628,1.396
willr_5_sft >= -5.62|willr_144_sft <= -3.16|stoch_55_sft <= 90.256581,LONG,Ret_96,314,213,1.2618,1.4468
cci_8_sft <= 5.33|cci_21_sft <= Close_sft|willr_55_sft >= -21.370929,LONG,Ret_72,247,175,1.3323,1.5072
stoch_8_sft >= 85.06998|stoch_48_sft <= 52.216015,LONG,Ret_96,215,138,1.2747,1.3488
stoch_34_sft >= -5.4|willr_24_sft >= -10.246335,LONG,Ret_96,318,212,1.2861,1.4019
willr_24_sft >= -10.246335|cci_13_sft <= Close_sft,LONG,Ret_96,318,212,1.2861,1.4019
willr_13_sft >= -3.02,LONG,Ret_48,351,276,1.2911,1.1723
willr_89_sft <= Close_sft|willr_5_sft >= -5.2|willr_89_sft <= -8.693633,LONG,Ret_96,299,211,1.2768,1.4822
cci_55_sft >= -81.256191|willr_13_sft >= -22.987964|cci_5_sft <= 4.213535,LONG,Ret_96,229,155,1.2602,1.692
willr_24_sft >= -7.38|willr_34_sft >= -22.086793,LONG,Ret_96,285,192,1.352,1.4006
cci_34_sft >= -81.230389|willr_24_sft >= -10.246335,LONG,Ret_96,318,212,1.2861,1.4019
stoch_21_sft >= 52.372257|dow_sft >= 4.0,LONG,Ret_48,356,230,1.2501,1.0819
willr_21_sft <= 4.24|willr_8_sft >= -3.02,LONG,Ret_96,273,192,1.2564,1.4262
willr_5_sft >= -3.71|willr_48_sft <= Close_sft,LONG,Ret_96,300,213,1.2748,1.3728
willr_24_sft >= -47.670113|hour_sft >= 18.0|stoch_55_sft <= Close_sft,LONG,Ret_96,350,221,1.2591,1.1852
willr_24_sft >= -10.246335|cci_24_sft <= Close_sft,LONG,Ret_96,318,212,1.2861,1.4019
cci_89_sft <= 151.437155|stoch_55_sft >= 90.256581|cci_34_sft >= -81.230389,LONG,Ret_48,239,176,1.3038,1.5382
willr_13_sft >= -2.24|stoch_55_sft >= 12.843636,LONG,Ret_48,294,236,1.3448,1.1438
willr_13_sft >= -10.574783|willr_144_sft >= -21.067403,LONG,Ret_72,237,169,1.2521,1.655
willr_8_sft <= 2.63|stoch_13_sft >= -4.8|willr_120_sft >= -7.0,LONG,Ret_72,212,156,1.2708,1.4834
willr_13_sft >= -1.8|cci_144_sft >= -78.18689,LONG,Ret_48,246,199,1.2814,1.2978
cci_55_sft >= 9.36|stoch_24_sft >= 88.371309|willr_5_sft >= -11.066111,LONG,Ret_48,326,234,1.3569,1.3958
stoch_24_sft >= 52.352547|stoch_13_sft >= 28.17095|cci_24_sft <= -8.63,LONG,Ret_72,330,205,1.2776,1.3113
willr_55_sft >= -21.370929|willr_120_sft <= -20.933372|cci_89_sft <= 151.437155,LONG,Ret_72,229,128,1.3382,1.4943
hour_sft >= 9.06|willr_13_sft >= -22.987964|willr_24_sft >= -22.44638,LONG,Ret_96,329,213,1.2764,1.7054
willr_120_sft <= -0.95|willr_5_sft >= -3.35,LONG,Ret_96,276,193,1.4203,1.3235
stoch_24_sft >= 88.371309|dow_sft <= 4.0,LONG,Ret_96,272,181,1.2561,1.5033
cci_120_sft >= 9.197132|willr_24_sft >= -2.64,LONG,Ret_48,248,194,1.3737,1.3033
willr_5_sft >= -11.066111|stoch_48_sft >= 89.911131,LONG,Ret_96,204,148,1.3317,1.9116
willr_48_sft >= -9.370427|stoch_8_sft <= 85.06998,LONG,Ret_96,249,169,1.2559,1.7292
willr_21_sft >= -7.19,LONG,Ret_96,305,210,1.2532,1.177
stoch_5_sft <= 51.247913|cci_144_sft >= 94.331154,LONG,Ret_72,226,152,1.2642,1.4795
cci_34_sft >= 3.24|dow_sft >= 3.94,LONG,Ret_72,347,227,1.2691,1.1975
willr_34_sft >= -22.086793|cci_13_sft >= 1.72|cci_5_sft <= -6.24,LONG,Ret_96,262,166,1.2536,1.6292
willr_120_sft >= -20.933372|cci_5_sft <= 124.421092|cci_5_sft <= 85.088097,LONG,Ret_72,266,190,1.3939,1.4968
willr_5_sft >= -11.066111|stoch_24_sft >= 88.371309,LONG,Ret_48,340,245,1.3219,1.2977
stoch_34_sft >= 26.853738|stoch_48_sft >= 52.216015|hour_sft >= 21.0,LONG,Ret_72,350,227,1.2598,1.3607
willr_55_sft >= -21.370929|willr_8_sft >= -23.412279|cci_34_sft <= Close_sft,LONG,Ret_96,293,198,1.2506,1.6338
cci_120_sft <= Close_sft|stoch_120_sft >= 11.689374|willr_24_sft >= -10.246335,LONG,Ret_96,318,212,1.2732,1.4019
willr_24_sft >= -10.246335|cci_89_sft >= -142.344937,LONG,Ret_96,318,212,1.2861,1.4019
willr_24_sft >= -10.246335|cci_13_sft >= 3.862034,LONG,Ret_96,318,212,1.2861,1.4019
cci_34_sft <= 147.839603|willr_55_sft >= -21.370929,LONG,Ret_72,338,232,1.2501,1.4854
stoch_5_sft <= 19.329134|stoch_48_sft >= 26.389151|stoch_13_sft >= 16.079409,LONG,Ret_96,284,181,1.2648,1.3018
cci_48_sft >= 88.992592|stoch_200_sft >= 0.39|cci_120_sft <= 93.799591,LONG,Ret_96,260,162,1.2626,1.1856
cci_48_sft >= -140.018719|willr_13_sft <= -86.712366|willr_55_sft >= -73.947689,LONG,Ret_96,289,186,1.3202,1.2953
willr_55_sft >= -9.120182|willr_120_sft <= -8.566356,LONG,Ret_72,204,129,1.302,1.3777
stoch_21_sft >= 76.412769|stoch_144_sft >= 78.792278,LONG,Ret_72,239,170,1.4116,1.6256
willr_89_sft >= -8.693633|willr_48_sft >= -9.68|cci_13_sft <= 141.797266,LONG,Ret_48,254,180,1.3434,1.4025
willr_144_sft >= -46.708836|dow_sft >= 4.0|stoch_48_sft >= 13.04039,LONG,Ret_48,276,178,1.3096,1.2078
willr_34_sft >= -9.820296|stoch_55_sft <= 90.256581,LONG,Ret_96,281,182,1.271,1.3793
cci_144_sft >= 94.331154|cci_24_sft >= 88.543152,LONG,Ret_72,258,183,1.2763,1.4925
cci_200_sft <= 13.842159|cci_24_sft >= -80.498276|stoch_120_sft <= 53.260605,LONG,Ret_96,269,158,1.2541,1.2259
willr_24_sft >= -1.95|stoch_200_sft <= Close_sft,LONG,Ret_48,246,193,1.3634,1.1463
willr_24_sft >= -6.77|hour_sft >= 12.0,LONG,Ret_96,257,176,1.2686,1.3979
dow_sft >= 4.0|cci_24_sft >= 4.962039|stoch_89_sft >= 52.000851,LONG,Ret_72,277,189,1.3244,1.3302
cci_144_sft >= -78.18689|stoch_89_sft >= 4.84|willr_5_sft >= -5.93,LONG,Ret_96,311,209,1.2716,1.6093
stoch_48_sft >= 89.911131|cci_34_sft <= 147.839603,LONG,Ret_72,219,156,1.3857,1.6114
willr_5_sft >= -1.54|cci_120_sft <= 153.230298,LONG,Ret_72,214,162,1.2693,1.5081
willr_21_sft >= -7.86|willr_34_sft <= 9.49,LONG,Ret_96,310,211,1.2738,1.2358
willr_24_sft >= -6.75|stoch_89_sft >= 12.177773,LONG,Ret_96,297,199,1.2799,1.1813
hour_sft >= 21.0|cci_24_sft >= 4.962039,LONG,Ret_96,298,195,1.5068,1.3095
stoch_120_sft <= 78.952785|stoch_55_sft >= 78.353447,LONG,Ret_72,220,127,1.2522,1.2334
willr_120_sft >= -46.861408|willr_48_sft >= -9.370427,LONG,Ret_96,246,174,1.2557,1.6838
stoch_144_sft >= 1.13|cci_48_sft >= 6.552284|willr_8_sft >= -8.5,LONG,Ret_96,310,207,1.2652,1.3762
willr_21_sft >= -2.66|stoch_48_sft >= 52.216015,LONG,Ret_48,275,217,1.2713,1.2808
cci_8_sft <= 4.68363|cci_8_sft >= 0.56,LONG,Ret_96,211,129,1.2681,1.2643
cci_13_sft >= -81.587856|willr_144_sft <= -74.629684|willr_120_sft >= -88.436961,LONG,Ret_96,201,117,1.3956,1.3288
willr_24_sft >= -8.93|willr_55_sft >= -87.779292,LONG,Ret_96,308,208,1.2945,1.3908
stoch_13_sft <= Close_sft|willr_24_sft >= -10.246335,LONG,Ret_96,318,212,1.2861,1.4019
willr_120_sft >= -7.18|cci_55_sft >= -8.03,LONG,Ret_72,214,156,1.2702,1.5019
cci_24_sft >= 147.996594|willr_34_sft >= -87.072878|dow_sft >= 3.0,LONG,Ret_96,286,190,1.2871,1.4813
willr_48_sft <= 2.67|willr_24_sft >= -10.246335,LONG,Ret_96,318,212,1.2861,1.4019
willr_13_sft >= -73.803139|willr_13_sft >= -1.36,LONG,Ret_48,216,183,1.2862,0.9925
willr_144_sft >= -7.47|cci_24_sft <= Close_sft,LONG,Ret_72,205,151,1.2621,1.4751
stoch_24_sft >= 76.799507|cci_200_sft <= 158.465622|stoch_48_sft >= 89.911131,LONG,Ret_72,221,167,1.3223,1.9511
hour_sft >= 18.0|stoch_13_sft >= 75.253738,LONG,Ret_72,352,228,1.2528,1.4211
willr_24_sft >= -10.246335|cci_8_sft >= -7.69,LONG,Ret_96,318,212,1.2861,1.4019
willr_8_sft <= -86.997574|cci_34_sft >= -7.38|stoch_21_sft >= 52.372257,LONG,Ret_96,236,159,1.2857,1.3793
willr_13_sft >= -2.87,LONG,Ret_48,341,272,1.308,1.1585
cci_48_sft >= 88.992592|cci_5_sft <= -81.500599,LONG,Ret_72,270,192,1.2827,1.1666
willr_24_sft >= -6.58,LONG,Ret_96,292,199,1.3163,1.1461
willr_24_sft >= -10.246335|stoch_8_sft <= Close_sft,LONG,Ret_96,318,212,1.2861,1.4019
willr_200_sft >= -88.616528|willr_34_sft >= -2.11,LONG,Ret_48,253,196,1.3302,1.2004
stoch_5_sft >= 19.329134|cci_48_sft <= 88.992592|willr_55_sft >= -21.370929,LONG,Ret_72,245,176,1.3867,1.5882
willr_5_sft >= -3.01|stoch_13_sft <= Close_sft,LONG,Ret_96,273,200,1.397,1.3952
cci_34_sft <= 147.839603|stoch_89_sft >= 91.019492|willr_24_sft >= -47.670113,LONG,Ret_48,226,171,1.4193,1.3873
stoch_120_sft >= 3.65|willr_24_sft >= -10.246335,LONG,Ret_96,318,212,1.2861,1.4019
willr_5_sft >= -2.58,LONG,Ret_96,257,185,1.2752,1.2379
willr_48_sft <= -0.64|willr_89_sft >= -6.24,LONG,Ret_72,234,168,1.2541,1.2407
willr_21_sft <= -22.603128|willr_89_sft >= -20.964468,LONG,Ret_96,217,158,1.2915,1.664
stoch_13_sft <= Close_sft|stoch_24_sft >= 52.352547|willr_21_sft >= -1.8,LONG,Ret_48,233,197,1.3685,1.0312
stoch_5_sft <= 19.329134|willr_13_sft >= -73.803139|stoch_34_sft >= 14.102201,LONG,Ret_96,240,147,1.2637,1.1725
willr_120_sft >= -7.05,LONG,Ret_72,212,156,1.2698,1.4793
stoch_5_sft >= 31.54893|willr_55_sft >= -21.370929|hour_sft >= 21.0,LONG,Ret_96,202,141,1.3857,1.8467
stoch_34_sft >= 52.578186|dow_sft >= 4.0,LONG,Ret_72,339,223,1.2603,1.1448
willr_89_sft <= 0.1|willr_24_sft >= -8.28,LONG,Ret_96,306,208,1.3258,1.3053
dow_sft >= 4.0|cci_120_sft >= 9.197132,LONG,Ret_48,278,183,1.3152,1.2209
hour_sft >= 18.0|stoch_24_sft >= 88.371309,LONG,Ret_96,200,148,1.4429,1.5084
cci_200_sft <= Close_sft|willr_21_sft >= -1.79|stoch_120_sft >= 11.689374,LONG,Ret_48,238,198,1.2896,1.0104
willr_5_sft <= 2.94|willr_24_sft >= -10.246335,LONG,Ret_96,318,212,1.2861,1.4019
cci_89_sft <= 4.38|cci_55_sft >= -139.803851|cci_200_sft <= 0.0,LONG,Ret_96,271,156,1.2641,1.1762
cci_13_sft >= 141.797266|stoch_144_sft >= 78.792278,LONG,Ret_72,222,159,1.2592,1.4853
stoch_8_sft <= 73.685162|willr_8_sft <= 6.24|willr_8_sft >= -6.9,LONG,Ret_96,234,168,1.285,1.4939
stoch_89_sft <= 78.79277|willr_8_sft >= -3.46,LONG,Ret_72,275,186,1.2517,1.1613
cci_24_sft >= 147.996594|dow_sft >= 3.0|stoch_144_sft >= 11.597828,LONG,Ret_96,286,190,1.2762,1.487
willr_5_sft >= -4.8|cci_34_sft >= -7.09|cci_24_sft <= 147.996594,LONG,Ret_96,246,180,1.3924,1.5407
stoch_55_sft >= 78.353447|willr_8_sft <= -48.025597|willr_55_sft >= -21.370929,LONG,Ret_72,242,172,1.3501,1.4733
willr_55_sft >= -21.370929|willr_89_sft <= -20.964468,LONG,Ret_72,234,143,1.3777,1.6323
willr_48_sft >= -47.676697|hour_sft >= 21.0,LONG,Ret_72,355,228,1.2695,1.2562
willr_55_sft >= -21.370929|willr_8_sft >= -23.412279,LONG,Ret_96,293,198,1.2506,1.6338
willr_89_sft >= -20.964468|willr_21_sft <= -22.603128,LONG,Ret_96,217,158,1.2915,1.664
willr_24_sft >= -10.246335|stoch_24_sft >= 27.203917|cci_24_sft >= -140.515881,LONG,Ret_96,318,212,1.2861,1.4019
dow_sft >= 5.0|cci_21_sft >= 147.514725,LONG,Ret_96,205,131,1.2679,1.6441
cci_48_sft >= 6.552284|cci_55_sft >= 5.796585|cci_24_sft <= -8.77,LONG,Ret_96,266,185,1.2663,1.3879
cci_21_sft <= 88.019604|cci_144_sft <= 154.351486|cci_144_sft >= 94.331154,LONG,Ret_48,284,189,1.266,1.3657
willr_8_sft >= -23.412279|willr_55_sft >= -21.370929|stoch_5_sft >= 70.960163,LONG,Ret_96,280,195,1.2693,1.555
cci_21_sft >= 7.16|willr_8_sft <= -86.997574,LONG,Ret_96,204,136,1.3525,1.0211
hour_sft >= 18.0|willr_24_sft >= -10.246335,LONG,Ret_96,226,154,1.2843,1.4909
cci_144_sft >= 1.44|willr_24_sft >= -10.246335,LONG,Ret_72,323,218,1.2581,1.5441
willr_5_sft <= -11.066111|cci_13_sft <= 141.797266|willr_120_sft >= -20.933372,LONG,Ret_72,270,194,1.3779,1.5163
hour_sft >= 18.0|cci_21_sft >= 88.019604,LONG,Ret_72,363,241,1.3651,1.3833
stoch_55_sft >= 52.002857|cci_5_sft >= -123.113646|stoch_21_sft <= 52.372257,LONG,Ret_96,280,193,1.2969,1.4569
stoch_21_sft >= 52.372257|dow_sft >= 3.54,LONG,Ret_48,356,230,1.2501,1.0819
willr_120_sft <= -8.566356|stoch_200_sft <= 78.995419|willr_55_sft >= -21.370929,LONG,Ret_72,246,141,1.3087,1.3426
willr_34_sft >= -9.36,LONG,Ret_96,293,195,1.2513,1.6004
cci_89_sft >= 6.709311|dow_sft >= 4.0,LONG,Ret_72,296,202,1.2634,1.176
stoch_120_sft >= 78.952785|cci_5_sft <= 85.088097,LONG,Ret_72,272,193,1.2882,1.4973
willr_21_sft >= -9.59|cci_55_sft >= 90.122112,LONG,Ret_96,268,178,1.324,1.9632
willr_24_sft >= -10.246335|willr_55_sft >= -47.785381,LONG,Ret_96,306,201,1.2531,1.5124
stoch_13_sft <= 75.253738|cci_13_sft >= 141.797266,LONG,Ret_96,299,182,1.2696,1.442
stoch_13_sft >= 86.61523|dow_sft >= 4.0,LONG,Ret_48,267,203,1.2911,0.892
willr_48_sft >= -2.22,LONG,Ret_48,237,184,1.2746,1.0522
cci_5_sft <= 3.84|willr_34_sft >= -22.086793|cci_200_sft >= -76.762646,LONG,Ret_72,293,200,1.3328,1.4613
willr_13_sft >= -10.574783|willr_34_sft >= -47.338058,LONG,Ret_96,334,221,1.2902,1.6358
willr_24_sft >= -6.42|hour_sft <= Close_sft|willr_13_sft <= -4.99,LONG,Ret_96,248,171,1.2558,1.262
willr_34_sft >= -9.820296|willr_48_sft <= -7.22,LONG,Ret_96,260,166,1.324,1.3903
cci_24_sft >= -140.515881|willr_144_sft <= -74.629684,LONG,Ret_96,216,124,1.2654,1.2652
cci_144_sft >= -139.044336|willr_24_sft >= -1.76,LONG,Ret_48,232,184,1.3339,1.2444
cci_21_sft <= 147.514725|willr_89_sft >= -8.693633,LONG,Ret_48,256,187,1.2626,1.6677
hour_sft >= 21.0|stoch_5_sft >= 70.960163,LONG,Ret_96,262,182,1.3047,1.6046
willr_5_sft <= -24.065987|willr_34_sft >= -9.820296,LONG,Ret_72,204,152,1.4222,1.9295
willr_13_sft >= -2.06|willr_34_sft >= -73.735023,LONG,Ret_48,281,229,1.3445,1.1907
willr_8_sft <= -48.025597|willr_21_sft >= -47.765285|hour_sft <= 3.0,LONG,Ret_96,221,135,1.2566,1.3612
cci_144_sft >= 94.331154|stoch_55_sft >= 78.353447,LONG,Ret_72,250,177,1.272,1.5939
willr_89_sft >= -20.964468|hour_sft >= 18.0,LONG,Ret_72,253,175,1.2847,1.6857
willr_24_sft >= -10.246335|cci_24_sft >= 8.51,LONG,Ret_96,318,212,1.2861,1.4019
willr_48_sft >= -21.491477|stoch_21_sft <= 76.412769|cci_48_sft <= 88.992592,LONG,Ret_48,264,190,1.4155,1.39
stoch_120_sft >= 78.952785|cci_55_sft <= 149.44968,LONG,Ret_72,260,187,1.2575,1.4536
hour_sft >= 3.0|willr_13_sft >= -2.22,LONG,Ret_48,282,227,1.3496,1.1938
willr_34_sft >= -2.22,LONG,Ret_48,262,198,1.303,1.2219
willr_24_sft >= -6.96|willr_8_sft <= 2.39,LONG,Ret_96,298,200,1.312,1.1897
willr_13_sft >= -2.79|stoch_200_sft <= Close_sft|willr_89_sft <= -0.78,LONG,Ret_48,289,233,1.3115,1.2598
hour_sft >= 21.0|cci_48_sft >= 6.552284|willr_21_sft >= -73.610996,LONG,Ret_96,292,190,1.2883,1.444
willr_5_sft >= -11.066111|dow_sft <= 2.0|stoch_5_sft <= 70.960163,LONG,Ret_96,234,178,1.2525,1.6226
hour_sft >= 18.0|stoch_34_sft >= 89.12438|stoch_144_sft <= Close_sft,LONG,Ret_72,207,153,1.2893,1.8257
willr_200_sft <= Close_sft|willr_5_sft >= -2.91,LONG,Ret_96,270,196,1.3594,1.3842
willr_24_sft >= -10.246335|cci_5_sft <= Close_sft,LONG,Ret_96,318,212,1.2861,1.4019
willr_5_sft >= -3.04|stoch_144_sft <= 91.5478,LONG,Ret_96,258,186,1.3279,1.5135
cci_48_sft <= Close_sft|willr_144_sft >= -21.067403|willr_24_sft <= -10.246335,LONG,Ret_72,267,184,1.2572,1.4985
willr_13_sft >= -2.95|cci_34_sft >= -138.477072,LONG,Ret_48,348,274,1.3177,1.1707
willr_55_sft >= -21.370929|stoch_120_sft <= 78.952785|hour_sft <= 18.0,LONG,Ret_72,251,150,1.3904,1.5475
cci_48_sft >= -81.041885|willr_34_sft >= -9.37,LONG,Ret_96,293,195,1.2618,1.6029
willr_13_sft >= -2.76|willr_89_sft >= -74.489902|cci_5_sft <= Close_sft,LONG,Ret_48,317,265,1.2532,1.0994
stoch_120_sft >= -2.18|willr_24_sft >= -10.246335,LONG,Ret_96,318,212,1.2861,1.4019
willr_13_sft >= -9.13|cci_55_sft >= 90.122112,LONG,Ret_96,266,175,1.2622,1.6463
cci_48_sft <= Close_sft|cci_13_sft >= 141.797266|stoch_89_sft >= 78.79277,LONG,Ret_96,218,151,1.2528,1.8079
willr_48_sft >= -9.370427|willr_89_sft <= -5.03,LONG,Ret_72,295,205,1.3528,1.282
willr_5_sft >= -3.73,LONG,Ret_96,300,214,1.2748,1.3758
willr_8_sft >= -3.19|willr_34_sft <= -9.820296,LONG,Ret_72,231,180,1.2599,1.3184
stoch_34_sft >= 2.27|willr_24_sft >= -10.246335,LONG,Ret_96,318,212,1.2861,1.4019
willr_34_sft <= -2.87|willr_144_sft <= Close_sft|willr_5_sft >= -2.91,LONG,Ret_96,237,173,1.4055,1.4399
willr_120_sft >= -6.41,LONG,Ret_72,210,155,1.2525,1.4287
willr_120_sft >= -7.28|cci_48_sft >= 6.552284,LONG,Ret_72,214,156,1.273,1.5061
willr_24_sft >= -7.29,LONG,Ret_96,300,201,1.3657,1.2109
stoch_144_sft >= 78.792278|cci_24_sft >= 8.99,LONG,Ret_72,263,184,1.265,1.5385
stoch_5_sft <= 70.960163|willr_8_sft >= -10.769713,LONG,Ret_48,376,278,1.3456,1.4138
cci_21_sft <= 88.019604|willr_89_sft >= -20.964468|stoch_21_sft >= 76.412769,LONG,Ret_48,259,179,1.3499,1.6556
stoch_13_sft <= Close_sft|stoch_120_sft >= 7.3|willr_24_sft >= -7.62,LONG,Ret_96,304,202,1.3362,1.262
stoch_13_sft <= 75.253738|cci_21_sft >= 88.019604,LONG,Ret_96,326,209,1.2986,1.3221
willr_5_sft <= -73.2911|willr_8_sft <= Close_sft|willr_55_sft >= -21.370929,LONG,Ret_48,239,173,1.3575,1.2774
hour_sft >= 18.0|willr_21_sft >= -22.603128|willr_34_sft >= -47.338058,LONG,Ret_72,329,221,1.328,1.5161
willr_55_sft >= -21.370929|cci_144_sft <= 94.331154,LONG,Ret_72,243,162,1.3069,1.8283
hour_sft >= 18.0|willr_13_sft >= -10.574783,LONG,Ret_96,231,156,1.2855,1.6693
willr_8_sft >= -86.997574|stoch_21_sft <= 8.84|willr_55_sft <= -21.370929,LONG,Ret_72,201,124,1.3152,0.8915
stoch_13_sft <= 51.977692|stoch_55_sft >= 78.353447,LONG,Ret_48,224,166,1.4707,1.4625
stoch_48_sft <= 26.389151|stoch_5_sft >= 70.960163,LONG,Ret_72,225,144,1.3345,1.4203
cci_55_sft >= 5.796585|hour_sft >= 21.0,LONG,Ret_96,289,194,1.2654,1.3009
stoch_8_sft <= 73.685162|cci_13_sft >= 141.797266,LONG,Ret_96,280,176,1.3003,1.7185
willr_24_sft >= -10.246335|stoch_5_sft >= -4.52,LONG,Ret_96,318,212,1.2861,1.4019
cci_8_sft >= 9.29|hour_sft >= 18.0|stoch_89_sft >= 78.79277,LONG,Ret_72,236,162,1.3479,1.6665
stoch_13_sft <= 51.977692|willr_55_sft >= -21.370929|cci_144_sft >= -8.17,LONG,Ret_48,232,160,1.2799,1.4987
willr_48_sft <= -1.6|willr_24_sft >= -10.246335,LONG,Ret_96,316,211,1.2679,1.4161
hour_sft >= 21.0|willr_48_sft >= -21.491477|stoch_13_sft <= 86.61523,LONG,Ret_72,210,142,1.5331,2.1804
cci_144_sft >= 94.331154|stoch_5_sft >= 70.960163,LONG,Ret_72,255,181,1.3015,1.5023
stoch_8_sft <= 29.39655|willr_5_sft >= -48.3848|stoch_24_sft >= 27.203917,LONG,Ret_96,212,119,1.313,1.0638
willr_24_sft >= -10.246335|stoch_55_sft >= 6.76,LONG,Ret_96,318,212,1.2861,1.4019
willr_34_sft >= -2.02|willr_8_sft >= -86.997574,LONG,Ret_48,246,194,1.3466,1.1637
dow_sft >= 2.0|cci_13_sft <= Close_sft|stoch_89_sft >= 91.019492,LONG,Ret_72,207,157,1.3355,1.3408
cci_8_sft <= 4.68363|stoch_55_sft >= 78.353447|stoch_34_sft <= Close_sft,LONG,Ret_72,280,197,1.2925,1.5202
hour_sft >= 21.0|stoch_8_sft <= Close_sft|stoch_13_sft >= 75.253738,LONG,Ret_72,287,194,1.255,1.1113
willr_5_sft >= -5.93,LONG,Ret_96,337,229,1.2552,1.5316
cci_34_sft >= -6.14|willr_24_sft >= -10.246335,LONG,Ret_96,318,212,1.2676,1.3994
cci_48_sft >= 6.552284|hour_sft >= 21.0,LONG,Ret_96,292,193,1.3381,1.3915
willr_24_sft >= -1.87|cci_55_sft >= 5.796585,LONG,Ret_48,233,184,1.4242,1.1619
willr_48_sft >= -21.491477|hour_sft >= 21.0,LONG,Ret_96,210,150,1.4964,1.7018
stoch_200_sft >= 53.92704|cci_21_sft >= 147.514725,LONG,Ret_96,236,158,1.2504,1.5675
cci_5_sft >= 4.213535|willr_5_sft >= -2.59,LONG,Ret_96,257,185,1.2736,1.2415
cci_89_sft >= -142.344937|stoch_24_sft >= 52.352547|hour_sft >= 21.0,LONG,Ret_96,307,196,1.3291,1.2889
stoch_200_sft <= Close_sft|willr_24_sft >= -10.246335,LONG,Ret_96,318,212,1.2861,1.4019
willr_21_sft >= -7.52,LONG,Ret_96,307,211,1.2747,1.1947
willr_24_sft >= -10.246335|cci_8_sft >= -81.673649|willr_21_sft <= 3.49,LONG,Ret_96,318,212,1.2861,1.4019
stoch_24_sft >= 76.799507|stoch_34_sft >= 52.578186|cci_144_sft >= 94.331154,LONG,Ret_72,249,178,1.2664,1.4979
willr_144_sft <= -21.067403|cci_89_sft >= 92.295536,LONG,Ret_72,210,132,1.2559,1.0059
willr_5_sft >= -3.09|cci_144_sft <= Close_sft,LONG,Ret_96,276,204,1.3915,1.3157
willr_5_sft >= -2.6,LONG,Ret_96,259,185,1.2521,1.2415
cci_8_sft <= -1.78|stoch_55_sft >= 78.353447,LONG,Ret_72,276,196,1.2687,1.5232
willr_24_sft >= -10.246335|cci_21_sft >= 5.96,LONG,Ret_96,318,212,1.2861,1.4019
willr_5_sft >= -3.67|stoch_34_sft >= 52.578186,LONG,Ret_96,239,168,1.3575,1.5728
willr_48_sft >= -1.86,LONG,Ret_48,218,171,1.3178,1.1092
cci_48_sft >= -1.02|cci_21_sft <= 4.947041,LONG,Ret_96,302,201,1.2821,1.3464
willr_13_sft >= -1.59|willr_55_sft <= Close_sft,LONG,Ret_48,244,194,1.3078,1.1256
stoch_8_sft <= 73.685162|cci_120_sft >= 93.799591,LONG,Ret_72,264,180,1.2542,1.4988
willr_5_sft >= -3.94|willr_5_sft <= -2.75,LONG,Ret_72,231,175,1.2655,1.5691
willr_48_sft >= -9.370427|cci_21_sft <= 147.514725|cci_13_sft >= 6.65,LONG,Ret_72,252,189,1.3472,1.5645
cci_34_sft <= 147.839603|stoch_48_sft >= 89.911131|stoch_34_sft >= 89.12438,LONG,Ret_72,204,149,1.3024,1.7999
stoch_8_sft <= 73.685162|willr_55_sft <= Close_sft|willr_55_sft >= -21.370929,LONG,Ret_72,331,227,1.279,1.3316
willr_13_sft >= -1.92|cci_55_sft >= -6.67,LONG,Ret_48,234,201,1.3291,1.4122
stoch_55_sft >= 78.353447|cci_8_sft <= -81.673649,LONG,Ret_48,275,197,1.2697,1.3494
willr_144_sft >= -46.708836|willr_5_sft <= -87.301361,LONG,Ret_96,232,165,1.26,1.4579
willr_24_sft >= -10.246335|hour_sft >= 6.0,LONG,Ret_96,306,206,1.4058,1.3635
willr_8_sft <= -86.997574|willr_24_sft >= -47.670113|stoch_120_sft >= 11.689374,LONG,Ret_72,245,165,1.3553,1.1512
willr_24_sft >= -9.47|willr_48_sft >= -87.629999,LONG,Ret_96,313,209,1.2606,1.4145
willr_144_sft >= -21.067403|stoch_13_sft >= 75.253738,LONG,Ret_72,251,182,1.3598,1.581
willr_24_sft >= -10.246335|stoch_55_sft >= 7.27,LONG,Ret_96,318,212,1.2861,1.4019
cci_34_sft >= -81.230389|cci_13_sft <= 141.797266|stoch_48_sft >= 89.911131,LONG,Ret_72,259,184,1.3376,1.7261
dow_sft <= 3.0|willr_34_sft >= -9.820296,LONG,Ret_96,259,171,1.2845,1.8355
cci_144_sft >= -139.044336|willr_13_sft >= -10.574783|willr_55_sft >= -21.370929,LONG,Ret_96,267,186,1.2722,1.6698
cci_120_sft >= 9.197132|willr_34_sft >= -9.820296|willr_24_sft <= -3.85,LONG,Ret_96,252,168,1.3002,1.9205
willr_13_sft <= -86.712366|dow_sft >= 1.0|willr_55_sft >= -73.947689,LONG,Ret_96,290,188,1.3102,1.3455
willr_5_sft >= -2.91|stoch_120_sft <= Close_sft,LONG,Ret_96,270,196,1.3594,1.3842
cci_5_sft <= 85.088097|willr_55_sft >= -9.120182,LONG,Ret_96,203,145,1.2731,1.837
cci_120_sft >= -3.39|dow_sft >= 4.0,LONG,Ret_48,288,191,1.3257,1.2337
willr_24_sft >= -1.64|cci_200_sft <= Close_sft,LONG,Ret_48,221,177,1.3273,1.2424
stoch_5_sft <= 19.329134|willr_21_sft <= -10.353555|willr_13_sft >= -73.803139,LONG,Ret_96,245,156,1.261,1.1609
willr_24_sft >= -10.246335|willr_55_sft >= -73.947689|willr_8_sft >= -86.997574,LONG,Ret_96,318,212,1.2861,1.4019
dow_sft >= 3.8|cci_144_sft >= 1.5|willr_89_sft <= 6.41,LONG,Ret_48,280,185,1.2901,1.2146
willr_24_sft >= -22.44638|stoch_8_sft >= 85.06998,LONG,Ret_96,299,200,1.2653,1.3983
cci_8_sft >= -6.9|willr_5_sft >= -5.34,LONG,Ret_96,328,226,1.3066,1.5312
cci_120_sft >= -5.04|willr_5_sft >= -24.065987|willr_89_sft >= -8.9,LONG,Ret_72,246,179,1.2855,1.2705
hour_sft >= 18.0|stoch_34_sft >= 52.578186|cci_89_sft >= -80.669346,LONG,Ret_72,408,269,1.3139,1.4235
willr_34_sft >= -2.43|cci_55_sft <= Close_sft,LONG,Ret_48,271,206,1.267,1.258
cci_8_sft >= 135.660733|stoch_89_sft >= 78.79277|stoch_34_sft <= Close_sft,LONG,Ret_96,210,148,1.2841,2.154
willr_48_sft >= -21.491477|willr_120_sft >= -46.861408|willr_144_sft >= -21.067403,LONG,Ret_72,260,181,1.2685,1.4421
willr_21_sft >= -2.12,LONG,Ret_48,264,219,1.2766,1.062
willr_34_sft >= -22.086793|willr_5_sft >= -48.3848|willr_24_sft >= -10.246335,LONG,Ret_96,301,203,1.28,1.5795
cci_48_sft <= 88.992592|willr_89_sft >= -20.964468,LONG,Ret_48,272,204,1.3246,1.4433
stoch_200_sft >= 26.386054|stoch_5_sft >= 51.247913|cci_89_sft >= 4.43,LONG,Ret_96,324,221,1.25,1.4617
willr_34_sft >= -1.69,LONG,Ret_48,222,178,1.4251,1.3366
stoch_89_sft <= 78.79277|cci_5_sft >= -3.81|willr_55_sft >= -21.370929,LONG,Ret_72,284,187,1.2848,1.5237
willr_13_sft >= -2.77|willr_5_sft <= 6.27|stoch_200_sft <= Close_sft,LONG,Ret_48,328,269,1.329,1.1378
willr_55_sft >= -21.370929|stoch_5_sft >= 70.960163,LONG,Ret_96,288,195,1.2659,1.6033
willr_55_sft >= -21.370929|stoch_8_sft <= 85.06998,LONG,Ret_72,356,238,1.2543,1.6383
stoch_13_sft <= 51.977692|stoch_13_sft <= Close_sft|willr_48_sft >= -21.491477,LONG,Ret_48,254,181,1.4063,1.2421
stoch_13_sft <= 75.253738|willr_48_sft >= -21.491477,LONG,Ret_72,328,226,1.3222,1.4508
willr_89_sft >= -8.12|willr_144_sft <= 3.46,LONG,Ret_72,250,178,1.2557,1.3005
willr_120_sft >= -7.08,LONG,Ret_72,212,156,1.29,1.4828
willr_8_sft <= -86.997574|cci_21_sft >= 4.41|willr_21_sft >= -86.620166,LONG,Ret_96,209,142,1.3656,1.0142
cci_5_sft <= 124.421092|willr_89_sft >= -8.693633,LONG,Ret_96,203,141,1.2623,2.2543
willr_144_sft >= -21.067403|willr_55_sft >= -21.370929,LONG,Ret_72,256,180,1.2734,1.4584
willr_24_sft >= -10.246335|dow_sft <= 5.0,LONG,Ret_96,318,212,1.2861,1.4019
cci_55_sft >= 5.796585|cci_34_sft >= -81.230389|hour_sft >= 21.0,LONG,Ret_96,289,194,1.2654,1.3209
stoch_34_sft >= 14.102201|stoch_34_sft >= 52.578186|dow_sft >= 3.74,LONG,Ret_72,339,223,1.2603,1.1448
stoch_5_sft >= 51.247913|willr_13_sft >= -2.91|cci_120_sft <= 153.230298,LONG,Ret_48,283,224,1.4403,1.1532
stoch_13_sft >= 75.253738|stoch_34_sft >= 77.567905,LONG,Ret_96,309,202,1.2502,1.6316
stoch_24_sft >= 27.203917|stoch_5_sft <= 19.329134|hour_sft <= 12.0,LONG,Ret_96,257,154,1.2603,1.1028
willr_144_sft >= -21.067403|cci_120_sft >= 9.197132|stoch_120_sft >= 78.952785,LONG,Ret_72,261,180,1.2954,1.5022
stoch_13_sft >= -9.08|cci_200_sft <= 158.465622|willr_34_sft >= -9.820296,LONG,Ret_96,271,182,1.3373,1.5967
cci_89_sft <= 151.437155|hour_sft >= 21.0|cci_34_sft >= 6.342597,LONG,Ret_96,279,186,1.3094,1.2626
willr_13_sft >= -1.88,LONG,Ret_48,269,215,1.2829,1.3298
stoch_34_sft >= 77.567905|hour_sft >= 18.0,LONG,Ret_72,300,204,1.2925,1.7305
willr_13_sft >= -10.574783|cci_13_sft <= Close_sft|willr_24_sft >= -10.246335,LONG,Ret_96,307,205,1.3053,1.331
stoch_13_sft >= 16.079409|willr_34_sft >= -2.68|stoch_8_sft >= 73.685162,LONG,Ret_48,271,207,1.2655,1.3029
cci_13_sft <= 141.797266|cci_120_sft >= 8.12|willr_55_sft >= -9.120182,LONG,Ret_96,213,146,1.3416,2.1527
willr_24_sft >= -2.04|stoch_120_sft >= 25.286335,LONG,Ret_48,250,197,1.3802,1.1417
willr_5_sft >= -3.21,LONG,Ret_96,282,205,1.3734,1.3215
willr_21_sft >= -47.765285|cci_120_sft <= 93.799591|hour_sft >= 18.0,LONG,Ret_96,298,184,1.3632,1.0785
willr_144_sft <= Close_sft|willr_24_sft >= -10.246335,LONG,Ret_96,318,212,1.2861,1.4019
willr_144_sft <= -8.323804|cci_21_sft >= -140.709915|willr_5_sft >= -2.97,LONG,Ret_96,244,172,1.2729,1.6451
willr_200_sft >= -88.616528|willr_5_sft >= -2.6,LONG,Ret_96,256,179,1.2969,1.2615
willr_21_sft >= -1.87|stoch_24_sft >= 27.203917|willr_34_sft >= -47.338058,LONG,Ret_48,242,203,1.271,1.0301
willr_24_sft >= -8.44,LONG,Ret_96,306,208,1.3304,1.3063
willr_8_sft >= -2.93|cci_55_sft <= Close_sft,LONG,Ret_96,267,188,1.258,1.4563
stoch_21_sft >= 87.931494|stoch_89_sft >= 52.000851,LONG,Ret_96,250,179,1.2831,1.5426
willr_55_sft >= -21.370929|willr_8_sft <= -48.025597,LONG,Ret_72,252,176,1.289,1.5425
willr_34_sft >= -1.75|cci_13_sft >= -81.587856,LONG,Ret_48,226,180,1.4082,1.343
stoch_13_sft >= -4.0|willr_34_sft >= -9.820296|willr_89_sft <= -8.95,LONG,Ret_96,232,141,1.2684,1.459
stoch_200_sft >= 6.03|willr_5_sft >= -3.38,LONG,Ret_96,288,204,1.4192,1.3714
cci_34_sft >= 6.342597|dow_sft >= 4.0,LONG,Ret_72,346,227,1.2507,1.2032
stoch_120_sft >= 78.952785|hour_sft >= 21.0,LONG,Ret_48,234,175,1.2872,1.3514
willr_24_sft >= -7.13|stoch_21_sft >= 5.07,LONG,Ret_96,299,201,1.3398,1.2039
stoch_5_sft <= 70.960163|willr_24_sft >= -8.65,LONG,Ret_72,257,179,1.2571,1.5261
cci_48_sft >= 9.24|stoch_48_sft <= 52.216015,LONG,Ret_96,265,159,1.2958,1.3484
willr_5_sft >= -4.01,LONG,Ret_96,307,216,1.2611,1.4045
willr_5_sft >= -3.07,LONG,Ret_96,274,204,1.4085,1.3168
stoch_8_sft >= 17.346303|willr_13_sft >= -2.24,LONG,Ret_48,294,237,1.3448,1.1498
hour_sft >= 18.0|dow_sft <= 2.0|willr_24_sft >= -47.670113,LONG,Ret_96,296,187,1.2531,1.4438
stoch_144_sft >= 78.792278|stoch_21_sft >= 76.412769,LONG,Ret_72,239,170,1.4116,1.6256
stoch_89_sft >= 25.644902|hour_sft >= 21.0,LONG,Ret_96,324,207,1.2893,1.4033
willr_120_sft <= -8.566356|willr_55_sft >= -9.120182,LONG,Ret_72,204,129,1.302,1.3777
willr_34_sft >= -9.820296|willr_120_sft >= -46.861408|stoch_55_sft >= 52.002857,LONG,Ret_96,257,178,1.2643,1.482
willr_5_sft <= -2.16|willr_13_sft <= -10.574783|willr_55_sft >= -9.120182,LONG,Ret_48,269,214,1.342,1.4407
cci_24_sft >= -2.53|dow_sft >= 4.0|cci_120_sft >= -4.98,LONG,Ret_72,282,190,1.2855,1.3153
stoch_5_sft <= 19.329134|cci_13_sft >= -81.587856,LONG,Ret_96,240,146,1.3148,1.3979
stoch_200_sft >= 11.452757|willr_8_sft >= -3.12,LONG,Ret_96,272,193,1.2606,1.2591
willr_24_sft >= -10.246335|cci_21_sft >= 7.38,LONG,Ret_96,318,212,1.2861,1.4019
dow_sft >= 4.0|cci_34_sft <= Close_sft|stoch_21_sft >= 87.931494,LONG,Ret_48,235,176,1.4038,0.9845
willr_200_sft <= -20.988032|cci_8_sft >= 135.660733|willr_21_sft >= -10.353555,LONG,Ret_96,208,130,1.2747,1.1369
willr_48_sft >= -87.629999|cci_5_sft >= -4.45|willr_24_sft >= -10.246335,LONG,Ret_96,318,212,1.2835,1.4008
willr_8_sft >= -10.769713|willr_48_sft <= -47.676697|cci_120_sft >= -139.774255,LONG,Ret_96,241,156,1.2915,1.4497
willr_13_sft <= -73.803139|stoch_144_sft <= 53.37355|hour_sft >= 21.0,LONG,Ret_96,199,118,1.2903,1.4976
cci_13_sft <= 141.797266|willr_55_sft >= -9.120182,LONG,Ret_96,220,155,1.3092,2.0621
hour_sft >= -5.34|willr_24_sft >= -10.246335,LONG,Ret_96,318,212,1.2861,1.4019
stoch_55_sft >= 90.256581|stoch_13_sft <= 86.61523,LONG,Ret_72,217,159,1.2561,1.5638
willr_21_sft >= -7.23,LONG,Ret_96,305,210,1.2624,1.1783
willr_48_sft >= -9.370427|stoch_5_sft >= 82.694817,LONG,Ret_96,226,163,1.2862,1.7076
willr_24_sft >= -10.246335|cci_24_sft >= -140.515881,LONG,Ret_96,318,212,1.2861,1.4019
willr_5_sft <= -11.066111|stoch_13_sft >= -9.06|willr_120_sft >= -20.933372,LONG,Ret_72,281,202,1.279,1.4245
cci_55_sft >= -81.256191|cci_48_sft <= -81.041885,LONG,Ret_72,218,141,1.2688,1.1278
willr_34_sft >= -22.086793|stoch_144_sft >= 78.792278,LONG,Ret_72,244,173,1.251,1.5382
willr_24_sft >= -10.246335|cci_34_sft <= Close_sft|stoch_200_sft >= -1.57,LONG,Ret_96,318,212,1.2861,1.4019
stoch_144_sft <= Close_sft|willr_24_sft >= -10.246335,LONG,Ret_96,318,212,1.2861,1.4019
willr_24_sft >= -10.246335|willr_144_sft >= -88.512123,LONG,Ret_96,318,212,1.2861,1.4019
willr_5_sft >= -3.5|cci_24_sft >= 7.66,LONG,Ret_72,305,222,1.3505,1.2275
stoch_89_sft >= 4.53|willr_13_sft >= -1.91,LONG,Ret_48,274,221,1.2766,1.2581
willr_21_sft >= -7.44|stoch_13_sft >= 16.079409,LONG,Ret_96,306,211,1.2866,1.1763
cci_13_sft <= Close_sft|willr_13_sft <= -86.712366|willr_55_sft >= -73.947689,LONG,Ret_96,290,188,1.3102,1.3455
cci_34_sft <= Close_sft|willr_24_sft >= -7.67,LONG,Ret_96,304,202,1.3343,1.2643
cci_5_sft >= 124.421092|willr_34_sft >= -9.820296|cci_13_sft <= 141.797266,LONG,Ret_72,230,154,1.2912,1.4161
willr_24_sft >= -10.246335|cci_144_sft >= -139.044336,LONG,Ret_96,318,212,1.2854,1.4019
stoch_13_sft >= 16.079409|willr_24_sft >= -10.246335,LONG,Ret_96,318,212,1.2861,1.4019
willr_24_sft >= -10.246335|willr_13_sft <= 6.91,LONG,Ret_96,318,212,1.2861,1.4019
willr_34_sft >= -1.84,LONG,Ret_48,231,187,1.4012,1.1801
willr_13_sft >= -10.574783|willr_24_sft >= -10.246335,LONG,Ret_96,307,205,1.3053,1.331
willr_120_sft >= -6.88,LONG,Ret_72,211,156,1.2672,1.4756
willr_48_sft >= -21.491477|stoch_21_sft <= 76.412769,LONG,Ret_72,318,222,1.2934,1.3719
willr_89_sft >= -8.693633|cci_21_sft <= 147.514725,LONG,Ret_48,256,187,1.2626,1.6677
stoch_34_sft >= 14.102201|willr_21_sft >= -10.353555|stoch_200_sft >= 26.386054,LONG,Ret_96,301,206,1.2562,1.4985
willr_24_sft >= -10.246335|cci_8_sft >= 9.37,LONG,Ret_96,318,212,1.2861,1.4019
cci_55_sft >= 90.122112|cci_24_sft >= 88.543152|hour_sft <= 3.27,LONG,Ret_72,226,159,1.2561,1.107
willr_34_sft >= -1.7,LONG,Ret_48,224,178,1.4143,1.3366
dow_sft >= 4.0|willr_34_sft >= -47.338058|stoch_89_sft >= 52.000851,LONG,Ret_72,279,190,1.297,1.258
willr_89_sft >= -20.964468|cci_13_sft <= 87.3848,LONG,Ret_96,228,160,1.2674,1.6883
willr_24_sft >= -8.61,LONG,Ret_96,306,208,1.3265,1.328
cci_55_sft <= 149.44968|willr_55_sft >= -9.120182,LONG,Ret_72,234,172,1.3123,1.3621
willr_89_sft >= -47.90955|stoch_21_sft >= 87.931494,LONG,Ret_96,253,183,1.3044,1.4442
stoch_5_sft >= -6.72|willr_24_sft >= -10.246335,LONG,Ret_96,318,212,1.2861,1.4019
cci_8_sft <= 4.68363|cci_144_sft >= -139.044336|willr_55_sft >= -21.370929,LONG,Ret_72,247,174,1.3341,1.5362
willr_34_sft >= -9.820296|cci_89_sft >= 92.295536|stoch_200_sft >= 53.92704,LONG,Ret_72,244,173,1.2847,1.4359
cci_34_sft <= 147.839603|cci_24_sft >= 147.996594,LONG,Ret_96,250,159,1.3459,1.1821
stoch_89_sft >= 3.55|cci_24_sft <= 147.996594|stoch_55_sft >= 90.256581,LONG,Ret_96,200,145,1.3665,1.819
willr_5_sft <= -11.066111|willr_55_sft >= -9.120182,LONG,Ret_72,266,185,1.2547,1.6997
willr_24_sft >= -2.56|cci_89_sft >= -80.669346,LONG,Ret_48,290,222,1.2781,1.1593
willr_24_sft >= -7.66,LONG,Ret_96,304,202,1.3376,1.2643
willr_24_sft <= -10.246335|stoch_21_sft >= 2.82|willr_5_sft >= -5.25,LONG,Ret_96,276,199,1.2908,1.2857
dow_sft >= 3.0|willr_144_sft <= -74.629684,LONG,Ret_96,208,108,1.2808,1.1721
dow_sft >= 3.06|cci_120_sft >= 9.197132,LONG,Ret_48,278,183,1.3152,1.2209
cci_48_sft <= 88.992592|willr_55_sft >= -21.370929,LONG,Ret_72,246,176,1.3905,1.5815
stoch_55_sft >= 90.256581|stoch_8_sft <= 85.06998,LONG,Ret_96,200,145,1.2556,1.8932
cci_89_sft >= -142.344937|willr_21_sft >= -7.93,LONG,Ret_96,311,211,1.2506,1.2392
hour_sft <= 3.0|willr_24_sft >= -22.44638|stoch_24_sft >= 52.352547,LONG,Ret_96,259,162,1.2958,1.6797
hour_sft >= 21.0|stoch_144_sft >= 7.76|stoch_21_sft >= 76.412769,LONG,Ret_96,243,163,1.3644,1.4819
willr_21_sft <= Close_sft|cci_144_sft >= 94.331154|cci_24_sft >= 88.543152,LONG,Ret_72,258,183,1.2763,1.4925
stoch_120_sft <= 91.232881|stoch_48_sft >= 89.911131,LONG,Ret_72,200,122,1.2512,1.4624
willr_55_sft >= -21.370929|cci_144_sft >= 10.995758|stoch_8_sft <= 73.685162,LONG,Ret_72,296,194,1.2506,1.5279
stoch_120_sft >= -8.01|willr_24_sft >= -10.246335,LONG,Ret_96,318,212,1.2861,1.4019
willr_24_sft >= -10.246335|stoch_120_sft <= Close_sft,LONG,Ret_96,318,212,1.2861,1.4019
cci_24_sft <= 147.996594|willr_55_sft >= -9.120182|stoch_21_sft >= 52.372257,LONG,Ret_96,207,154,1.3335,1.8446
willr_13_sft >= -1.81|willr_200_sft >= -73.594006,LONG,Ret_48,244,200,1.3455,1.2181
cci_24_sft <= 4.962039|willr_34_sft >= -47.338058|cci_55_sft >= -0.4,LONG,Ret_72,305,202,1.2524,1.3961
willr_24_sft >= -73.549549|willr_24_sft >= -10.246335,LONG,Ret_96,318,212,1.2861,1.4019
stoch_24_sft <= 14.649273|stoch_48_sft <= 26.389151|hour_sft <= 6.0,LONG,Ret_48,223,143,1.2549,1.4137
stoch_55_sft >= 78.353447|cci_13_sft <= 3.862034,LONG,Ret_48,288,204,1.2524,1.5525
willr_55_sft >= -47.785381|willr_89_sft >= -8.64|dow_sft >= 2.0,LONG,Ret_72,238,174,1.2643,1.3763
willr_8_sft >= -10.769713|cci_89_sft <= Close_sft|willr_24_sft >= -22.44638,LONG,Ret_96,321,213,1.2655,1.4158
stoch_8_sft >= 17.346303|willr_24_sft >= -10.246335,LONG,Ret_96,318,212,1.2861,1.4019
willr_55_sft >= -9.120182|cci_21_sft <= 147.514725,LONG,Ret_96,206,157,1.4091,1.9035
cci_8_sft >= 9.73|willr_144_sft <= 0.19|willr_21_sft >= -7.89,LONG,Ret_96,311,211,1.2518,1.238
cci_89_sft >= -142.344937|stoch_89_sft >= -2.94|willr_13_sft >= -1.86,LONG,Ret_48,269,214,1.3095,1.3327
hour_sft >= 12.0|willr_8_sft >= -4.29,LONG,Ret_48,317,253,1.2993,1.224
willr_48_sft >= -21.491477|willr_144_sft >= -21.067403,LONG,Ret_72,260,181,1.2685,1.4421
cci_55_sft <= Close_sft|willr_89_sft >= -6.38,LONG,Ret_72,235,172,1.2596,1.2235
willr_8_sft >= -2.32|cci_144_sft <= 94.331154,LONG,Ret_72,210,143,1.256,1.2478
willr_55_sft <= -9.120182|stoch_34_sft >= 77.567905|hour_sft >= 21.0,LONG,Ret_72,236,156,1.3685,2.051
willr_48_sft <= 6.06|willr_24_sft >= -10.246335,LONG,Ret_96,318,212,1.2861,1.4019
willr_24_sft >= -10.246335|cci_120_sft >= -139.774255,LONG,Ret_96,318,212,1.2861,1.4019
cci_120_sft >= 9.197132|cci_13_sft <= 4.4|stoch_48_sft >= 78.212299,LONG,Ret_48,262,179,1.2797,1.5525
stoch_89_sft <= Close_sft|willr_21_sft >= -7.32,LONG,Ret_96,306,210,1.2635,1.1845
willr_34_sft >= -2.07,LONG,Ret_48,250,195,1.3065,1.1892
willr_24_sft >= -6.92|stoch_48_sft >= 26.389151,LONG,Ret_96,298,197,1.2688,1.1809
hour_sft >= 21.0|willr_21_sft >= -22.603128,LONG,Ret_96,236,162,1.486,1.4119
willr_48_sft <= 1.84|willr_24_sft >= -10.246335,LONG,Ret_96,318,212,1.2861,1.4019
willr_48_sft >= -5.69|stoch_48_sft >= 89.911131,LONG,Ret_72,245,184,1.2566,1.3795
cci_55_sft >= 5.796585|willr_13_sft >= -10.574783|willr_34_sft >= -87.072878,LONG,Ret_96,311,209,1.2815,1.4697
stoch_24_sft >= -2.39|willr_24_sft >= -10.246335|willr_13_sft >= -73.803139,LONG,Ret_96,318,212,1.2861,1.4019
hour_sft <= 8.69|stoch_5_sft <= 19.329134|stoch_13_sft <= Close_sft,LONG,Ret_96,275,164,1.3183,1.3285
willr_5_sft >= -5.54,LONG,Ret_96,333,228,1.2872,1.6042
cci_21_sft >= -80.637592|willr_24_sft >= -10.246335,LONG,Ret_96,318,212,1.2861,1.4019
cci_144_sft >= 94.331154|willr_120_sft <= -2.88|willr_5_sft <= -24.065987,LONG,Ret_72,259,182,1.2618,1.5674
willr_34_sft >= -7.57|stoch_5_sft <= 82.694817,LONG,Ret_96,255,168,1.2502,1.4348
willr_48_sft >= -9.01|stoch_89_sft >= -0.46|willr_5_sft <= -11.066111,LONG,Ret_72,272,191,1.3004,1.6645
stoch_8_sft <= 85.06998|stoch_48_sft >= 89.911131,LONG,Ret_72,236,172,1.2925,1.6783
willr_24_sft >= -22.44638|willr_48_sft <= Close_sft|hour_sft >= 18.0,LONG,Ret_96,288,186,1.2665,1.4612
stoch_24_sft >= 88.371309|cci_13_sft <= 141.797266,LONG,Ret_96,267,176,1.2957,1.6273
cci_5_sft >= 85.088097|cci_34_sft <= 147.839603|willr_55_sft >= -21.370929,LONG,Ret_96,260,177,1.2612,1.8581
stoch_120_sft >= 78.952785|cci_48_sft <= 149.45737,LONG,Ret_72,262,187,1.3088,1.474
willr_24_sft >= -7.91|stoch_5_sft >= 51.247913,LONG,Ret_96,304,202,1.308,1.307
stoch_89_sft >= 2.2|willr_24_sft >= -10.246335,LONG,Ret_96,318,212,1.2861,1.4019
stoch_5_sft <= 19.329134|hour_sft >= 21.0|cci_48_sft <= Close_sft,LONG,Ret_96,200,134,1.3066,2.1306
willr_120_sft >= -6.88|willr_48_sft >= -87.629999,LONG,Ret_72,211,156,1.2672,1.4756
willr_24_sft <= -10.246335|willr_48_sft >= -9.370427,LONG,Ret_48,238,170,1.4557,1.648
willr_55_sft >= -9.120182|stoch_34_sft >= 89.12438,LONG,Ret_48,311,231,1.2677,1.3405
cci_55_sft >= 5.796585|cci_13_sft <= 6.62|willr_120_sft >= -74.639439,LONG,Ret_96,310,205,1.2652,1.3782
cci_8_sft >= 86.080036|hour_sft >= 21.0,LONG,Ret_96,230,150,1.412,1.5732
willr_48_sft >= -47.676697|stoch_144_sft >= 78.792278,LONG,Ret_72,264,183,1.2573,1.5884
stoch_89_sft >= 91.019492|dow_sft >= 1.2,LONG,Ret_72,207,157,1.3355,1.3408
hour_sft >= 3.0|willr_48_sft >= -9.370427,LONG,Ret_96,262,181,1.2648,1.7852
willr_48_sft >= -9.370427|cci_21_sft <= 147.514725|stoch_34_sft >= 77.567905,LONG,Ret_72,249,184,1.3419,1.683
cci_34_sft >= 88.784065|hour_sft >= 18.0|willr_55_sft >= -47.785381,LONG,Ret_96,270,183,1.2524,1.2747
hour_sft >= 21.0|cci_21_sft >= 4.947041,LONG,Ret_96,300,198,1.3726,1.3063
hour_sft >= 21.0|cci_144_sft >= -78.18689,LONG,Ret_96,322,209,1.3137,1.387
willr_5_sft >= -11.066111|stoch_55_sft >= 90.256581|stoch_89_sft >= 12.177773,LONG,Ret_48,264,200,1.2665,1.2599
willr_5_sft >= -24.065987|stoch_55_sft >= 12.843636|willr_89_sft >= -8.693633,LONG,Ret_72,246,178,1.282,1.2864
stoch_8_sft <= 29.39655|willr_55_sft >= -47.785381|stoch_34_sft <= 89.12438,LONG,Ret_72,333,221,1.3035,1.3448
willr_89_sft <= -3.26|willr_24_sft >= -10.246335,LONG,Ret_96,308,204,1.2579,1.403
willr_34_sft >= -9.820296|stoch_89_sft <= 91.019492,LONG,Ret_96,275,178,1.2843,1.3534
stoch_89_sft <= 91.019492|stoch_24_sft >= 88.371309|willr_5_sft >= -11.066111,LONG,Ret_48,233,145,1.3763,1.5445
willr_24_sft >= -10.246335|willr_13_sft >= -86.712366,LONG,Ret_96,318,212,1.2861,1.4019
willr_55_sft >= -9.120182|willr_24_sft >= -22.44638|cci_5_sft >= 124.421092,LONG,Ret_72,273,190,1.3403,1.175
cci_5_sft >= -1.81|cci_200_sft >= -76.762646|cci_5_sft <= 4.213535,LONG,Ret_48,257,165,1.3104,0.8538
willr_21_sft >= -10.353555|willr_13_sft >= -10.574783,LONG,Ret_96,317,214,1.337,1.3674
willr_13_sft >= -22.987964|willr_13_sft >= -1.51,LONG,Ret_72,208,163,1.3163,1.0795
stoch_144_sft >= 25.448192|willr_55_sft >= -73.947689|willr_13_sft >= -2.75,LONG,Ret_48,293,248,1.2986,1.154
willr_24_sft >= -10.246335|cci_8_sft <= Close_sft,LONG,Ret_96,318,212,1.2861,1.4019
cci_144_sft >= -139.044336|willr_21_sft >= -73.610996|willr_24_sft >= -10.246335,LONG,Ret_96,318,212,1.2854,1.4019
willr_24_sft >= -8.74,LONG,Ret_96,306,208,1.3469,1.3492
willr_48_sft >= -1.99|willr_8_sft <= 3.81,LONG,Ret_48,222,176,1.3789,1.1256
stoch_34_sft >= 89.12438|cci_55_sft >= 90.122112|hour_sft >= 9.13,LONG,Ret_72,267,191,1.2764,1.4783
stoch_13_sft >= 28.17095|willr_34_sft >= -9.37,LONG,Ret_96,293,195,1.2618,1.6029
willr_55_sft >= -73.947689|willr_24_sft >= -10.246335,LONG,Ret_96,318,212,1.2861,1.4019
stoch_8_sft >= 17.346303|willr_13_sft >= -1.6,LONG,Ret_48,245,195,1.3113,1.1286
cci_34_sft <= 6.342597|willr_8_sft >= -9.56|cci_144_sft <= 10.995758,LONG,Ret_72,212,139,1.3099,1.2703
cci_48_sft <= 88.992592|stoch_200_sft <= Close_sft|stoch_89_sft >= 78.79277,LONG,Ret_48,274,205,1.3342,1.5164
willr_24_sft >= -2.51|willr_24_sft >= -9.69,LONG,Ret_48,288,218,1.2649,1.1841
willr_120_sft >= -6.71,LONG,Ret_72,211,156,1.2582,1.4669
willr_24_sft >= -10.246335|cci_5_sft <= Close_sft|cci_200_sft <= Close_sft,LONG,Ret_96,318,212,1.2861,1.4019
hour_sft >= 21.0|stoch_34_sft >= 26.853738|cci_34_sft >= -81.230389,LONG,Ret_96,328,208,1.3084,1.5384
dow_sft >= 3.0|willr_89_sft >= -7.99,LONG,Ret_72,204,141,1.3823,1.276
hour_sft <= 18.0|stoch_55_sft >= 78.353447|stoch_13_sft <= 75.253738,LONG,Ret_72,292,199,1.295,1.4644
willr_89_sft >= -20.964468|cci_21_sft <= 88.019604|cci_34_sft <= Close_sft,LONG,Ret_96,218,153,1.2702,2.0608
willr_120_sft >= -88.436961|willr_34_sft >= -2.14|willr_8_sft >= -48.025597,LONG,Ret_48,255,196,1.358,1.203
willr_5_sft >= -3.35|willr_24_sft >= -86.77827,LONG,Ret_96,288,206,1.3831,1.3721
willr_24_sft >= -10.246335|willr_24_sft >= -86.77827,LONG,Ret_96,318,212,1.2861,1.4019
willr_24_sft >= -10.246335|willr_120_sft <= 0.98,LONG,Ret_96,318,212,1.2861,1.4019
willr_48_sft >= -47.676697|stoch_48_sft >= 26.389151|dow_sft >= 4.0,LONG,Ret_72,334,218,1.2624,1.1676
hour_sft >= 21.0|cci_21_sft >= -9.77,LONG,Ret_96,307,198,1.2873,1.4264
stoch_13_sft <= 75.253738|willr_55_sft >= -9.120182,LONG,Ret_48,235,171,1.4086,1.1725
stoch_48_sft >= 78.212299|cci_13_sft <= 3.862034,LONG,Ret_96,217,153,1.2525,1.6989
dow_sft <= 3.0|stoch_24_sft >= 88.371309,LONG,Ret_96,253,167,1.2505,1.7791
cci_55_sft >= 5.05|willr_13_sft >= -10.574783,LONG,Ret_96,311,209,1.3042,1.4786
willr_5_sft >= -3.22|willr_13_sft >= -22.987964|willr_200_sft <= -3.96,LONG,Ret_72,254,182,1.3741,1.3506
willr_24_sft >= -10.246335|stoch_200_sft >= 2.05,LONG,Ret_96,318,212,1.2861,1.4019
cci_13_sft <= 87.3848|willr_89_sft >= -20.964468,LONG,Ret_96,228,160,1.2674,1.6883
hour_sft >= 6.0|willr_13_sft >= -2.23,LONG,Ret_48,259,210,1.2943,1.1514
willr_34_sft >= -9.49,LONG,Ret_96,293,195,1.2633,1.6065
stoch_48_sft <= Close_sft|willr_24_sft >= -6.98,LONG,Ret_96,298,200,1.2931,1.1905
willr_5_sft >= -3.43,LONG,Ret_96,291,207,1.3865,1.4045
cci_34_sft >= 88.784065|stoch_144_sft >= 53.37355,LONG,Ret_96,270,179,1.2615,1.9189
dow_sft >= 4.0|stoch_89_sft >= 52.000851,LONG,Ret_72,284,193,1.3269,1.2618
stoch_144_sft >= 78.792278|cci_5_sft >= 0.02,LONG,Ret_72,264,182,1.27,1.568
cci_200_sft <= 13.842159|cci_13_sft >= 141.797266,LONG,Ret_96,201,125,1.283,1.0677
cci_8_sft >= 2.87|stoch_144_sft >= 78.792278,LONG,Ret_72,263,182,1.2615,1.4916
willr_13_sft >= -2.29,LONG,Ret_48,298,242,1.2974,1.125
stoch_89_sft >= 78.79277|willr_5_sft >= -24.065987|cci_8_sft <= Close_sft,LONG,Ret_96,232,161,1.2583,1.8282
hour_sft <= 2.25|willr_34_sft >= -22.086793,LONG,Ret_72,261,179,1.2908,1.2715
cci_13_sft >= 3.862034|willr_89_sft >= -20.964468|cci_21_sft <= 147.514725,LONG,Ret_48,369,260,1.3336,1.435
cci_8_sft >= 135.660733|stoch_89_sft >= 78.79277,LONG,Ret_96,210,148,1.2841,2.154
stoch_13_sft <= 75.253738|willr_8_sft >= -3.2,LONG,Ret_72,210,143,1.2611,1.1659
cci_21_sft <= 147.514725|stoch_48_sft >= 89.911131,LONG,Ret_72,241,173,1.4109,1.7337
willr_24_sft >= -8.98|cci_144_sft <= Close_sft,LONG,Ret_96,308,208,1.2945,1.3908
willr_13_sft >= -2.35,LONG,Ret_48,303,244,1.2731,1.1318
willr_5_sft >= -2.99|stoch_13_sft >= 51.977692,LONG,Ret_96,244,178,1.4586,1.5132
willr_21_sft >= -7.53,LONG,Ret_96,308,211,1.2647,1.1947
willr_24_sft >= -10.246335|stoch_21_sft >= 52.372257,LONG,Ret_96,316,212,1.3037,1.4019
willr_8_sft >= -10.769713|willr_13_sft >= -2.08,LONG,Ret_48,284,231,1.3236,1.1878
cci_24_sft >= 88.543152|willr_13_sft >= -8.0,LONG,Ret_96,313,207,1.2672,1.3308
willr_144_sft >= -21.067403|cci_48_sft <= Close_sft|cci_13_sft <= 141.797266,LONG,Ret_72,267,185,1.2658,1.5644
willr_21_sft >= -10.353555|willr_34_sft >= -22.086793,LONG,Ret_96,303,201,1.2658,1.4958
willr_48_sft <= Close_sft|willr_48_sft >= -1.8,LONG,Ret_48,216,170,1.3197,1.1349
stoch_21_sft >= 27.418021|stoch_144_sft >= 78.792278|cci_48_sft <= 149.45737,LONG,Ret_72,249,179,1.2774,1.4852
stoch_48_sft >= 89.911131|cci_48_sft <= 149.45737|willr_55_sft >= -21.370929,LONG,Ret_72,209,150,1.5239,1.6038
stoch_144_sft >= 11.597828|stoch_13_sft >= 51.977692|hour_sft >= 21.0,LONG,Ret_96,304,193,1.327,1.3175
cci_24_sft >= 7.07|willr_34_sft >= -1.84|stoch_5_sft <= Close_sft,LONG,Ret_48,231,187,1.4012,1.1801
dow_sft >= 3.0|willr_89_sft >= -8.693633,LONG,Ret_72,209,146,1.3131,1.3152
willr_34_sft >= -2.04|stoch_55_sft >= 52.002857,LONG,Ret_48,238,190,1.3225,1.1763
willr_48_sft >= -2.02,LONG,Ret_48,224,177,1.3658,1.1159
willr_120_sft >= -46.861408|willr_13_sft >= -2.52,LONG,Ret_48,233,210,1.348,1.2395
willr_89_sft >= -8.693633|willr_5_sft <= -7.77|willr_21_sft >= -47.765285,LONG,Ret_96,204,142,1.323,1.9938
willr_13_sft >= -9.55|hour_sft >= 18.0|stoch_13_sft <= Close_sft,LONG,Ret_96,221,154,1.3042,1.6562
willr_89_sft >= -74.489902|hour_sft >= 18.0|stoch_34_sft >= 52.578186,LONG,Ret_72,403,262,1.2655,1.4748
willr_55_sft >= -9.120182|willr_144_sft <= -8.323804,LONG,Ret_72,207,124,1.2696,1.2224
willr_5_sft >= -2.52,LONG,Ret_96,252,183,1.3274,1.2577
cci_34_sft >= 9.01|dow_sft >= 4.0,LONG,Ret_72,345,227,1.2702,1.206
stoch_8_sft >= 17.346303|willr_5_sft >= -3.02,LONG,Ret_96,273,200,1.397,1.3952
willr_55_sft >= -21.370929|stoch_21_sft <= 76.412769,LONG,Ret_72,305,210,1.2918,1.3438
willr_5_sft >= -2.99|willr_8_sft <= Close_sft|willr_89_sft <= -5.82,LONG,Ret_96,244,180,1.3386,1.4103
willr_8_sft >= -3.75|willr_144_sft >= -46.708836|willr_34_sft <= Close_sft,LONG,Ret_96,212,151,1.2568,1.8862
willr_55_sft >= -21.370929|cci_24_sft <= 147.996594,LONG,Ret_72,344,233,1.2552,1.5749
stoch_55_sft >= 78.353447|stoch_13_sft <= 51.977692,LONG,Ret_48,224,166,1.4707,1.4625
cci_48_sft >= 88.992592|cci_120_sft <= 93.799591,LONG,Ret_96,260,162,1.2626,1.1856
willr_24_sft >= -10.246335|stoch_89_sft >= 78.79277,LONG,Ret_96,220,150,1.2552,2.2222
willr_13_sft <= -73.803139|stoch_144_sft >= 11.597828|willr_144_sft >= -46.708836,LONG,Ret_96,234,156,1.3167,1.6956
hour_sft <= 3.0|willr_24_sft >= -22.44638,LONG,Ret_96,259,162,1.2972,1.6848
cci_13_sft <= 87.3848|stoch_24_sft >= 88.371309,LONG,Ret_72,222,160,1.3661,1.4217
cci_48_sft >= 6.552284|willr_13_sft >= -2.56,LONG,Ret_48,275,235,1.3054,1.2524
cci_34_sft >= 88.784065|cci_120_sft <= 153.230298|stoch_89_sft >= 78.79277,LONG,Ret_48,311,212,1.2577,1.6248
willr_24_sft >= -10.246335|stoch_34_sft <= Close_sft,LONG,Ret_96,318,212,1.2861,1.4019
cci_48_sft >= 6.552284|willr_24_sft >= -2.76|cci_34_sft >= 88.784065,LONG,Ret_48,288,216,1.2948,1.3409
stoch_200_sft >= 11.452757|willr_24_sft >= -2.62|willr_120_sft <= Close_sft,LONG,Ret_48,295,225,1.2791,1.1897
willr_24_sft >= -22.44638|willr_24_sft >= -7.16,LONG,Ret_96,299,201,1.3427,1.2039
cci_24_sft >= -2.62|hour_sft >= 7.11|willr_89_sft >= -8.693633,LONG,Ret_96,210,144,1.2516,2.0698
willr_144_sft >= -21.067403|willr_55_sft >= -21.370929|stoch_144_sft >= 25.448192,LONG,Ret_72,256,180,1.2734,1.4584
cci_120_sft >= -3.15|dow_sft >= 4.0,LONG,Ret_48,288,191,1.3281,1.2337
dow_sft >= 4.0|cci_34_sft >= 9.91,LONG,Ret_72,345,227,1.2695,1.2145
willr_8_sft <= Close_sft|willr_13_sft >= -10.574783|willr_24_sft >= -22.44638,LONG,Ret_96,324,212,1.2895,1.5571
willr_24_sft >= -10.246335|cci_89_sft >= -80.669346,LONG,Ret_96,318,212,1.2694,1.4018
dow_sft >= 4.0|stoch_120_sft >= 53.260605,LONG,Ret_48,271,180,1.2726,1.1784
stoch_120_sft >= 78.952785|willr_200_sft <= Close_sft|hour_sft >= 18.0,LONG,Ret_72,223,163,1.2848,1.5636
willr_24_sft >= -1.86|willr_5_sft >= -24.065987,LONG,Ret_48,240,190,1.3471,1.1324
stoch_48_sft >= 13.04039|willr_34_sft >= -2.39,LONG,Ret_48,268,204,1.3043,1.2335
willr_24_sft >= -8.57,LONG,Ret_96,306,208,1.3265,1.328
stoch_48_sft <= 52.216015|cci_48_sft >= 2.23,LONG,Ret_96,279,167,1.2613,1.062
willr_24_sft >= -8.81,LONG,Ret_96,306,208,1.3471,1.3694
willr_48_sft >= -1.98,LONG,Ret_48,222,176,1.3789,1.1256
stoch_8_sft >= 85.06998|willr_55_sft >= -9.83,LONG,Ret_48,302,228,1.2811,1.2715
willr_24_sft >= -10.246335|stoch_8_sft >= -3.74|cci_21_sft >= 7.52,LONG,Ret_96,318,212,1.2861,1.4019
stoch_5_sft <= 8.77,LONG,Ret_72,202,147,1.3779,1.2375
willr_200_sft <= -46.133034|hour_sft <= 6.0|willr_144_sft <= Close_sft,LONG,Ret_96,272,156,1.2859,1.176
stoch_24_sft >= 76.799507|cci_13_sft <= 3.862034,LONG,Ret_72,223,160,1.2655,1.3046
willr_34_sft >= -2.39|cci_48_sft >= -0.39,LONG,Ret_48,265,204,1.3228,1.2335
cci_144_sft >= 94.331154|stoch_8_sft >= 51.812485|stoch_48_sft >= 78.212299,LONG,Ret_72,247,176,1.37,1.5852
willr_8_sft <= -23.412279|stoch_34_sft >= 89.12438,LONG,Ret_96,210,147,1.3583,1.8078
willr_48_sft >= -21.491477|cci_89_sft >= 92.295536|dow_sft >= 4.0,LONG,Ret_72,214,153,1.2787,1.1905
willr_55_sft >= -9.120182|stoch_5_sft >= 82.694817|willr_55_sft >= -9.120182,LONG,Ret_48,303,226,1.2875,1.1852
cci_55_sft <= 149.44968|stoch_48_sft >= 89.911131,LONG,Ret_72,216,157,1.284,1.3838
willr_13_sft >= -2.67,LONG,Ret_48,322,264,1.3153,1.1872
willr_13_sft >= -10.574783|willr_21_sft >= -10.353555|stoch_8_sft >= 17.346303,LONG,Ret_96,317,214,1.337,1.3674
stoch_5_sft <= 31.54893|willr_48_sft >= -47.676697,LONG,Ret_72,366,243,1.3161,1.323
willr_48_sft >= -21.491477|willr_8_sft >= -23.412279|stoch_48_sft <= 78.212299,LONG,Ret_72,308,196,1.3158,1.2765
hour_sft >= 4.76|willr_144_sft <= -21.067403|willr_8_sft >= -5.42,LONG,Ret_72,272,184,1.267,1.3126
willr_24_sft >= -10.246335|willr_24_sft <= Close_sft,LONG,Ret_96,318,212,1.2861,1.4019
willr_48_sft >= -21.491477|stoch_24_sft >= 14.649273|stoch_144_sft >= 78.792278,LONG,Ret_72,248,172,1.2614,1.4102
willr_21_sft <= -10.353555|willr_55_sft >= -9.120182,LONG,Ret_48,241,186,1.4238,1.2712
cci_34_sft >= 2.76|stoch_8_sft <= 73.685162|willr_55_sft >= -21.370929,LONG,Ret_72,331,226,1.2784,1.3233
willr_48_sft >= -2.05,LONG,Ret_48,226,178,1.3498,1.1104
dow_sft >= 4.0|cci_89_sft >= 3.19,LONG,Ret_72,300,203,1.2625,1.1708
cci_13_sft <= -1.65|stoch_34_sft >= 77.567905,LONG,Ret_72,251,162,1.2548,1.6316
willr_21_sft >= -22.603128|willr_24_sft >= -10.246335,LONG,Ret_96,318,212,1.2861,1.4034
willr_13_sft >= -3.77|willr_89_sft <= -20.964468,LONG,Ret_72,218,153,1.3071,1.2261
cci_24_sft >= 4.962039|cci_48_sft >= -140.018719|willr_24_sft >= -8.13,LONG,Ret_96,306,206,1.3123,1.2543
stoch_48_sft >= 89.911131|willr_48_sft >= -9.370427|stoch_120_sft >= 53.260605,LONG,Ret_72,246,178,1.27,1.5028
willr_13_sft >= -10.574783|cci_24_sft >= 88.543152,LONG,Ret_96,324,212,1.2819,1.5043
cci_13_sft <= 3.862034|willr_48_sft >= -21.491477,LONG,Ret_48,229,175,1.4628,1.396
hour_sft >= 21.0|stoch_8_sft <= 17.346303,LONG,Ret_96,202,130,1.2607,1.9996
cci_200_sft <= 158.465622|willr_34_sft >= -9.820296,LONG,Ret_96,271,182,1.3373,1.5967
cci_55_sft >= 5.796585|stoch_21_sft >= -0.43|hour_sft >= 21.0,LONG,Ret_96,289,194,1.2654,1.3009
willr_24_sft >= -1.62|cci_21_sft >= 88.019604,LONG,Ret_48,216,175,1.3772,1.2297
stoch_5_sft >= 82.694817|willr_55_sft >= -7.5,LONG,Ret_48,291,215,1.3334,1.2276
willr_5_sft >= -3.84,LONG,Ret_96,305,215,1.2857,1.3996
willr_34_sft >= -22.086793|willr_24_sft >= -7.57,LONG,Ret_96,287,194,1.3497,1.3783
willr_55_sft >= -7.53|cci_55_sft <= 149.44968,LONG,Ret_48,243,185,1.3372,1.528
stoch_8_sft <= Close_sft|willr_48_sft >= -21.491477|willr_8_sft <= -48.025597,LONG,Ret_72,251,176,1.3576,1.6047
willr_24_sft >= -10.246335|cci_8_sft >= -8.7,LONG,Ret_96,318,212,1.2861,1.4019
willr_13_sft >= -2.54|stoch_89_sft >= 52.000851|cci_48_sft <= Close_sft,LONG,Ret_48,237,206,1.3483,1.2162
willr_5_sft <= -8.63|willr_34_sft >= -6.85,LONG,Ret_96,228,161,1.271,1.5342
willr_5_sft >= -5.62,LONG,Ret_96,335,228,1.2799,1.5783
willr_55_sft >= -21.370929|cci_5_sft <= 85.088097,LONG,Ret_72,335,234,1.3035,1.3034
cci_21_sft >= 88.019604|stoch_200_sft <= 53.92704|cci_55_sft <= 90.122112,LONG,Ret_96,209,126,1.2533,1.0773
dow_sft >= 0.47|willr_144_sft >= -7.31|cci_24_sft >= -80.498276,LONG,Ret_72,203,150,1.3019,1.437
cci_89_sft >= 6.709311|willr_34_sft >= -9.14,LONG,Ret_96,267,184,1.2838,1.5437
hour_sft >= 21.0|willr_55_sft >= -47.785381,LONG,Ret_72,339,227,1.3753,1.2481
stoch_89_sft <= Close_sft|willr_21_sft >= -10.353555|stoch_200_sft >= 26.386054,LONG,Ret_96,301,206,1.2562,1.4985
willr_48_sft >= -9.13|willr_89_sft <= -5.43|stoch_21_sft >= 87.931494,LONG,Ret_72,226,165,1.6574,1.5714
willr_24_sft >= -8.84,LONG,Ret_96,306,208,1.3471,1.3712
stoch_34_sft <= Close_sft|cci_21_sft >= 88.019604|hour_sft >= 21.0,LONG,Ret_72,295,200,1.2748,1.1348
willr_24_sft >= -1.63|stoch_24_sft >= 27.203917,LONG,Ret_48,220,177,1.3193,1.2424
willr_5_sft <= 2.37|willr_34_sft >= -2.05,LONG,Ret_48,248,195,1.354,1.1892
stoch_144_sft >= 53.37355|willr_24_sft >= -10.246335,LONG,Ret_72,295,204,1.2731,1.7774
willr_24_sft <= -10.246335|willr_34_sft >= -9.820296,LONG,Ret_48,216,151,1.3382,1.3107
dow_sft >= 4.0|cci_200_sft >= 13.842159|willr_89_sft >= -74.489902,LONG,Ret_48,258,169,1.3443,1.2954
willr_24_sft >= -10.246335|hour_sft >= -2.41|stoch_144_sft >= 53.37355,LONG,Ret_72,295,204,1.2731,1.7774
cci_120_sft <= Close_sft|willr_34_sft >= -47.338058|cci_13_sft <= 3.862034,LONG,Ret_96,333,215,1.287,1.3493
stoch_8_sft <= 51.812485|stoch_55_sft >= 78.353447|willr_5_sft >= -87.301361,LONG,Ret_72,243,165,1.2919,1.4723
willr_89_sft >= -20.964468|cci_8_sft <= 86.080036,LONG,Ret_48,365,252,1.2686,1.4256
willr_24_sft >= -10.246335|stoch_8_sft >= 29.39655,LONG,Ret_96,318,212,1.2861,1.4019
willr_21_sft >= -6.36|stoch_8_sft >= 85.06998|cci_8_sft >= 4.68363,LONG,Ret_96,257,170,1.2749,1.3885
willr_89_sft >= -6.31|willr_5_sft >= -48.3848,LONG,Ret_72,235,171,1.2541,1.2221
willr_48_sft >= -7.75|willr_120_sft >= -46.861408,LONG,Ret_96,238,168,1.2746,1.7478
willr_24_sft >= -10.246335|willr_24_sft >= -73.549549,LONG,Ret_96,318,212,1.2861,1.4019
cci_120_sft <= Close_sft|willr_48_sft >= -21.491477|stoch_34_sft <= 77.567905,LONG,Ret_72,318,213,1.3167,1.4301
willr_21_sft <= 4.68|stoch_5_sft <= 8.54,LONG,Ret_48,222,167,1.258,0.9585
cci_34_sft <= Close_sft|willr_24_sft >= -10.246335,LONG,Ret_96,318,212,1.2861,1.4019
stoch_144_sft <= Close_sft|willr_8_sft >= -10.769713|willr_34_sft >= -47.338058,LONG,Ret_96,341,226,1.2572,1.4006
willr_21_sft >= -10.353555|stoch_200_sft >= 26.386054,LONG,Ret_96,301,206,1.2562,1.4985
cci_144_sft >= 94.331154|willr_55_sft >= -21.370929,LONG,Ret_72,257,180,1.2566,1.4526
willr_21_sft >= -2.01,LONG,Ret_48,257,215,1.2501,1.0392
willr_89_sft >= -20.964468|stoch_48_sft <= 78.212299,LONG,Ret_96,218,146,1.2948,1.7617
cci_34_sft >= -81.230389|stoch_144_sft >= 78.792278,LONG,Ret_72,266,185,1.2579,1.5495
willr_48_sft >= -1.84,LONG,Ret_48,217,171,1.2805,1.1088
stoch_144_sft >= 78.792278|stoch_48_sft <= Close_sft|cci_5_sft >= 4.213535,LONG,Ret_72,264,182,1.2712,1.558
willr_24_sft >= -8.38,LONG,Ret_96,306,208,1.3297,1.3063
hour_sft >= 21.0|cci_89_sft >= 6.709311,LONG,Ret_96,269,180,1.2584,1.6054
willr_8_sft >= -3.31|cci_89_sft <= 151.437155,LONG,Ret_96,260,189,1.3096,1.5216
willr_34_sft >= -22.086793|hour_sft >= 21.0,LONG,Ret_96,220,157,1.3344,1.4667
willr_24_sft >= -73.549549|cci_34_sft <= Close_sft|willr_13_sft >= -2.45,LONG,Ret_48,304,254,1.2924,1.1373
willr_55_sft >= -9.120182|stoch_48_sft >= 89.911131|cci_5_sft >= 6.37,LONG,Ret_48,310,225,1.2827,1.4605
stoch_144_sft >= 53.37355|cci_48_sft >= -140.018719|willr_24_sft >= -10.246335,LONG,Ret_72,295,204,1.2731,1.7774
willr_13_sft <= Close_sft|cci_21_sft <= 4.947041|cci_55_sft >= 5.796585,LONG,Ret_96,294,197,1.2542,1.3022
cci_8_sft <= 4.68363|stoch_55_sft >= 78.353447,LONG,Ret_72,280,197,1.2925,1.5202
willr_48_sft <= -21.491477|cci_200_sft >= -2.53,LONG,Ret_96,288,190,1.3159,1.613
willr_55_sft >= -7.25|cci_13_sft <= 141.797266|stoch_48_sft >= 78.212299,LONG,Ret_48,286,207,1.2793,1.5516
cci_55_sft <= 90.122112|stoch_89_sft >= 78.79277|willr_48_sft <= 4.01,LONG,Ret_48,264,201,1.2567,1.5392
willr_55_sft <= -3.32|cci_55_sft <= Close_sft|stoch_21_sft >= 87.931494,LONG,Ret_96,285,200,1.2514,1.3795
willr_24_sft >= -7.72|stoch_120_sft <= Close_sft,LONG,Ret_96,304,203,1.3343,1.2444
willr_89_sft <= Close_sft|stoch_48_sft >= 78.212299|cci_144_sft >= 94.331154,LONG,Ret_72,250,177,1.3382,1.6978
cci_13_sft <= 141.797266|willr_89_sft >= -20.964468|cci_24_sft >= 147.996594,LONG,Ret_96,205,141,1.2553,1.7931
stoch_144_sft >= 11.597828|willr_24_sft >= -10.246335,LONG,Ret_96,318,212,1.2732,1.4042
hour_sft >= 18.0|stoch_34_sft >= 52.578186,LONG,Ret_72,410,269,1.2773,1.4388
willr_34_sft <= Close_sft|stoch_5_sft <= Close_sft|willr_120_sft >= -7.13,LONG,Ret_72,212,156,1.2993,1.4885
cci_24_sft >= 88.543152|stoch_34_sft >= 89.12438|willr_8_sft <= -23.412279,LONG,Ret_96,203,138,1.2859,1.9198
stoch_5_sft >= 70.960163|willr_55_sft >= -21.370929,LONG,Ret_96,288,195,1.2659,1.6033
stoch_13_sft >= 28.17095|willr_24_sft >= -8.71,LONG,Ret_96,306,208,1.3476,1.3276
cci_48_sft >= 88.992592|dow_sft >= 4.0,LONG,Ret_72,285,190,1.2562,1.2458
stoch_34_sft <= Close_sft|cci_8_sft <= 3.64|willr_55_sft >= -21.370929,LONG,Ret_72,247,174,1.3285,1.5532
willr_24_sft >= -10.246335|cci_34_sft >= -81.230389,LONG,Ret_96,318,212,1.2861,1.4019
willr_34_sft >= -22.086793|cci_120_sft >= 93.799591|willr_48_sft <= -6.17,LONG,Ret_72,267,184,1.2867,1.4213
willr_5_sft >= -3.05|stoch_89_sft >= 4.78,LONG,Ret_96,273,202,1.4003,1.3505
stoch_13_sft >= 5.58|cci_89_sft >= -0.21|willr_21_sft >= -7.8,LONG,Ret_96,273,186,1.271,1.5034
willr_5_sft >= -6.94|cci_144_sft >= -139.044336|dow_sft >= 5.0,LONG,Ret_72,228,169,1.2755,1.1415
willr_5_sft >= -48.3848|hour_sft >= 9.92|stoch_55_sft >= 90.256581,LONG,Ret_48,287,211,1.2654,1.4385
willr_144_sft >= -21.067403|willr_24_sft <= -10.246335,LONG,Ret_72,267,184,1.2572,1.4985
stoch_5_sft <= 19.329134|stoch_34_sft >= 52.578186,LONG,Ret_96,233,155,1.2685,1.2964
willr_5_sft <= -5.92|willr_55_sft >= -4.1,LONG,Ret_48,225,173,1.3114,1.1875
cci_48_sft >= 88.992592|hour_sft >= 6.0|willr_13_sft >= -9.76,LONG,Ret_96,266,176,1.2937,1.7207
stoch_24_sft >= 52.352547|willr_24_sft >= -10.246335,LONG,Ret_96,316,212,1.2981,1.3872
stoch_8_sft >= 17.346303|willr_120_sft >= -6.47,LONG,Ret_72,210,155,1.2522,1.421
stoch_5_sft <= 8.64,LONG,Ret_48,229,168,1.2747,0.9495
willr_89_sft >= -8.693633|stoch_8_sft <= 85.06998,LONG,Ret_96,202,137,1.295,1.8032
cci_21_sft <= 147.514725|cci_48_sft >= 6.552284|willr_48_sft >= -7.23,LONG,Ret_72,231,168,1.3385,1.5623
willr_48_sft >= -74.011829|cci_8_sft >= 4.68363|willr_24_sft >= -7.92,LONG,Ret_96,304,203,1.3374,1.2443
willr_89_sft >= -8.693633|cci_24_sft <= 147.996594,LONG,Ret_48,255,188,1.2543,1.5076
cci_48_sft <= Close_sft|willr_24_sft >= -10.246335,LONG,Ret_96,318,212,1.2861,1.4019
willr_48_sft <= -21.491477|cci_24_sft >= 147.996594|cci_34_sft >= 88.784065,LONG,Ret_96,211,126,1.3336,1.1734
stoch_55_sft >= 5.04|willr_144_sft >= -46.708836|willr_13_sft >= -2.29,LONG,Ret_48,220,192,1.3347,1.157
cci_89_sft <= Close_sft|stoch_55_sft >= 78.353447|cci_13_sft <= -1.86,LONG,Ret_48,279,199,1.3357,1.5434
willr_55_sft >= -47.785381|cci_34_sft >= 88.784065,LONG,Ret_96,335,213,1.2541,1.6194
willr_55_sft >= -21.370929|cci_24_sft <= 147.996594|cci_120_sft >= -78.925987,LONG,Ret_72,344,233,1.2552,1.5749
stoch_34_sft <= 77.567905|willr_48_sft >= -21.491477|cci_200_sft <= Close_sft,LONG,Ret_72,318,213,1.3167,1.4301
willr_34_sft >= -2.45|willr_13_sft >= -10.574783|willr_34_sft >= -9.820296,LONG,Ret_48,271,206,1.267,1.258
willr_13_sft >= -1.6,LONG,Ret_48,245,195,1.3113,1.1286
willr_13_sft >= -10.574783|hour_sft >= 18.0,LONG,Ret_96,231,156,1.2855,1.6693
willr_55_sft >= -21.370929|cci_21_sft <= 88.019604,LONG,Ret_72,294,207,1.2646,1.4232
willr_144_sft >= -21.067403|willr_21_sft <= -3.94|hour_sft >= 6.0,LONG,Ret_72,272,191,1.294,1.5356
willr_120_sft >= -6.62|cci_200_sft >= -137.885281,LONG,Ret_72,211,156,1.2535,1.4347
willr_89_sft <= 4.11|stoch_5_sft <= 19.329134|willr_13_sft >= -73.803139,LONG,Ret_96,245,156,1.261,1.1609
stoch_8_sft <= Close_sft|willr_5_sft >= -3.23,LONG,Ret_96,283,205,1.3765,1.3311
willr_8_sft >= -6.45|hour_sft >= 18.0,LONG,Ret_48,256,191,1.3625,1.328
willr_13_sft >= -2.41|willr_144_sft <= -6.23,LONG,Ret_48,218,173,1.3127,1.2712
willr_24_sft >= -10.246335|stoch_24_sft >= 52.352547,LONG,Ret_96,316,212,1.2981,1.3872
willr_24_sft >= -10.246335|willr_144_sft <= Close_sft,LONG,Ret_96,318,212,1.2861,1.4019
willr_48_sft >= -47.676697|willr_13_sft >= -9.36,LONG,Ret_96,312,209,1.4338,1.4475
willr_144_sft <= Close_sft|stoch_48_sft >= -5.34|willr_5_sft >= -3.09,LONG,Ret_96,276,204,1.3915,1.3157
hour_sft >= 21.0|stoch_5_sft >= 70.960163|willr_13_sft <= -6.26,LONG,Ret_96,258,170,1.3184,1.5703
stoch_144_sft <= Close_sft|willr_13_sft >= -1.48,LONG,Ret_72,204,161,1.2931,1.0607
cci_13_sft <= 141.797266|willr_21_sft >= -10.353555,LONG,Ret_96,286,189,1.3249,1.8427
willr_200_sft <= Close_sft|willr_89_sft >= -7.98,LONG,Ret_72,247,177,1.2665,1.2975
cci_200_sft >= 6.86|dow_sft >= 4.0,LONG,Ret_48,261,174,1.3792,1.2566
willr_24_sft >= -10.246335|willr_13_sft <= Close_sft|willr_13_sft <= Close_sft,LONG,Ret_96,318,212,1.2861,1.4019
willr_89_sft >= -8.693633|willr_21_sft <= -10.353555|willr_13_sft >= -47.851532,LONG,Ret_48,232,170,1.2584,1.5726
willr_55_sft >= -21.370929|cci_55_sft <= 149.44968,LONG,Ret_72,346,230,1.263,1.4597
willr_144_sft >= -7.19|stoch_48_sft >= 52.216015,LONG,Ret_72,201,149,1.3244,1.4556
cci_5_sft <= -81.500599|willr_48_sft >= -21.491477,LONG,Ret_72,232,158,1.3268,1.2904
cci_48_sft >= 6.552284|cci_21_sft <= 4.947041,LONG,Ret_96,298,199,1.2692,1.2761
willr_24_sft >= -2.44,LONG,Ret_48,279,216,1.287,1.176
stoch_21_sft >= 52.372257|stoch_200_sft <= 78.995419|willr_55_sft >= -21.370929,LONG,Ret_72,245,145,1.2855,1.3503
cci_144_sft >= 10.995758|willr_13_sft >= -7.6|cci_200_sft <= 158.465622,LONG,Ret_72,275,199,1.2753,1.7445
willr_34_sft >= -2.14|stoch_8_sft <= Close_sft,LONG,Ret_48,255,196,1.358,1.203
willr_5_sft >= -5.75,LONG,Ret_96,335,229,1.2639,1.5642
hour_sft >= 21.0|stoch_89_sft >= 25.644902,LONG,Ret_96,324,207,1.2893,1.4033
willr_48_sft >= -47.676697|stoch_48_sft <= 78.212299|stoch_5_sft <= 19.329134,LONG,Ret_96,202,134,1.3038,1.4312
cci_5_sft >= 85.088097|stoch_48_sft >= 52.216015|willr_24_sft >= -2.08,LONG,Ret_48,235,188,1.4439,1.1399
willr_24_sft >= -10.246335|cci_34_sft >= -138.477072,LONG,Ret_96,318,212,1.2861,1.4019
willr_48_sft >= -9.370427|stoch_89_sft >= 78.79277,LONG,Ret_96,216,150,1.3868,2.2597
willr_24_sft >= -2.71|stoch_120_sft >= 25.286335,LONG,Ret_48,293,223,1.2821,1.2489
stoch_8_sft <= Close_sft|stoch_21_sft >= 27.418021|stoch_5_sft <= 19.329134,LONG,Ret_96,294,184,1.2757,1.3928
willr_24_sft >= -10.246335|stoch_55_sft >= 26.4082,LONG,Ret_96,318,212,1.2526,1.3909
dow_sft <= 4.0|willr_24_sft >= -10.246335,LONG,Ret_96,303,199,1.2728,1.4581
willr_24_sft >= -22.44638|stoch_200_sft >= 53.92704|hour_sft >= 21.0,LONG,Ret_72,209,142,1.289,1.7164
willr_5_sft <= 1.35|cci_13_sft <= 141.797266|willr_24_sft >= -10.246335,LONG,Ret_96,280,185,1.2674,1.8859
stoch_13_sft >= 6.37|willr_5_sft >= -3.93,LONG,Ret_96,306,216,1.275,1.3784
willr_24_sft >= -22.44638|willr_8_sft >= -10.769713,LONG,Ret_96,321,213,1.2655,1.4158
willr_13_sft >= -2.74,LONG,Ret_48,326,268,1.3501,1.1189
cci_5_sft <= 7.32|willr_55_sft >= -21.370929|cci_24_sft <= Close_sft,LONG,Ret_72,280,194,1.2637,1.2976
willr_21_sft >= -1.65|cci_5_sft >= 4.22|willr_21_sft <= 2.08,LONG,Ret_48,224,190,1.2682,0.998
willr_5_sft >= -2.84,LONG,Ret_96,268,193,1.3372,1.3805
stoch_48_sft >= 89.911131|cci_34_sft <= 147.839603|willr_89_sft <= -3.01,LONG,Ret_72,215,155,1.4781,1.7919
willr_120_sft <= -20.933372|stoch_55_sft >= 78.353447,LONG,Ret_72,248,157,1.2858,1.1985
willr_144_sft >= -7.24,LONG,Ret_72,203,149,1.2983,1.4504
cci_24_sft <= 147.996594|willr_55_sft >= -9.120182,LONG,Ret_96,207,154,1.3335,1.8446
cci_48_sft <= 149.45737|willr_55_sft >= -9.120182,LONG,Ret_48,262,205,1.4209,1.3046
hour_sft >= 21.0|cci_24_sft >= -1.74,LONG,Ret_96,301,196,1.4067,1.3387
willr_34_sft >= -1.62|willr_8_sft >= -73.652382,LONG,Ret_48,217,172,1.3627,1.2873
stoch_5_sft <= 19.329134|stoch_55_sft >= 26.4082|willr_144_sft <= -46.708836,LONG,Ret_72,223,131,1.2839,0.8526
dow_sft >= 4.0|cci_120_sft >= 6.15,LONG,Ret_48,278,183,1.3577,1.26
willr_5_sft >= -3.89|willr_144_sft <= Close_sft,LONG,Ret_96,305,215,1.2792,1.4027
cci_13_sft <= 9.7|stoch_34_sft >= 52.578186,LONG,Ret_96,347,222,1.2592,1.5281
willr_34_sft >= -87.072878|willr_24_sft >= -10.246335,LONG,Ret_96,318,212,1.2861,1.4019
willr_21_sft <= -5.52|willr_89_sft >= -8.693633,LONG,Ret_96,202,139,1.4457,2.1472
cci_89_sft <= 151.437155|willr_48_sft >= -21.491477|cci_34_sft <= 88.784065,LONG,Ret_96,239,165,1.2616,1.5363
willr_200_sft <= -20.988032|stoch_21_sft >= 87.931494,LONG,Ret_96,206,133,1.2539,1.4537
cci_55_sft >= -5.8|willr_21_sft <= -73.610996,LONG,Ret_96,240,161,1.2868,1.5527
stoch_5_sft >= 70.960163|cci_5_sft <= 6.31,LONG,Ret_72,231,176,1.3191,1.8065
stoch_48_sft >= 52.216015|dow_sft >= 4.0,LONG,Ret_72,327,212,1.2668,1.1533
stoch_21_sft >= 15.006661|willr_24_sft >= -10.246335,LONG,Ret_96,318,212,1.2861,1.4019
cci_48_sft >= 2.97|cci_55_sft <= 90.122112|stoch_8_sft >= 85.06998,LONG,Ret_96,217,155,1.3477,1.2486
stoch_34_sft >= 77.567905|hour_sft >= 21.0,LONG,Ret_72,254,179,1.3012,1.6651
cci_13_sft <= Close_sft|willr_24_sft >= -10.246335,LONG,Ret_96,318,212,1.2861,1.4019
hour_sft <= 3.0|cci_21_sft >= 2.77|stoch_200_sft <= 78.995419,LONG,Ret_96,249,152,1.3155,1.2355
willr_48_sft >= -21.491477|cci_21_sft >= 88.019604|hour_sft >= 21.0,LONG,Ret_72,223,160,1.5691,1.429
willr_144_sft <= -74.629684|cci_13_sft >= -81.587856,LONG,Ret_96,205,122,1.3034,1.2932
cci_48_sft <= 88.992592|stoch_89_sft >= 78.79277,LONG,Ret_48,274,205,1.3342,1.5164
cci_55_sft >= 5.796585|dow_sft <= 4.0|cci_21_sft <= 4.947041,LONG,Ret_96,285,183,1.3803,1.3653
stoch_144_sft >= 78.792278|stoch_120_sft >= 78.952785,LONG,Ret_72,262,181,1.2584,1.4962
willr_24_sft >= -10.246335|cci_144_sft <= Close_sft|hour_sft >= -1.88,LONG,Ret_96,318,212,1.2861,1.4019
willr_24_sft >= -8.14|stoch_200_sft <= Close_sft,LONG,Ret_96,306,206,1.3123,1.3435
willr_13_sft >= -2.15,LONG,Ret_48,289,235,1.3357,1.1263
cci_55_sft <= 149.44968|dow_sft <= Close_sft|stoch_120_sft >= 78.952785,LONG,Ret_72,260,187,1.2575,1.4536
willr_13_sft <= -86.712366|willr_48_sft >= -74.011829,LONG,Ret_96,291,187,1.2965,1.3451
willr_24_sft >= -1.78,LONG,Ret_48,234,185,1.3293,1.1683
hour_sft >= 6.0|willr_55_sft >= -47.785381|willr_5_sft >= -9.86,LONG,Ret_96,306,205,1.2845,1.474
cci_89_sft >= 6.709311|stoch_21_sft >= 87.931494|hour_sft <= 12.0,LONG,Ret_72,255,188,1.2998,1.6929
willr_144_sft >= -88.512123|willr_24_sft >= -10.246335,LONG,Ret_96,318,212,1.2861,1.4019
cci_200_sft <= Close_sft|willr_24_sft >= -10.246335,LONG,Ret_96,318,212,1.2861,1.4019
willr_24_sft >= -10.246335|willr_34_sft <= Close_sft,LONG,Ret_96,318,212,1.2861,1.4019
stoch_34_sft >= 89.12438|cci_200_sft >= -76.762646|dow_sft >= 4.0,LONG,Ret_72,200,148,1.3086,1.25
stoch_5_sft <= Close_sft|stoch_55_sft >= 90.256581|stoch_13_sft <= 86.61523,LONG,Ret_72,217,159,1.2561,1.5638
willr_24_sft >= -9.52,LONG,Ret_96,313,210,1.2677,1.4018
stoch_144_sft >= 11.597828|hour_sft >= 21.0|cci_21_sft >= 88.019604,LONG,Ret_72,295,200,1.2748,1.1362
willr_21_sft >= -10.353555|willr_21_sft <= -4.11,LONG,Ret_96,317,212,1.2774,1.3635
willr_24_sft >= -86.77827|willr_24_sft >= -7.53,LONG,Ret_96,302,202,1.364,1.2578
stoch_200_sft >= 26.386054|willr_21_sft >= -10.353555|willr_13_sft >= -22.987964,LONG,Ret_96,301,206,1.2557,1.4932
willr_34_sft <= -5.08|willr_89_sft >= -8.693633,LONG,Ret_96,200,139,1.4315,2.0708
willr_48_sft >= -9.370427|stoch_5_sft >= -1.97|dow_sft >= 2.0,LONG,Ret_96,246,180,1.2559,1.3347
stoch_13_sft >= 75.253738|willr_144_sft >= -21.067403,LONG,Ret_72,251,182,1.3598,1.581
stoch_21_sft <= Close_sft|willr_24_sft >= -10.246335|cci_13_sft <= Close_sft,LONG,Ret_96,318,212,1.2861,1.4019
stoch_21_sft >= 52.372257|hour_sft >= 21.0,LONG,Ret_96,306,196,1.3756,1.3879
dow_sft <= 4.0|willr_89_sft <= Close_sft|stoch_24_sft >= 88.371309,LONG,Ret_96,272,181,1.2561,1.5033
cci_13_sft <= 3.862034|willr_34_sft >= -47.338058,LONG,Ret_96,333,215,1.287,1.3493
cci_120_sft >= 93.799591|dow_sft <= 5.0|stoch_8_sft <= 73.685162,LONG,Ret_72,264,180,1.2542,1.4988
stoch_144_sft >= 78.792278|willr_13_sft >= -22.987964,LONG,Ret_72,243,177,1.3434,1.5303
cci_120_sft >= 9.197132|dow_sft >= 4.0|stoch_89_sft >= 25.644902,LONG,Ret_48,278,183,1.3152,1.2209
willr_24_sft >= -2.67|stoch_120_sft >= -2.82,LONG,Ret_48,298,226,1.2656,1.2118
willr_21_sft >= -7.85,LONG,Ret_96,310,211,1.2738,1.222
willr_5_sft >= -5.83|cci_5_sft >= -2.45,LONG,Ret_96,335,229,1.3001,1.5645
hour_sft >= 21.0|dow_sft >= 2.0|cci_200_sft >= -9.32,LONG,Ret_72,282,176,1.3089,1.4324
stoch_55_sft >= 78.353447|cci_24_sft >= -80.498276|stoch_13_sft <= 75.253738,LONG,Ret_72,298,203,1.2963,1.4191
stoch_89_sft >= 78.79277|willr_24_sft >= -10.246335,LONG,Ret_96,220,150,1.2552,2.2222
hour_sft >= 21.0|stoch_21_sft >= 76.412769,LONG,Ret_96,243,163,1.3644,1.4819
cci_8_sft <= 86.080036|stoch_48_sft >= 89.911131,LONG,Ret_72,237,173,1.3729,1.7327
cci_5_sft <= Close_sft|willr_24_sft >= -10.246335|willr_5_sft <= 2.24,LONG,Ret_96,318,212,1.2861,1.4019
willr_5_sft >= -2.7|willr_13_sft >= -22.987964,LONG,Ret_72,272,202,1.3188,1.1472
cci_21_sft <= 147.514725|willr_120_sft >= -46.861408|cci_13_sft >= 141.797266,LONG,Ret_96,202,144,1.4281,1.7042
willr_5_sft >= -4.19|cci_24_sft >= -4.85|cci_200_sft >= 4.79,LONG,Ret_96,201,151,1.2513,1.9081
stoch_48_sft >= -4.17|willr_89_sft >= -74.489902|hour_sft >= 21.0,LONG,Ret_96,325,208,1.2953,1.6649
willr_13_sft >= -86.712366|willr_8_sft >= -3.38|cci_34_sft <= 147.839603,LONG,Ret_96,248,180,1.2659,1.2045
willr_120_sft >= -7.14,LONG,Ret_72,213,156,1.2836,1.4885
cci_48_sft >= 6.552284|cci_21_sft <= 4.28,LONG,Ret_96,298,199,1.2732,1.2684
willr_5_sft <= Close_sft|willr_24_sft >= -8.48|stoch_89_sft >= 5.87,LONG,Ret_96,306,208,1.3351,1.3096
stoch_5_sft <= 19.329134|willr_34_sft >= -47.338058|willr_21_sft >= -86.620166,LONG,Ret_96,212,135,1.384,1.1994
willr_24_sft >= -9.14|cci_55_sft <= Close_sft,LONG,Ret_96,310,208,1.2767,1.396
willr_13_sft >= -2.8|willr_34_sft >= -9.820296,LONG,Ret_48,252,203,1.3038,1.2415
cci_5_sft <= 85.088097|willr_144_sft >= -21.067403,LONG,Ret_72,261,181,1.2662,1.5667
cci_8_sft >= 135.660733|willr_13_sft >= -3.01,LONG,Ret_48,256,214,1.4612,0.9105
willr_13_sft >= -1.55|willr_55_sft >= -73.947689,LONG,Ret_72,207,165,1.3644,1.0579
willr_34_sft >= -9.820296|dow_sft <= 4.0,LONG,Ret_96,281,188,1.2716,1.4967
willr_24_sft >= -7.01|willr_5_sft >= -48.3848,LONG,Ret_96,298,201,1.3325,1.2025
dow_sft >= 3.0|cci_24_sft >= 147.996594|willr_55_sft >= -47.785381,LONG,Ret_72,301,204,1.2657,1.1958
willr_24_sft >= -6.74,LONG,Ret_96,297,199,1.2799,1.181
willr_24_sft >= -9.56,LONG,Ret_96,313,210,1.2675,1.4018
cci_48_sft <= 88.992592|willr_48_sft >= -21.491477,LONG,Ret_72,259,179,1.2799,1.6783
hour_sft <= Close_sft|willr_24_sft >= -10.246335,LONG,Ret_96,318,212,1.2861,1.4019
willr_34_sft <= -7.05|stoch_89_sft >= 78.79277|willr_21_sft >= -10.353555,LONG,Ret_48,223,158,1.2919,1.6425
stoch_144_sft >= -4.44|willr_5_sft >= -2.86,LONG,Ret_96,268,195,1.3576,1.373
willr_13_sft >= -10.574783|cci_55_sft >= 90.122112|stoch_120_sft >= 2.84,LONG,Ret_96,271,181,1.2671,1.7802
stoch_24_sft >= 76.799507|cci_55_sft >= 0.5|stoch_144_sft >= 78.792278,LONG,Ret_72,238,168,1.3835,1.6394
stoch_8_sft >= 85.06998|stoch_48_sft >= 52.216015|stoch_55_sft <= 78.353447,LONG,Ret_96,225,149,1.3113,1.9569
cci_55_sft <= 149.44968|willr_24_sft >= -73.549549|willr_55_sft >= -9.120182,LONG,Ret_72,234,172,1.3123,1.3621
cci_34_sft >= 88.784065|cci_120_sft >= -78.925987|cci_120_sft <= 93.799591,LONG,Ret_96,283,176,1.251,1.5811
stoch_89_sft >= 78.79277|cci_24_sft <= 147.996594|willr_89_sft >= -20.964468,LONG,Ret_72,270,193,1.3068,1.4234
cci_24_sft <= 147.996594|stoch_89_sft <= 91.019492|willr_89_sft >= -20.964468,LONG,Ret_72,285,201,1.2608,1.3755
cci_21_sft <= -140.709915|cci_24_sft >= -140.515881|cci_13_sft <= 87.3848,LONG,Ret_96,204,131,1.3268,1.1425
willr_120_sft >= -20.933372|willr_5_sft <= -11.066111|willr_21_sft <= -10.353555,LONG,Ret_72,275,195,1.2548,1.5268
willr_13_sft <= -1.55|willr_13_sft >= -47.851532|willr_144_sft >= -21.067403,LONG,Ret_72,277,194,1.2508,1.5138
cci_48_sft <= 149.45737|cci_5_sft >= 1.32|willr_200_sft >= -20.988032,LONG,Ret_72,233,176,1.2578,1.4351
willr_5_sft <= -11.066111|willr_89_sft >= -8.693633,LONG,Ret_48,273,191,1.2562,1.547
hour_sft >= 3.0|cci_34_sft <= 147.839603|stoch_34_sft >= 89.12438,LONG,Ret_96,206,143,1.3129,1.6894
willr_48_sft >= -21.491477|stoch_120_sft <= 91.232881,LONG,Ret_72,374,244,1.2543,1.4789
willr_144_sft >= -7.67|willr_13_sft <= -3.39,LONG,Ret_72,202,150,1.257,1.4294
stoch_24_sft <= 52.352547|stoch_48_sft >= 52.216015|cci_24_sft >= -80.498276,LONG,Ret_96,262,172,1.255,1.4534
willr_13_sft >= -4.12|hour_sft >= 6.0,LONG,Ret_96,273,189,1.2924,1.561
stoch_144_sft >= 78.792278|cci_13_sft >= -81.587856|stoch_21_sft <= Close_sft,LONG,Ret_72,266,185,1.2517,1.5308
cci_120_sft >= 93.799591|stoch_34_sft >= 14.102201|stoch_144_sft >= 78.792278,LONG,Ret_72,246,175,1.2946,1.5226
willr_89_sft <= -8.693633|willr_13_sft >= -10.574783|stoch_34_sft >= 77.567905,LONG,Ret_96,214,138,1.2617,1.3871
willr_13_sft >= -47.851532|willr_24_sft <= -10.246335|willr_144_sft >= -21.067403,LONG,Ret_72,262,182,1.2624,1.597
cci_55_sft >= 5.796585|cci_21_sft <= 4.947041,LONG,Ret_96,294,197,1.2542,1.3022
willr_24_sft >= -2.04,LONG,Ret_48,254,200,1.3935,1.1404
dow_sft >= 5.0|cci_21_sft >= 147.514725|cci_8_sft >= -133.787415,LONG,Ret_96,205,131,1.2679,1.6441
hour_sft <= 3.0|cci_34_sft >= -3.1|cci_5_sft <= 124.421092,LONG,Ret_96,310,196,1.2684,1.5451
willr_34_sft >= -9.820296|willr_24_sft <= -10.246335,LONG,Ret_48,216,151,1.3382,1.3107
cci_5_sft <= 3.72|willr_55_sft >= -21.370929,LONG,Ret_72,279,193,1.28,1.3215
cci_55_sft >= -81.256191|cci_13_sft >= -8.09|cci_13_sft <= 0.72,LONG,Ret_72,292,196,1.3707,1.1648
willr_24_sft >= -47.670113|willr_24_sft >= -10.246335,LONG,Ret_96,318,212,1.2861,1.4019
willr_144_sft <= -21.067403|cci_89_sft >= 92.295536|stoch_8_sft >= 4.77,LONG,Ret_72,210,132,1.2559,1.0059
willr_24_sft >= -8.4,LONG,Ret_96,306,208,1.3297,1.3063
willr_24_sft >= -1.93,LONG,Ret_48,246,192,1.3655,1.1131
willr_21_sft >= -1.64,LONG,Ret_48,224,190,1.2644,0.998
stoch_89_sft >= 25.644902|willr_8_sft <= -23.412279|stoch_89_sft >= 91.019492,LONG,Ret_48,233,176,1.2892,1.1841
willr_5_sft >= -2.8,LONG,Ret_96,266,192,1.3417,1.377
stoch_34_sft >= 77.567905|stoch_13_sft >= 75.253738,LONG,Ret_96,309,202,1.2502,1.6316
willr_13_sft >= -2.34,LONG,Ret_48,303,244,1.2731,1.1318
cci_24_sft <= 147.996594|cci_5_sft >= 124.421092|willr_89_sft >= -20.964468,LONG,Ret_96,208,144,1.3088,1.9434
cci_48_sft >= 0.12|cci_200_sft <= 96.296295,LONG,Ret_96,331,211,1.2552,1.3183
willr_21_sft >= -8.2|cci_55_sft >= -9.37,LONG,Ret_96,303,200,1.2533,1.5126
willr_24_sft >= -10.246335|cci_144_sft >= 10.995758,LONG,Ret_72,314,210,1.3172,1.4752
willr_24_sft <= -73.549549|willr_21_sft >= -73.610996|cci_55_sft <= -2.21,LONG,Ret_96,205,120,1.2932,1.3683
cci_144_sft >= 94.331154|stoch_13_sft <= 86.61523|cci_200_sft <= 158.465622,LONG,Ret_72,261,185,1.285,1.714
willr_89_sft >= -8.693633|stoch_8_sft <= 73.685162,LONG,Ret_48,234,169,1.3274,1.2906
stoch_89_sft <= 91.019492|willr_34_sft >= -9.820296,LONG,Ret_96,275,178,1.2843,1.3534
willr_5_sft >= -87.301361|cci_144_sft >= 10.995758|willr_5_sft >= -3.08,LONG,Ret_72,217,169,1.3669,1.2466
stoch_5_sft >= 70.960163|willr_34_sft >= -1.98,LONG,Ret_48,224,181,1.4155,1.2715
willr_144_sft <= Close_sft|willr_13_sft >= -3.05,LONG,Ret_48,351,276,1.2936,1.1801
cci_144_sft <= 154.351486|stoch_5_sft <= 8.82,LONG,Ret_72,202,147,1.2954,1.2661
willr_21_sft >= -1.73,LONG,Ret_48,236,197,1.2748,1.0315
willr_24_sft >= -1.77,LONG,Ret_48,234,184,1.3289,1.2444
willr_24_sft >= -1.68,LONG,Ret_48,224,180,1.3477,1.3154
willr_5_sft >= -4.15|stoch_48_sft <= 89.911131,LONG,Ret_72,347,253,1.3277,1.1346
willr_120_sft >= -88.436961|stoch_48_sft <= 13.04039,LONG,Ret_96,219,137,1.2673,1.6868
willr_5_sft >= -11.066111|stoch_48_sft >= 52.216015|dow_sft <= 4.0,LONG,Ret_96,298,198,1.2542,1.4291
stoch_48_sft >= 78.212299|stoch_13_sft <= 51.977692|willr_8_sft <= Close_sft,LONG,Ret_48,218,164,1.5408,1.3909
willr_144_sft <= -74.629684|willr_144_sft <= -21.067403|cci_120_sft >= -139.774255,LONG,Ret_96,212,121,1.3302,1.2991
hour_sft <= 6.0|willr_200_sft <= -46.133034,LONG,Ret_96,272,156,1.2859,1.176
hour_sft >= 18.0|stoch_48_sft >= 78.212299,LONG,Ret_72,284,195,1.3492,1.6074
cci_24_sft <= 88.543152|stoch_55_sft >= 78.353447,LONG,Ret_96,254,177,1.2727,1.7475
willr_55_sft >= -9.120182|stoch_89_sft >= 78.79277,LONG,Ret_96,217,151,1.3416,2.2136
willr_200_sft <= Close_sft|willr_24_sft >= -7.19,LONG,Ret_96,299,201,1.3549,1.1956
willr_89_sft >= -8.19|stoch_13_sft <= 86.61523|stoch_48_sft <= Close_sft,LONG,Ret_96,200,133,1.2767,1.9521
cci_144_sft <= 154.351486|stoch_48_sft <= Close_sft|willr_24_sft >= -2.49,LONG,Ret_48,220,170,1.3276,1.1403
stoch_120_sft >= 78.952785|stoch_144_sft >= 78.792278,LONG,Ret_72,262,181,1.2584,1.4962
hour_sft >= 21.0|cci_55_sft >= 1.88,LONG,Ret_96,292,196,1.2614,1.3284
willr_144_sft >= -74.629684|willr_24_sft >= -8.4|cci_89_sft >= 5.55,LONG,Ret_96,269,186,1.3099,1.5496
stoch_89_sft >= 52.000851|willr_5_sft >= -6.49|cci_34_sft >= -138.477072,LONG,Ret_72,299,218,1.2763,1.3762
willr_21_sft >= -1.72|stoch_200_sft >= 26.386054,LONG,Ret_48,216,185,1.345,1.1263
cci_8_sft >= 5.17|stoch_144_sft >= 78.792278,LONG,Ret_72,262,181,1.2669,1.5172
cci_48_sft >= -9.79|stoch_55_sft <= 78.353447|cci_21_sft <= 8.54,LONG,Ret_96,304,199,1.2926,1.3327
willr_24_sft <= -47.670113|willr_55_sft >= -47.785381|hour_sft >= 3.0,LONG,Ret_96,282,185,1.3102,1.459
willr_34_sft >= -22.086793|willr_13_sft >= -6.87,LONG,Ret_96,282,183,1.2559,1.4599
stoch_89_sft >= 78.79277|cci_5_sft <= -123.113646|stoch_55_sft >= 26.4082,LONG,Ret_48,263,185,1.2708,1.3118
cci_89_sft >= 6.709311|willr_8_sft >= -2.19,LONG,Ret_48,230,194,1.3309,1.0733
cci_34_sft >= 147.839603|willr_120_sft <= -5.89|willr_55_sft >= -9.35,LONG,Ret_72,215,121,1.2569,1.6018
willr_8_sft <= -86.997574|cci_24_sft >= 0.85,LONG,Ret_96,230,155,1.3141,1.1654
dow_sft >= 3.73|cci_89_sft >= 8.96|dow_sft <= Close_sft,LONG,Ret_72,295,197,1.2978,1.2605
willr_5_sft >= -5.63,LONG,Ret_96,335,228,1.2799,1.5783
willr_24_sft >= -9.91|cci_24_sft >= 4.962039,LONG,Ret_96,315,210,1.2785,1.4014
willr_8_sft <= Close_sft|willr_24_sft >= -10.246335,LONG,Ret_96,318,212,1.2861,1.4019
willr_24_sft >= -8.01|willr_120_sft >= -74.639439|willr_48_sft >= -87.629999,LONG,Ret_96,301,201,1.2617,1.2785
cci_21_sft >= 3.94|willr_24_sft >= -22.44638|willr_8_sft >= -6.64,LONG,Ret_96,293,195,1.2642,1.5397
cci_8_sft <= -133.787415|cci_13_sft >= -138.407813|cci_48_sft >= 9.99,LONG,Ret_96,217,148,1.2821,1.8133
dow_sft >= 4.0|willr_34_sft >= -9.820296,LONG,Ret_72,249,172,1.2699,1.2273
willr_24_sft >= -10.246335|stoch_89_sft <= Close_sft,LONG,Ret_96,318,212,1.2861,1.4019
willr_21_sft >= -8.66|cci_48_sft <= Close_sft|stoch_34_sft >= 52.578186,LONG,Ret_96,305,205,1.2632,1.3272
willr_55_sft >= -73.947689|stoch_24_sft >= 88.371309|cci_13_sft <= 141.797266,LONG,Ret_96,267,176,1.2957,1.5892
hour_sft >= 21.0|willr_55_sft >= -47.785381|cci_200_sft >= 13.842159,LONG,Ret_96,222,145,1.3252,1.7888
willr_89_sft >= -20.964468|stoch_200_sft >= 11.452757|cci_21_sft <= 147.514725,LONG,Ret_72,289,205,1.3001,1.4654
cci_200_sft <= 158.465622|willr_8_sft >= -3.04,LONG,Ret_96,252,180,1.335,1.3085
cci_21_sft >= 4.93|cci_24_sft >= 4.89|willr_24_sft >= -10.246335,LONG,Ret_96,318,212,1.2861,1.4019
cci_34_sft >= 8.53|cci_21_sft <= 4.947041,LONG,Ret_96,299,199,1.3509,1.4226
willr_5_sft >= -2.95,LONG,Ret_96,271,197,1.4258,1.3877
willr_13_sft >= -2.08,LONG,Ret_48,284,231,1.3236,1.1878
stoch_48_sft >= 78.212299|cci_34_sft <= 88.784065,LONG,Ret_96,246,169,1.2524,1.6774
cci_8_sft <= 86.080036|willr_48_sft >= -9.370427,LONG,Ret_72,211,162,1.275,1.4687
hour_sft >= 3.0|willr_48_sft >= -9.370427|cci_13_sft >= -81.587856,LONG,Ret_96,262,181,1.2648,1.7852
stoch_144_sft >= 78.792278|willr_55_sft >= -87.779292|stoch_24_sft >= 76.799507,LONG,Ret_72,238,168,1.3835,1.6394
hour_sft >= 3.0|cci_5_sft >= 4.213535|willr_24_sft >= -10.246335,LONG,Ret_96,314,210,1.3731,1.3622
willr_89_sft <= -20.964468|willr_55_sft >= -21.370929,LONG,Ret_72,234,143,1.3777,1.6323
willr_200_sft <= -20.988032|cci_89_sft >= 5.25|stoch_8_sft >= 85.06998,LONG,Ret_72,229,140,1.2696,1.3274
willr_48_sft >= -21.491477|stoch_34_sft <= 77.567905,LONG,Ret_72,318,213,1.3167,1.4301
willr_120_sft <= 6.26|cci_5_sft >= -81.500599|willr_21_sft >= -1.91,LONG,Ret_48,247,205,1.2663,0.9998
willr_24_sft >= -10.246335|willr_24_sft >= -10.246335,LONG,Ret_96,318,212,1.2861,1.4019
cci_55_sft >= -9.69|willr_13_sft >= -10.574783,LONG,Ret_96,321,210,1.3075,1.6157
stoch_24_sft >= -9.66|willr_21_sft >= -1.6,LONG,Ret_48,221,189,1.2587,0.9992
cci_120_sft <= Close_sft|stoch_34_sft >= 89.12438|willr_55_sft >= -9.120182,LONG,Ret_48,311,231,1.2677,1.3405
willr_120_sft >= -46.861408|willr_48_sft >= -21.491477|hour_sft >= 18.0,LONG,Ret_72,259,176,1.3684,2.0637
willr_5_sft >= -3.27|stoch_8_sft <= Close_sft,LONG,Ret_96,286,205,1.3541,1.3513
willr_89_sft >= -20.964468|cci_24_sft <= 147.996594|willr_144_sft <= Close_sft,LONG,Ret_72,289,203,1.2752,1.4675
stoch_55_sft >= 12.843636|willr_24_sft >= -6.25,LONG,Ret_96,288,197,1.2892,1.1086
willr_144_sft >= -7.32|cci_34_sft >= 5.63,LONG,Ret_72,203,150,1.3069,1.4375
willr_24_sft >= -10.246335|willr_48_sft >= -74.011829,LONG,Ret_96,318,212,1.2861,1.4019
willr_5_sft <= -24.065987|stoch_48_sft >= 89.911131|cci_120_sft >= -78.925987,LONG,Ret_96,217,152,1.2552,1.991
willr_24_sft >= -10.246335|willr_144_sft <= Close_sft|willr_200_sft <= Close_sft,LONG,Ret_96,318,212,1.2861,1.4019
stoch_24_sft <= Close_sft|willr_24_sft >= -10.246335,LONG,Ret_96,318,212,1.2861,1.4019
dow_sft >= -5.65|willr_24_sft >= -10.246335|cci_13_sft <= Close_sft,LONG,Ret_96,318,212,1.2861,1.4019
stoch_89_sft <= Close_sft|cci_8_sft >= -133.787415|willr_34_sft >= -2.42,LONG,Ret_48,271,206,1.267,1.258
stoch_120_sft >= 25.286335|hour_sft <= 3.0|dow_sft >= 4.0,LONG,Ret_48,313,205,1.2726,1.1185
willr_24_sft >= -8.21,LONG,Ret_96,306,207,1.3131,1.3321
willr_13_sft >= -2.95|stoch_55_sft >= 78.353447,LONG,Ret_48,221,176,1.2687,1.481
cci_48_sft >= -81.041885|willr_48_sft >= -2.39,LONG,Ret_48,242,188,1.2533,1.1184
willr_89_sft >= -8.693633|willr_144_sft >= -8.323804,LONG,Ret_72,204,150,1.276,1.2923
willr_21_sft <= -9.13|willr_21_sft >= -10.353555,LONG,Ret_96,216,145,1.4371,2.0774
stoch_48_sft >= 78.212299|hour_sft >= 6.0|cci_34_sft >= 147.839603,LONG,Ret_72,296,202,1.3791,1.4332
cci_200_sft >= 3.16|dow_sft >= 4.0,LONG,Ret_48,264,175,1.3134,1.2357
willr_24_sft >= -9.1|willr_24_sft <= Close_sft,LONG,Ret_96,310,208,1.2926,1.4105
cci_8_sft <= 135.660733|willr_34_sft >= -9.820296|cci_89_sft >= 1.34,LONG,Ret_48,359,259,1.3041,1.5263
stoch_55_sft >= 90.256581|willr_34_sft >= -9.820296,LONG,Ret_48,300,220,1.2588,1.4791
willr_120_sft <= -8.566356|willr_55_sft >= -21.370929|cci_5_sft >= 124.421092,LONG,Ret_72,278,181,1.2777,1.2573
hour_sft >= 18.0|cci_48_sft >= 88.992592,LONG,Ret_72,316,212,1.2864,1.6409
willr_48_sft >= -9.370427|cci_8_sft <= 135.660733|willr_24_sft <= 5.59,LONG,Ret_96,239,167,1.3103,1.8657
cci_34_sft >= -138.477072|willr_5_sft >= -48.3848|willr_24_sft >= -9.89,LONG,Ret_96,315,210,1.2734,1.4018
willr_24_sft >= -6.51,LONG,Ret_96,291,199,1.2773,1.126
willr_13_sft >= -1.47,LONG,Ret_72,204,161,1.2877,1.0647
willr_5_sft >= -1.73,LONG,Ret_72,253,186,1.2714,1.1032
willr_5_sft <= -87.301361|hour_sft >= 21.0|willr_5_sft <= Close_sft,LONG,Ret_96,224,145,1.3523,2.0576
hour_sft <= 21.0|cci_89_sft <= 151.437155|stoch_55_sft >= 90.256581,LONG,Ret_48,236,175,1.2812,1.5318
stoch_89_sft >= 12.177773|willr_24_sft >= -10.246335,LONG,Ret_96,318,212,1.2861,1.4019
willr_24_sft >= -10.246335|cci_24_sft >= 4.962039,LONG,Ret_96,318,212,1.2861,1.4019
willr_55_sft >= -21.370929|stoch_5_sft <= 51.247913,LONG,Ret_72,279,185,1.2589,1.4088
willr_8_sft >= -23.412279|willr_55_sft >= -21.370929,LONG,Ret_96,293,198,1.2506,1.6338
cci_120_sft <= -78.925987|cci_48_sft <= Close_sft|willr_5_sft <= -87.301361,LONG,Ret_96,217,130,1.2644,1.2212
willr_120_sft >= -6.94,LONG,Ret_72,211,156,1.2677,1.4895
willr_5_sft >= -5.81,LONG,Ret_96,335,229,1.297,1.5849
willr_24_sft >= -8.15|cci_5_sft >= -123.113646,LONG,Ret_96,306,206,1.3191,1.3435
willr_24_sft >= -2.28,LONG,Ret_48,270,208,1.3223,1.1116
cci_21_sft <= 4.947041|cci_48_sft >= 6.552284,LONG,Ret_96,298,199,1.2692,1.2761
hour_sft >= 6.0|willr_24_sft >= -10.246335|cci_5_sft <= 124.421092,LONG,Ret_96,282,188,1.2648,1.4578
willr_24_sft >= -1.97|stoch_55_sft >= -8.28,LONG,Ret_48,246,195,1.3634,1.1437
willr_34_sft >= -1.75,LONG,Ret_48,226,180,1.4082,1.343
stoch_144_sft <= Close_sft|willr_48_sft <= -21.491477|cci_200_sft >= -3.78,LONG,Ret_96,289,192,1.3149,1.6058
dow_sft <= Close_sft|willr_24_sft >= -8.37,LONG,Ret_96,306,208,1.3297,1.3037
willr_24_sft >= -86.77827|dow_sft >= 3.0|willr_55_sft >= -9.120182,LONG,Ret_72,245,175,1.3033,1.2473
willr_13_sft >= -1.87,LONG,Ret_48,269,214,1.2856,1.3327
willr_5_sft >= -4.08|stoch_55_sft <= 90.256581,LONG,Ret_72,348,252,1.3962,1.2818
stoch_144_sft <= 25.448192|cci_120_sft >= -139.774255,LONG,Ret_96,207,115,1.3402,1.2291
stoch_144_sft <= Close_sft|stoch_5_sft <= Close_sft|willr_24_sft >= -10.246335,LONG,Ret_96,318,212,1.2861,1.4019
willr_34_sft >= -1.91,LONG,Ret_48,236,191,1.3719,1.1967
stoch_8_sft >= 51.812485|willr_24_sft >= -10.246335|willr_34_sft >= -22.086793,LONG,Ret_96,300,202,1.2865,1.5532
cci_120_sft >= 93.799591|stoch_55_sft >= 52.002857|willr_89_sft <= -20.964468,LONG,Ret_72,203,134,1.2703,1.3564
stoch_89_sft >= 78.79277|willr_21_sft <= -47.765285,LONG,Ret_48,219,165,1.2727,1.5007
dow_sft <= 3.0|cci_55_sft >= 149.44968,LONG,Ret_96,215,137,1.2546,1.8848
willr_144_sft >= -21.067403|cci_120_sft >= 93.799591,LONG,Ret_72,256,186,1.2528,1.4491
stoch_120_sft >= 25.286335|stoch_13_sft >= 75.253738|cci_144_sft >= 94.331154,LONG,Ret_72,250,179,1.3218,1.5703
willr_24_sft >= -10.246335|willr_55_sft >= -87.779292,LONG,Ret_96,318,212,1.2861,1.4019
stoch_13_sft >= 51.977692|willr_24_sft >= -10.246335,LONG,Ret_96,317,212,1.2793,1.3987
willr_48_sft >= -8.97|cci_24_sft <= 147.996594,LONG,Ret_96,210,155,1.306,1.9426
cci_55_sft <= 90.122112|stoch_89_sft >= 78.79277,LONG,Ret_48,264,201,1.2567,1.5392
willr_120_sft >= -88.436961|willr_5_sft >= -3.7,LONG,Ret_96,298,210,1.2766,1.4046
willr_55_sft >= -87.779292|willr_24_sft >= -10.246335|willr_24_sft <= Close_sft,LONG,Ret_96,318,212,1.2861,1.4019
willr_34_sft <= Close_sft|willr_24_sft >= -10.246335,LONG,Ret_96,318,212,1.2861,1.4019
willr_13_sft >= -3.62|stoch_89_sft <= 91.019492,LONG,Ret_96,243,173,1.2601,1.3994
willr_120_sft >= -7.02,LONG,Ret_72,212,156,1.2708,1.4834
willr_55_sft >= -9.120182|hour_sft >= 6.0|dow_sft >= 3.0,LONG,Ret_72,227,171,1.3235,1.1245
cci_13_sft >= -81.587856|willr_5_sft <= -24.065987|willr_48_sft >= -9.370427,LONG,Ret_72,205,153,1.3141,1.524
cci_55_sft >= -81.256191|willr_21_sft >= -7.33,LONG,Ret_96,306,210,1.2635,1.1845
willr_34_sft >= -22.086793|stoch_13_sft <= 51.977692,LONG,Ret_48,239,150,1.3471,1.5089
willr_13_sft >= -2.35|dow_sft <= 4.0,LONG,Ret_48,270,207,1.2662,1.2403
willr_24_sft >= -6.89|stoch_13_sft >= 16.079409,LONG,Ret_96,298,199,1.3057,1.1939
cci_5_sft >= -123.113646|willr_13_sft >= -73.803139|willr_8_sft <= -73.652382,LONG,Ret_96,311,194,1.3053,1.2915
willr_13_sft >= -2.22|cci_34_sft >= -138.477072,LONG,Ret_48,291,236,1.3331,1.1555
willr_89_sft >= -8.693633|willr_13_sft <= -10.574783|willr_144_sft >= -74.629684,LONG,Ret_48,255,184,1.2861,1.7551
willr_24_sft >= -10.246335|willr_5_sft >= -73.2911,LONG,Ret_96,318,212,1.2861,1.4019
stoch_5_sft >= 70.960163|willr_5_sft >= -2.83,LONG,Ret_96,234,175,1.3589,1.6037
willr_24_sft >= -2.19,LONG,Ret_48,265,204,1.3407,1.1177
stoch_144_sft >= 78.792278|cci_21_sft <= 147.514725,LONG,Ret_72,262,181,1.25,1.6155
willr_24_sft >= -10.246335|willr_34_sft >= -22.086793,LONG,Ret_96,301,203,1.28,1.5795
willr_21_sft >= -22.603128|willr_48_sft >= -1.83,LONG,Ret_48,217,171,1.2794,1.1114
stoch_5_sft >= 70.960163|stoch_48_sft >= -4.38|cci_5_sft <= 4.213535,LONG,Ret_72,221,171,1.2559,1.8313
cci_13_sft <= 3.862034|willr_48_sft >= -21.491477|cci_144_sft <= Close_sft,LONG,Ret_48,229,175,1.4628,1.396
stoch_55_sft >= 52.002857|cci_200_sft <= 158.465622|willr_13_sft >= -10.574783,LONG,Ret_96,278,194,1.2957,1.4523
willr_144_sft >= -8.43|stoch_24_sft >= 76.799507|cci_89_sft <= Close_sft,LONG,Ret_72,204,148,1.2526,1.4729
cci_34_sft >= 6.342597|willr_8_sft >= -10.769713|cci_120_sft <= 93.799591,LONG,Ret_96,275,194,1.2718,1.3313
willr_34_sft >= -22.086793|stoch_120_sft <= Close_sft|cci_5_sft <= 4.213535,LONG,Ret_96,267,172,1.2735,1.6693
willr_89_sft >= -20.964468|cci_34_sft <= 88.784065|cci_89_sft >= -142.344937,LONG,Ret_48,298,218,1.2583,1.4512
hour_sft <= Close_sft|willr_13_sft >= -2.62,LONG,Ret_48,319,263,1.3062,1.1882
willr_89_sft >= -8.693633|willr_8_sft <= -10.769713,LONG,Ret_48,262,190,1.3647,1.5995
willr_24_sft >= -10.246335|cci_21_sft >= 1.94,LONG,Ret_96,318,212,1.2861,1.4019
dow_sft >= 1.0|willr_24_sft >= -2.01,LONG,Ret_48,250,200,1.3473,1.1062
stoch_89_sft >= 12.177773|stoch_55_sft <= Close_sft|willr_24_sft >= -10.246335,LONG,Ret_96,318,212,1.2861,1.4019
cci_8_sft >= 4.68363|willr_24_sft >= -10.246335,LONG,Ret_96,318,212,1.2861,1.4019
stoch_34_sft >= 77.567905|hour_sft >= 21.0|stoch_21_sft >= -6.81,LONG,Ret_72,254,179,1.3012,1.6651
cci_8_sft <= 4.68363|willr_55_sft >= -21.370929,LONG,Ret_72,247,174,1.3341,1.5362
willr_5_sft >= -24.065987|willr_120_sft >= -88.436961|willr_89_sft >= -8.693633,LONG,Ret_72,246,178,1.282,1.2864
hour_sft <= 12.0|willr_5_sft >= -5.69,LONG,Ret_72,338,243,1.2992,1.2484
cci_24_sft <= 147.996594|willr_48_sft >= -7.94,LONG,Ret_72,234,173,1.3315,1.6554
willr_55_sft >= -21.370929|cci_13_sft <= -3.17,LONG,Ret_48,228,173,1.3714,1.4395
willr_120_sft >= -6.88|stoch_21_sft >= -8.21,LONG,Ret_72,211,156,1.2672,1.4756
willr_24_sft >= -6.7,LONG,Ret_96,294,199,1.293,1.1842
willr_34_sft >= -47.338058|cci_120_sft >= 9.197132|cci_89_sft <= 92.295536,LONG,Ret_96,284,180,1.2563,1.7
willr_21_sft <= Close_sft|stoch_21_sft >= 87.931494|stoch_89_sft >= 52.000851,LONG,Ret_96,250,179,1.2831,1.5426
cci_34_sft >= 6.342597|hour_sft >= 21.0|willr_5_sft <= Close_sft,LONG,Ret_96,297,194,1.2935,1.346
hour_sft >= 18.0|stoch_21_sft >= 87.931494,LONG,Ret_96,202,147,1.3978,1.5052
cci_48_sft <= 149.45737|stoch_89_sft >= 78.79277|willr_21_sft <= -47.765285,LONG,Ret_48,218,164,1.293,1.4888
dow_sft >= 2.65|willr_48_sft >= -5.19,LONG,Ret_72,222,157,1.2538,1.3712
willr_5_sft >= -2.61,LONG,Ret_96,259,185,1.2521,1.2619
cci_48_sft <= 88.992592|stoch_34_sft >= 52.578186|cci_89_sft >= 6.07,LONG,Ret_96,295,195,1.2575,1.4342
cci_24_sft >= 4.962039|willr_24_sft >= -2.24,LONG,Ret_48,269,206,1.3128,1.0905
willr_8_sft >= -2.95,LONG,Ret_96,268,190,1.3011,1.3893
willr_8_sft >= -3.15|stoch_144_sft <= 91.5478|cci_24_sft >= -80.498276,LONG,Ret_72,294,211,1.3177,1.2794
willr_24_sft >= -2.45,LONG,Ret_48,280,216,1.2746,1.176
dow_sft >= 5.0|stoch_120_sft >= 6.07|willr_5_sft >= -6.15,LONG,Ret_72,216,161,1.3616,1.2817
willr_48_sft >= -2.35|cci_8_sft >= -0.82,LONG,Ret_48,241,187,1.2549,1.0839
cci_13_sft <= 87.3848|cci_5_sft >= -81.500599|willr_8_sft >= -9.2,LONG,Ret_48,344,253,1.3452,1.481
hour_sft <= 6.0|stoch_200_sft <= 53.92704,LONG,Ret_96,272,154,1.306,1.151
cci_34_sft <= 88.784065|stoch_55_sft >= 78.353447,LONG,Ret_96,239,166,1.2796,1.4397
cci_5_sft >= 4.213535|stoch_144_sft >= 78.792278,LONG,Ret_72,264,182,1.2712,1.558
willr_120_sft >= -46.861408|willr_55_sft >= -7.64,LONG,Ret_96,234,166,1.2617,1.782
willr_48_sft <= 9.27|willr_24_sft >= -10.246335|cci_5_sft >= 1.45,LONG,Ret_96,318,212,1.2835,1.4008
willr_48_sft <= -47.676697|willr_5_sft >= -9.08|stoch_13_sft >= 28.17095,LONG,Ret_96,250,157,1.2535,1.6768
hour_sft >= 21.0|cci_55_sft >= -81.256191,LONG,Ret_96,335,212,1.3366,1.634
stoch_48_sft >= 89.911131|cci_24_sft <= 147.996594|cci_89_sft <= Close_sft,LONG,Ret_72,232,170,1.426,1.8984
willr_34_sft >= -2.45|cci_5_sft >= 85.088097,LONG,Ret_48,259,204,1.3538,1.2214
willr_144_sft >= -46.708836|willr_5_sft >= -6.81|cci_13_sft <= 141.797266,LONG,Ret_96,221,146,1.2946,1.5789
hour_sft <= 12.0|cci_24_sft >= -4.97|willr_5_sft >= -3.96,LONG,Ret_72,246,185,1.5005,1.2221
willr_24_sft >= -10.246335|hour_sft <= Close_sft,LONG,Ret_96,318,212,1.2861,1.4019
hour_sft >= 21.0|willr_89_sft >= -20.964468,LONG,Ret_48,258,180,1.3359,1.3607
willr_48_sft >= -2.0,LONG,Ret_48,223,176,1.3942,1.1153
cci_200_sft <= 7.61|willr_13_sft <= -73.803139|cci_34_sft >= -138.477072,LONG,Ret_96,270,147,1.2695,1.129
willr_5_sft <= Close_sft|cci_24_sft <= 147.996594|willr_89_sft >= -20.964468,LONG,Ret_72,289,203,1.2752,1.4675
willr_120_sft >= -6.79,LONG,Ret_72,211,156,1.2619,1.4737
cci_144_sft >= 94.331154|stoch_5_sft >= 51.247913|cci_5_sft <= -7.42,LONG,Ret_72,206,139,1.2719,1.3451
willr_120_sft >= -88.436961|willr_144_sft >= -7.25,LONG,Ret_72,203,149,1.2983,1.4536
hour_sft >= 18.0|stoch_34_sft >= 89.12438,LONG,Ret_72,207,153,1.2893,1.8257
willr_48_sft >= -21.491477|willr_13_sft <= -47.851532|willr_24_sft >= -47.670113,LONG,Ret_48,219,168,1.4694,1.3762
stoch_24_sft <= Close_sft|willr_24_sft >= -8.58,LONG,Ret_96,306,208,1.3265,1.328
cci_24_sft <= 147.996594|willr_48_sft >= -9.370427,LONG,Ret_96,217,157,1.2621,1.9123
willr_21_sft <= Close_sft|stoch_21_sft >= 87.931494|willr_200_sft <= -20.988032,LONG,Ret_96,206,133,1.2539,1.4537
stoch_24_sft >= 88.371309|dow_sft >= 4.0,LONG,Ret_48,230,164,1.3869,0.9693
willr_144_sft <= Close_sft|willr_144_sft >= -46.708836|willr_24_sft >= -2.45,LONG,Ret_48,229,184,1.321,1.281
stoch_13_sft >= 51.977692|willr_21_sft >= -7.37,LONG,Ret_96,304,211,1.2835,1.1687
willr_5_sft >= -5.82,LONG,Ret_96,335,229,1.2973,1.5645
willr_8_sft <= 5.26|willr_48_sft >= -2.35|stoch_55_sft >= -4.95,LONG,Ret_48,241,187,1.2549,1.0839
cci_24_sft >= 0.06|willr_24_sft >= -10.246335,LONG,Ret_96,318,212,1.2861,1.4019
willr_89_sft <= 6.02|willr_24_sft >= -10.246335,LONG,Ret_96,318,212,1.2861,1.4019
willr_144_sft >= -74.629684|cci_24_sft >= 4.962039|willr_8_sft >= -8.19,LONG,Ret_96,316,217,1.3242,1.484
hour_sft >= 21.0|cci_48_sft >= 9.77,LONG,Ret_96,292,192,1.3122,1.4128
willr_24_sft >= -47.670113|willr_5_sft >= -48.3848|hour_sft >= 21.0,LONG,Ret_72,340,223,1.332,1.1709
dow_sft <= 4.0|hour_sft >= 21.0|willr_13_sft >= -22.987964,LONG,Ret_72,257,167,1.3784,1.3537
willr_48_sft >= -2.36,LONG,Ret_48,241,187,1.2526,1.0929
willr_48_sft >= -7.96|cci_5_sft <= 85.088097,LONG,Ret_48,254,196,1.3113,1.3447
cci_5_sft >= 124.421092|willr_48_sft >= -9.370427,LONG,Ret_72,284,195,1.3348,1.2635
stoch_200_sft >= 2.73|willr_24_sft >= -10.246335,LONG,Ret_96,318,212,1.2861,1.4019
cci_21_sft >= -140.709915|willr_24_sft >= -10.246335,LONG,Ret_96,318,212,1.2861,1.4019
willr_5_sft <= -87.301361|stoch_34_sft >= 77.567905,LONG,Ret_72,211,153,1.3474,1.2822
stoch_55_sft <= 90.256581|willr_34_sft >= -9.820296|stoch_24_sft >= 14.649273,LONG,Ret_96,281,182,1.271,1.3793
cci_8_sft >= -81.673649|cci_5_sft <= -123.113646,LONG,Ret_72,328,203,1.2796,1.1934
willr_48_sft >= -9.370427|cci_8_sft <= 135.660733,LONG,Ret_96,239,167,1.3103,1.8657
stoch_144_sft >= 78.792278|cci_24_sft <= 147.996594,LONG,Ret_72,259,181,1.2799,1.609
willr_13_sft >= -2.84|willr_48_sft <= 4.22,LONG,Ret_48,340,270,1.2883,1.1384
stoch_144_sft >= 78.792278|willr_21_sft >= -22.603128,LONG,Ret_72,242,170,1.3525,1.7678
willr_5_sft <= -87.301361|cci_120_sft <= -78.925987,LONG,Ret_96,217,130,1.2644,1.2212
willr_48_sft >= -1.95,LONG,Ret_48,222,174,1.3762,1.1318
stoch_144_sft >= 53.37355|dow_sft >= 4.0,LONG,Ret_48,264,173,1.3611,1.2315
willr_24_sft >= -10.246335|willr_13_sft >= -47.851532,LONG,Ret_96,318,212,1.2861,1.4019
cci_144_sft >= -139.044336|willr_24_sft >= -10.246335,LONG,Ret_96,318,212,1.2854,1.4019
hour_sft >= 21.0|stoch_55_sft >= 52.002857,LONG,Ret_96,286,190,1.2782,1.4015
willr_13_sft >= -22.987964|stoch_144_sft >= 78.792278,LONG,Ret_72,243,177,1.3434,1.5303
stoch_48_sft >= 89.911131|hour_sft >= 12.0,LONG,Ret_96,214,152,1.2618,1.7473
hour_sft >= 18.0|stoch_48_sft >= 78.212299|cci_5_sft >= 85.088097,LONG,Ret_72,224,161,1.35,1.3157
willr_48_sft >= -21.491477|stoch_120_sft <= 78.952785|willr_5_sft >= -24.065987,LONG,Ret_72,260,163,1.3392,1.3244
willr_24_sft >= -10.246335|willr_48_sft >= -87.629999,LONG,Ret_96,318,212,1.2861,1.4019
stoch_48_sft >= 78.212299|stoch_8_sft <= 85.06998|hour_sft >= 21.0,LONG,Ret_72,207,146,1.6368,2.0336
cci_13_sft >= 141.797266|stoch_89_sft >= 78.79277|willr_8_sft <= 1.12,LONG,Ret_96,218,151,1.2528,1.8079
willr_48_sft >= -1.88,LONG,Ret_48,219,172,1.3405,1.1294
willr_21_sft >= -10.353555|willr_24_sft >= -10.246335,LONG,Ret_96,315,209,1.2836,1.3499
stoch_13_sft <= 75.253738|cci_144_sft >= 94.331154|stoch_21_sft >= 52.372257,LONG,Ret_72,242,165,1.2904,1.3418
willr_24_sft >= -10.246335|stoch_144_sft >= -0.78,LONG,Ret_96,318,212,1.2861,1.4019
willr_24_sft >= -9.56|cci_144_sft >= -78.18689|cci_120_sft <= 93.799591,LONG,Ret_96,233,155,1.2577,1.204
willr_120_sft >= -6.66|stoch_89_sft >= 12.177773,LONG,Ret_72,211,156,1.2555,1.4347
willr_21_sft >= -9.54|willr_8_sft >= -86.997574|cci_55_sft >= 90.122112,LONG,Ret_96,268,178,1.324,1.9241
cci_55_sft >= -4.03|willr_48_sft <= 4.76|willr_13_sft >= -10.574783,LONG,Ret_96,319,210,1.2892,1.5596
cci_144_sft >= -0.91|dow_sft >= 4.0,LONG,Ret_48,281,186,1.2852,1.1941
willr_55_sft >= -9.120182|stoch_5_sft >= 82.694817,LONG,Ret_48,303,226,1.2875,1.1852
willr_13_sft >= -2.68,LONG,Ret_48,323,264,1.3038,1.1872
stoch_24_sft >= 88.371309|hour_sft <= Close_sft|cci_8_sft <= 86.080036,LONG,Ret_96,247,167,1.2648,1.4013
stoch_48_sft >= 89.911131|cci_200_sft <= 158.465622|willr_120_sft <= Close_sft,LONG,Ret_72,221,168,1.3262,1.8572
willr_24_sft >= -10.246335|cci_8_sft >= 6.63|cci_34_sft >= -138.477072,LONG,Ret_96,318,212,1.2861,1.4019
willr_21_sft <= -10.353555|willr_34_sft >= -9.820296,LONG,Ret_72,211,144,1.304,2.4514
willr_144_sft <= -8.323804|willr_55_sft >= -9.120182,LONG,Ret_72,207,124,1.2696,1.2224
cci_120_sft <= Close_sft|willr_24_sft >= -10.246335,LONG,Ret_96,318,212,1.2861,1.4019
cci_200_sft >= 13.842159|willr_24_sft >= -10.246335,LONG,Ret_72,290,202,1.2689,1.6098
stoch_48_sft >= 13.04039|cci_89_sft >= -2.63|cci_120_sft <= 5.74,LONG,Ret_72,206,114,1.3024,0.9883
stoch_8_sft >= 85.06998|willr_24_sft >= -22.44638,LONG,Ret_96,299,200,1.2653,1.3983
stoch_21_sft <= 76.412769|willr_55_sft >= -21.370929,LONG,Ret_72,305,210,1.2918,1.3438
cci_144_sft >= 94.331154|willr_120_sft >= -88.436961|willr_5_sft >= -11.066111,LONG,Ret_72,233,167,1.2643,1.3635
stoch_8_sft <= 85.06998|willr_89_sft >= -20.964468|hour_sft >= 18.0,LONG,Ret_96,200,137,1.446,1.6269
willr_5_sft >= -11.066111|hour_sft <= 12.0|willr_5_sft <= 8.46,LONG,Ret_96,339,225,1.2602,1.4201
willr_13_sft >= -2.31,LONG,Ret_48,300,242,1.2738,1.125
willr_21_sft <= -6.34|dow_sft >= 2.0|willr_48_sft >= -9.370427,LONG,Ret_96,230,163,1.261,1.5664
willr_13_sft >= -2.2,LONG,Ret_48,291,236,1.331,1.1473
willr_5_sft >= -3.63|cci_5_sft >= 85.088097,LONG,Ret_96,293,206,1.3253,1.4231
willr_8_sft >= -3.04|willr_24_sft <= Close_sft,LONG,Ret_96,274,193,1.2507,1.3971
willr_120_sft <= -8.566356|willr_55_sft >= -21.370929|willr_5_sft <= -73.2911,LONG,Ret_48,231,163,1.285,1.1762
stoch_5_sft >= 19.329134|willr_13_sft >= -1.37,LONG,Ret_48,217,183,1.2685,1.0163
cci_48_sft <= -3.41|cci_34_sft >= 6.342597,LONG,Ret_96,245,150,1.2628,1.6428
cci_13_sft >= 141.797266|stoch_13_sft <= 75.253738,LONG,Ret_96,299,182,1.2696,1.442
cci_120_sft >= 93.799591|willr_144_sft >= -21.067403,LONG,Ret_72,256,186,1.2528,1.4491
stoch_24_sft >= 27.203917|willr_24_sft >= -10.246335,LONG,Ret_96,318,212,1.2861,1.4019
willr_55_sft >= -7.96|stoch_8_sft >= 85.06998,LONG,Ret_48,292,216,1.2974,1.2828
cci_24_sft >= -140.515881|stoch_34_sft >= 89.12438|cci_13_sft <= 141.797266,LONG,Ret_96,245,167,1.3087,1.7675
cci_5_sft <= 1.08|willr_48_sft >= -21.491477,LONG,Ret_72,288,199,1.263,1.3812
willr_55_sft >= -21.370929|stoch_144_sft <= 78.792278,LONG,Ret_72,254,154,1.3065,1.5263
dow_sft >= 4.0|cci_89_sft >= 5.2,LONG,Ret_72,299,202,1.2678,1.1825
cci_48_sft >= 6.552284|stoch_48_sft <= 52.216015,LONG,Ret_96,272,161,1.2697,1.3771
cci_8_sft <= 4.68363|cci_8_sft >= 0.6|cci_8_sft <= 86.080036,LONG,Ret_96,209,129,1.2832,1.2643
cci_13_sft >= 141.797266|cci_89_sft >= -80.669346|willr_144_sft >= -21.067403,LONG,Ret_72,237,169,1.3469,1.4438
willr_120_sft >= -6.72|willr_144_sft <= Close_sft,LONG,Ret_72,211,156,1.2582,1.4669
willr_34_sft >= -22.086793|willr_5_sft >= -3.39,LONG,Ret_96,213,153,1.2511,1.8349
willr_89_sft <= -20.964468|willr_34_sft >= -22.086793|willr_5_sft >= -24.065987,LONG,Ret_96,249,146,1.2686,1.3264
cci_13_sft <= 3.862034|stoch_24_sft >= 76.799507|stoch_5_sft <= Close_sft,LONG,Ret_72,223,160,1.2655,1.3046
cci_21_sft >= 88.019604|hour_sft >= 21.0,LONG,Ret_72,295,200,1.2748,1.1348
willr_5_sft >= -5.78|stoch_21_sft >= 15.006661,LONG,Ret_96,335,227,1.2868,1.6087
willr_120_sft >= -88.436961|cci_200_sft >= 2.51|willr_48_sft <= -21.491477,LONG,Ret_96,281,186,1.2732,1.6741
stoch_48_sft >= 78.212299|willr_144_sft >= -46.708836|cci_48_sft <= 149.45737,LONG,Ret_72,280,199,1.3667,1.61
willr_34_sft <= -9.820296|cci_48_sft <= Close_sft|willr_8_sft >= -4.38,LONG,Ret_96,242,176,1.2679,1.2295
willr_55_sft >= -21.370929|cci_120_sft >= -0.16|hour_sft >= 18.0,LONG,Ret_72,264,181,1.3092,1.677
cci_24_sft <= 4.962039|cci_48_sft >= 6.552284,LONG,Ret_96,293,196,1.3029,1.4496
willr_5_sft >= -3.48|cci_200_sft >= -3.88,LONG,Ret_96,207,150,1.3415,1.7969
stoch_144_sft >= 78.792278|willr_89_sft >= -47.90955|willr_8_sft >= -73.652382,LONG,Ret_72,265,183,1.2529,1.5486
stoch_89_sft >= 91.019492|cci_144_sft >= 94.331154,LONG,Ret_72,202,150,1.2614,1.4617
willr_24_sft >= -10.246335|willr_120_sft <= Close_sft|willr_8_sft >= -23.412279,LONG,Ret_96,317,211,1.2714,1.374
stoch_5_sft >= 4.03|willr_24_sft >= -1.71,LONG,Ret_48,226,182,1.3859,1.2681
stoch_34_sft >= 77.567905|cci_5_sft <= 4.213535|willr_48_sft <= 3.08,LONG,Ret_96,293,195,1.2725,1.537
stoch_24_sft >= 5.25|stoch_55_sft >= 26.4082|willr_24_sft >= -10.246335,LONG,Ret_96,318,212,1.2526,1.3909
cci_34_sft >= 6.342597|hour_sft <= 21.0|hour_sft >= 21.0,LONG,Ret_96,287,187,1.2752,1.4676
cci_48_sft <= 149.45737|stoch_55_sft >= 90.256581,LONG,Ret_48,235,175,1.4122,1.4435
stoch_34_sft <= 89.12438|cci_13_sft <= 3.862034|stoch_34_sft >= 52.578186,LONG,Ret_96,340,220,1.3535,1.5424
stoch_200_sft >= -3.69|willr_200_sft <= -8.143376|willr_55_sft >= -9.120182,LONG,Ret_72,220,134,1.2508,1.2211
stoch_5_sft <= 51.247913|stoch_48_sft >= 78.212299,LONG,Ret_72,287,198,1.2535,1.5292
cci_8_sft <= -81.673649|stoch_55_sft >= 78.353447,LONG,Ret_48,275,197,1.2697,1.3494
willr_48_sft >= -21.491477|cci_55_sft >= 90.122112|hour_sft >= 12.0,LONG,Ret_72,327,228,1.2978,1.2185
willr_24_sft >= -73.549549|willr_34_sft >= -9.820296|stoch_55_sft >= 90.256581,LONG,Ret_48,300,220,1.2588,1.4791
hour_sft <= 12.0|willr_5_sft >= -11.066111,LONG,Ret_96,339,225,1.2602,1.4201
willr_24_sft >= -9.08,LONG,Ret_96,309,208,1.2962,1.4105
stoch_13_sft >= 2.15|willr_5_sft >= -2.49,LONG,Ret_96,252,183,1.3431,1.2688
dow_sft >= 2.0|stoch_89_sft >= 91.019492,LONG,Ret_72,207,157,1.3355,1.3408
hour_sft <= 1.95|cci_120_sft <= -78.925987,LONG,Ret_48,239,140,1.2668,1.2932
willr_24_sft >= -10.246335|cci_8_sft >= -133.787415,LONG,Ret_96,318,212,1.2861,1.4019
stoch_89_sft >= 78.79277|stoch_13_sft <= Close_sft|hour_sft >= 21.0,LONG,Ret_48,251,179,1.3966,1.3752
willr_8_sft >= -3.39|cci_55_sft <= 90.122112,LONG,Ret_96,209,158,1.3679,1.4034
willr_24_sft >= -7.13|willr_48_sft >= -47.676697,LONG,Ret_96,291,195,1.3114,1.3569
cci_48_sft <= Close_sft|willr_48_sft >= -9.370427|willr_5_sft <= -24.065987,LONG,Ret_72,205,153,1.3141,1.524
willr_5_sft >= -48.3848|willr_24_sft >= -10.246335,LONG,Ret_96,318,212,1.2861,1.4019
willr_5_sft >= -5.44,LONG,Ret_96,332,228,1.2943,1.6049
stoch_34_sft <= Close_sft|willr_24_sft >= -10.246335,LONG,Ret_96,318,212,1.2861,1.4019
stoch_34_sft >= 7.71|willr_21_sft >= -7.35,LONG,Ret_96,306,211,1.2635,1.1678
willr_8_sft >= -10.769713|cci_34_sft >= 1.75,LONG,Ret_96,340,227,1.282,1.4265
willr_34_sft >= -47.338058|stoch_5_sft <= 19.329134,LONG,Ret_96,212,135,1.3883,1.2048
willr_21_sft >= -10.353555|hour_sft >= 6.0,LONG,Ret_96,319,217,1.2706,1.294
hour_sft >= 21.0|stoch_34_sft >= 26.853738|stoch_34_sft >= 77.567905,LONG,Ret_72,254,179,1.3012,1.6651
stoch_48_sft >= 89.911131|cci_13_sft <= 141.797266|stoch_24_sft >= 27.203917,LONG,Ret_72,259,184,1.3376,1.7261
stoch_120_sft >= 11.689374|cci_21_sft <= 88.019604|willr_48_sft >= -21.491477,LONG,Ret_72,307,214,1.3125,1.429
willr_55_sft >= -21.370929|stoch_120_sft <= 78.952785|willr_120_sft >= -74.639439,LONG,Ret_72,261,156,1.3963,1.6436
willr_34_sft >= -2.21|stoch_5_sft <= Close_sft,LONG,Ret_48,260,198,1.325,1.2219
stoch_48_sft >= 89.911131|stoch_34_sft <= Close_sft|cci_34_sft <= 147.839603,LONG,Ret_72,219,156,1.3857,1.6114
willr_34_sft >= -2.09|cci_34_sft >= 6.342597,LONG,Ret_48,251,195,1.3097,1.1892
willr_24_sft >= -7.3|cci_89_sft >= -80.669346,LONG,Ret_96,300,201,1.3271,1.2108
cci_21_sft >= 88.019604|willr_24_sft >= -2.0,LONG,Ret_48,245,197,1.4161,1.0862
stoch_13_sft >= 3.79|willr_24_sft >= -10.246335,LONG,Ret_96,318,212,1.2861,1.4019
willr_55_sft >= -47.785381|hour_sft >= 21.0|willr_89_sft <= -20.964468,LONG,Ret_96,239,159,1.3741,1.4983
willr_55_sft >= -8.15|willr_55_sft <= -5.96|stoch_34_sft <= Close_sft,LONG,Ret_72,253,179,1.3908,1.3399
stoch_55_sft >= 90.256581|willr_5_sft >= -11.066111,LONG,Ret_48,264,200,1.2665,1.2599
stoch_34_sft >= 77.567905|cci_144_sft >= 94.331154,LONG,Ret_72,247,180,1.4111,1.4827
willr_24_sft >= -10.246335|stoch_24_sft >= -6.61,LONG,Ret_96,318,212,1.2861,1.4019
stoch_55_sft >= 90.256581|cci_200_sft <= 158.465622,LONG,Ret_72,213,163,1.4187,2.0869
cci_89_sft >= -2.54|willr_13_sft <= -10.574783|willr_144_sft <= -46.708836,LONG,Ret_72,215,125,1.3135,1.2822
stoch_34_sft >= 26.853738|willr_34_sft >= -1.68|stoch_120_sft >= 2.96,LONG,Ret_48,221,178,1.4513,1.303
stoch_34_sft >= -8.56|willr_21_sft >= -7.84|hour_sft >= 18.0,LONG,Ret_96,206,147,1.336,1.7878
willr_34_sft >= -8.82|dow_sft >= 4.0,LONG,Ret_72,241,167,1.2717,1.2105
willr_8_sft >= -2.8|cci_55_sft >= 2.65|stoch_24_sft >= 27.203917,LONG,Ret_48,291,232,1.2813,1.2184
willr_24_sft >= -10.246335|cci_5_sft >= -123.113646,LONG,Ret_96,318,212,1.2861,1.4019
willr_24_sft >= -10.246335|cci_13_sft <= 141.797266,LONG,Ret_96,280,185,1.2674,1.8859
willr_24_sft >= -7.08,LONG,Ret_96,299,201,1.3352,1.1985
stoch_13_sft >= 75.253738|hour_sft >= 18.0,LONG,Ret_72,352,228,1.2528,1.4211
willr_24_sft >= -6.22|willr_13_sft <= Close_sft,LONG,Ret_96,288,197,1.2788,1.1108
willr_48_sft >= -9.370427|dow_sft >= 4.0,LONG,Ret_72,214,154,1.3773,1.1366
hour_sft <= 6.94|stoch_21_sft >= 52.372257|willr_55_sft <= -47.785381,LONG,Ret_96,208,115,1.257,1.1804
willr_24_sft >= -10.246335|willr_55_sft <= Close_sft,LONG,Ret_96,318,212,1.2861,1.4019
willr_55_sft >= -9.120182|stoch_89_sft <= Close_sft|stoch_48_sft >= 89.911131,LONG,Ret_48,310,225,1.283,1.4646
stoch_5_sft >= 70.960163|stoch_48_sft <= 52.216015|willr_48_sft <= -74.011829,LONG,Ret_48,219,146,1.2659,1.0795
stoch_144_sft >= 78.792278|cci_13_sft >= -81.587856|willr_89_sft >= -74.489902,LONG,Ret_72,266,185,1.2517,1.5308
stoch_8_sft >= 85.06998|willr_8_sft >= -23.412279|cci_24_sft >= 6.92,LONG,Ret_96,320,219,1.2557,1.3354
stoch_48_sft >= 78.212299|willr_8_sft <= -48.025597|stoch_144_sft >= 11.597828,LONG,Ret_72,301,208,1.298,1.486
willr_21_sft >= -3.44|stoch_24_sft >= 88.371309,LONG,Ret_48,281,212,1.2512,1.3383
willr_13_sft <= -73.803139|willr_24_sft <= -22.44638|cci_48_sft >= -9.04,LONG,Ret_96,291,188,1.2525,1.3675
cci_55_sft >= 5.796585|willr_144_sft >= -7.5,LONG,Ret_72,205,151,1.2658,1.4751
stoch_89_sft >= 91.019492|cci_34_sft <= 147.839603,LONG,Ret_48,226,172,1.4193,1.3771
willr_89_sft >= -8.693633|stoch_48_sft >= 78.212299,LONG,Ret_72,244,175,1.2615,1.3267
willr_34_sft <= Close_sft|willr_144_sft <= -46.708836|cci_89_sft >= 1.56,LONG,Ret_72,209,122,1.2561,1.1889
cci_120_sft <= -78.925987|stoch_89_sft >= 25.644902,LONG,Ret_72,200,125,1.4335,1.2891
willr_24_sft >= -9.73,LONG,Ret_96,314,210,1.2586,1.4018
willr_120_sft >= -6.75,LONG,Ret_72,211,156,1.2619,1.4669
cci_13_sft <= 141.797266|willr_89_sft >= -8.693633,LONG,Ret_48,269,190,1.2742,1.4804
willr_13_sft <= Close_sft|willr_24_sft >= -10.246335,LONG,Ret_96,318,212,1.2861,1.4019
willr_5_sft <= Close_sft|willr_24_sft >= -10.246335,LONG,Ret_96,318,212,1.2861,1.4019
stoch_5_sft >= 19.329134|willr_24_sft >= -10.246335,LONG,Ret_96,318,212,1.2861,1.4019
cci_48_sft >= 88.992592|dow_sft <= Close_sft|hour_sft >= 21.0,LONG,Ret_72,267,183,1.341,1.2903
cci_24_sft >= 147.996594|stoch_24_sft >= 52.352547|dow_sft >= 3.0,LONG,Ret_96,286,190,1.2513,1.4455
cci_144_sft >= 8.74|willr_8_sft <= 9.24|willr_24_sft >= -10.246335,LONG,Ret_72,315,211,1.321,1.564
cci_13_sft >= 87.3848|willr_34_sft >= -9.820296,LONG,Ret_96,291,193,1.2536,1.4883
stoch_144_sft >= 78.792278|cci_8_sft >= 4.68363,LONG,Ret_72,262,182,1.2673,1.4916
willr_13_sft >= -2.43,LONG,Ret_48,305,253,1.2765,1.1234
stoch_48_sft >= 89.911131|stoch_13_sft <= 86.61523,LONG,Ret_72,224,163,1.3432,1.6891
willr_5_sft >= -2.06|stoch_24_sft >= 52.352547,LONG,Ret_72,212,165,1.3072,1.1333
willr_55_sft >= -9.120182|willr_8_sft >= -8.46|stoch_21_sft >= 87.931494,LONG,Ret_48,270,207,1.3342,1.28
dow_sft >= 4.0|cci_21_sft >= 147.514725|willr_89_sft <= -20.964468,LONG,Ret_72,205,115,1.3227,1.3669
hour_sft >= 21.0|willr_24_sft >= -47.670113,LONG,Ret_96,306,195,1.4516,1.3791
willr_24_sft >= -1.9,LONG,Ret_48,242,190,1.378,1.1386
willr_48_sft <= -7.5|willr_34_sft >= -9.820296,LONG,Ret_96,257,160,1.3065,1.4474
stoch_34_sft >= 77.567905|willr_8_sft <= -10.769713|cci_144_sft >= 94.331154,LONG,Ret_72,242,176,1.3878,1.3789
willr_48_sft >= -8.63|cci_144_sft >= 10.995758|stoch_48_sft >= 89.911131,LONG,Ret_48,296,209,1.2561,1.619
stoch_8_sft <= Close_sft|willr_24_sft >= -10.246335,LONG,Ret_96,318,212,1.2861,1.4019
willr_8_sft >= -10.769713|willr_89_sft >= -47.90955|hour_sft <= 12.0,LONG,Ret_72,305,204,1.256,1.6511
willr_5_sft >= -1.73|cci_24_sft >= 8.7,LONG,Ret_72,205,157,1.763,1.2004
stoch_5_sft >= 31.54893|cci_13_sft <= 87.3848|willr_89_sft >= -20.964468,LONG,Ret_96,227,159,1.3258,1.6756
willr_8_sft >= -9.83|cci_48_sft >= 9.29,LONG,Ret_96,319,208,1.2545,1.4469
willr_13_sft <= -22.987964|stoch_55_sft >= 90.256581,LONG,Ret_48,218,159,1.3455,1.3412
willr_24_sft >= -10.246335|stoch_13_sft >= 51.977692,LONG,Ret_96,317,212,1.2793,1.3987
willr_48_sft >= -9.370427|willr_34_sft <= -7.5|cci_8_sft >= -81.673649,LONG,Ret_72,262,184,1.2632,1.4571
willr_55_sft >= -6.56|stoch_8_sft >= 85.06998|willr_120_sft <= Close_sft,LONG,Ret_48,283,210,1.296,1.2374
cci_21_sft <= 147.514725|willr_55_sft >= -9.120182,LONG,Ret_96,206,157,1.4091,1.9035
dow_sft >= 4.0|cci_24_sft >= 88.543152|willr_21_sft >= -22.603128,LONG,Ret_72,330,206,1.2535,1.1731
willr_89_sft >= -47.90955|willr_24_sft >= -1.9|willr_200_sft <= Close_sft,LONG,Ret_48,224,181,1.4619,1.1145
willr_55_sft >= -7.92|stoch_48_sft >= 89.911131,LONG,Ret_48,303,218,1.3113,1.4967
cci_21_sft <= 4.947041|cci_34_sft >= 8.62|cci_48_sft <= 88.992592,LONG,Ret_96,299,199,1.3509,1.4258
stoch_48_sft <= 13.04039|willr_13_sft >= -73.803139,LONG,Ret_48,231,145,1.3005,1.4601
willr_24_sft >= -10.246335|stoch_21_sft >= 27.418021,LONG,Ret_96,318,212,1.2861,1.4019
cci_48_sft >= -81.041885|hour_sft <= 6.0|cci_5_sft >= 124.421092,LONG,Ret_96,285,184,1.2562,1.5825
willr_24_sft >= -1.66,LONG,Ret_48,222,179,1.3296,1.2697
willr_5_sft <= -5.96|willr_89_sft >= -8.693633,LONG,Ret_96,207,143,1.326,1.9867
stoch_21_sft >= 87.931494|willr_200_sft <= -20.988032|willr_200_sft <= 5.51,LONG,Ret_96,206,133,1.2539,1.4537
willr_24_sft >= -22.44638|hour_sft >= 21.0,LONG,Ret_96,236,161,1.5221,1.5005
cci_144_sft <= Close_sft|cci_13_sft <= 141.797266|stoch_89_sft >= 91.019492,LONG,Ret_72,215,152,1.2518,1.4019
hour_sft <= 3.0|willr_34_sft >= -47.338058|willr_200_sft <= -20.988032,LONG,Ret_96,240,142,1.2928,1.2016
willr_24_sft >= -10.246335|stoch_13_sft >= 8.95|cci_5_sft >= -123.113646,LONG,Ret_96,318,212,1.2861,1.4019
stoch_48_sft >= 89.911131|cci_55_sft <= 149.44968,LONG,Ret_72,216,157,1.284,1.3838
cci_120_sft >= -78.925987|willr_24_sft >= -10.246335,LONG,Ret_96,312,209,1.3024,1.5774
cci_21_sft >= -140.709915|cci_34_sft >= -81.230389|willr_24_sft >= -10.246335,LONG,Ret_96,318,212,1.2861,1.4019
willr_24_sft >= -8.59|cci_89_sft >= 6.709311|cci_89_sft >= -142.344937,LONG,Ret_96,272,185,1.2911,1.5411
willr_8_sft >= -48.025597|willr_24_sft >= -10.246335,LONG,Ret_96,318,212,1.2861,1.4019
hour_sft >= 18.0|stoch_34_sft >= 89.12438|cci_5_sft >= -81.500599,LONG,Ret_72,207,153,1.2893,1.8257
dow_sft >= 4.0|cci_144_sft >= 2.1,LONG,Ret_48,280,185,1.2862,1.2103
stoch_55_sft <= Close_sft|willr_24_sft >= -10.246335,LONG,Ret_96,318,212,1.2861,1.4019
willr_48_sft <= -74.011829|stoch_5_sft >= 70.960163,LONG,Ret_48,219,146,1.2659,1.0795
willr_13_sft >= -10.574783|willr_48_sft >= -1.8,LONG,Ret_48,216,170,1.3197,1.131
willr_13_sft >= -22.987964|hour_sft >= 21.0,LONG,Ret_72,280,187,1.4207,1.3651
willr_55_sft >= -47.785381|willr_55_sft <= -0.72|stoch_5_sft <= 31.54893,LONG,Ret_72,359,238,1.2626,1.4147
willr_48_sft >= -9.370427|cci_120_sft >= 3.11,LONG,Ret_96,249,171,1.2564,1.7897
stoch_89_sft >= 78.79277|cci_13_sft >= 141.797266,LONG,Ret_96,218,151,1.2528,1.8079
willr_34_sft >= -9.44,LONG,Ret_96,293,195,1.2618,1.6042
willr_48_sft >= -9.98|stoch_89_sft >= 78.79277,LONG,Ret_96,219,150,1.341,2.2665
willr_144_sft <= -5.81|willr_48_sft >= -9.370427,LONG,Ret_72,257,160,1.2534,1.1919
willr_5_sft >= -2.68|willr_120_sft >= -88.436961,LONG,Ret_96,261,186,1.2747,1.3041
stoch_55_sft <= 90.256581|willr_144_sft >= -88.512123|willr_13_sft >= -2.39,LONG,Ret_48,217,174,1.3996,1.2974
willr_89_sft <= -3.35|cci_120_sft <= -78.925987|cci_34_sft >= -138.477072,LONG,Ret_96,235,133,1.2822,1.3121
willr_24_sft >= -10.246335|stoch_24_sft <= Close_sft,LONG,Ret_96,318,212,1.2861,1.4019
willr_24_sft >= -10.246335|willr_24_sft >= -73.549549|stoch_24_sft >= 14.649273,LONG,Ret_96,318,212,1.2861,1.4019
stoch_144_sft >= 78.792278|cci_5_sft >= 124.421092|stoch_89_sft >= 78.79277,LONG,Ret_72,204,150,1.304,1.4186
cci_34_sft <= 147.839603|willr_89_sft >= -8.693633|stoch_8_sft >= 29.39655,LONG,Ret_48,247,177,1.2846,1.6769
willr_24_sft >= -1.8|cci_8_sft >= 4.68363,LONG,Ret_48,236,186,1.3444,1.1464
stoch_5_sft >= 51.247913|willr_24_sft >= -10.246335,LONG,Ret_96,318,211,1.2617,1.4097
hour_sft <= 7.57|stoch_5_sft <= 19.329134,LONG,Ret_96,267,161,1.3203,1.299
willr_5_sft >= -6.78|willr_24_sft >= -47.670113|dow_sft >= 4.0,LONG,Ret_48,292,199,1.2855,1.0595
cci_13_sft >= 141.797266|willr_144_sft >= -21.067403,LONG,Ret_72,237,169,1.3469,1.4438
willr_55_sft <= -47.785381|stoch_5_sft <= 19.329134|stoch_48_sft >= 26.389151,LONG,Ret_72,290,175,1.3433,1.3307
willr_24_sft >= -8.31,LONG,Ret_96,306,208,1.3272,1.3037
stoch_8_sft >= 51.812485|willr_5_sft >= -1.59,LONG,Ret_72,225,167,1.4106,1.3339
hour_sft >= 6.0|willr_48_sft >= -9.370427|cci_8_sft <= Close_sft,LONG,Ret_96,254,177,1.3038,1.839
dow_sft >= 4.0|cci_34_sft >= 6.342597,LONG,Ret_72,346,227,1.2507,1.2032
willr_24_sft >= -7.18,LONG,Ret_96,299,201,1.3549,1.1956
stoch_89_sft <= Close_sft|stoch_8_sft >= 85.06998|stoch_48_sft <= 52.216015,LONG,Ret_96,215,138,1.2747,1.3488
willr_48_sft >= -6.77|cci_24_sft <= 147.996594,LONG,Ret_72,220,167,1.3107,1.4541
cci_8_sft <= 0.46|cci_89_sft >= 92.295536|hour_sft >= 12.0,LONG,Ret_72,208,141,1.3172,1.5727
willr_13_sft >= -3.56|cci_48_sft <= 149.45737|stoch_34_sft >= 26.853738,LONG,Ret_72,263,201,1.3605,1.3716
cci_48_sft >= 88.992592|hour_sft >= 18.0,LONG,Ret_72,316,212,1.2864,1.6409
willr_24_sft >= -10.246335|hour_sft >= 18.0|willr_200_sft >= -73.594006,LONG,Ret_96,220,150,1.2569,1.4321
willr_5_sft >= -2.35,LONG,Ret_96,250,183,1.2741,1.2689
cci_34_sft <= 147.839603|willr_89_sft >= -8.693633,LONG,Ret_48,247,177,1.2846,1.6755
dow_sft >= 2.0|cci_48_sft >= 2.15|willr_8_sft >= -10.769713,LONG,Ret_96,304,206,1.3061,1.3641
cci_144_sft >= -139.044336|willr_24_sft >= -6.37,LONG,Ret_96,290,199,1.2778,1.1049
cci_89_sft <= Close_sft|willr_24_sft >= -10.246335,LONG,Ret_96,318,212,1.2861,1.4019
willr_13_sft >= -1.84|willr_8_sft >= -23.412279,LONG,Ret_48,269,211,1.2807,1.266
willr_34_sft >= -9.820296|willr_5_sft >= -24.065987,LONG,Ret_96,293,196,1.2589,1.504
cci_55_sft >= -81.256191|stoch_24_sft >= 52.352547|willr_24_sft >= -10.246335,LONG,Ret_96,316,212,1.2981,1.3872
stoch_120_sft <= 78.952785|stoch_55_sft >= 78.353447|willr_120_sft <= 6.54,LONG,Ret_72,220,127,1.2522,1.2334
willr_120_sft >= -6.38|cci_120_sft >= -6.69|stoch_8_sft >= 17.346303,LONG,Ret_72,209,155,1.2751,1.3419
willr_5_sft >= -2.68|stoch_34_sft >= 14.102201,LONG,Ret_96,262,187,1.309,1.275
stoch_89_sft <= Close_sft|willr_24_sft >= -10.246335|stoch_24_sft <= 88.371309,LONG,Ret_96,304,196,1.291,1.5067
willr_24_sft >= -10.246335|stoch_13_sft <= Close_sft,LONG,Ret_96,318,212,1.2861,1.4019
dow_sft <= 3.0|willr_120_sft <= Close_sft|cci_55_sft >= 149.44968,LONG,Ret_96,215,137,1.2546,1.8848
stoch_5_sft <= Close_sft|willr_144_sft <= 8.26|willr_24_sft >= -8.31,LONG,Ret_96,306,208,1.3272,1.3037
willr_34_sft >= -9.820296|willr_5_sft <= -24.065987,LONG,Ret_72,204,152,1.4222,1.9295
dow_sft >= 4.0|stoch_21_sft >= 87.931494,LONG,Ret_48,235,176,1.4038,0.9845
willr_34_sft >= -73.735023|stoch_13_sft <= 86.61523|willr_89_sft >= -8.693633,LONG,Ret_96,201,135,1.326,1.8842
cci_200_sft <= -0.58|willr_144_sft >= -74.629684|willr_8_sft <= -73.652382,LONG,Ret_96,224,131,1.287,1.2112
willr_89_sft >= -8.693633|dow_sft >= 1.64|stoch_24_sft >= -5.84,LONG,Ret_72,238,175,1.2683,1.3735
willr_5_sft >= -1.57,LONG,Ret_72,243,177,1.2756,1.2037
cci_200_sft <= 158.465622|stoch_55_sft >= 90.256581|willr_144_sft >= -74.629684,LONG,Ret_72,212,163,1.4206,2.0869
hour_sft >= 21.0|stoch_89_sft >= 25.644902|cci_89_sft <= 92.295536,LONG,Ret_96,301,186,1.2567,1.5978
cci_48_sft <= 149.45737|stoch_144_sft >= 78.792278|willr_34_sft <= -1.77,LONG,Ret_72,250,179,1.2547,1.495
willr_144_sft <= -4.12|willr_8_sft >= -2.2|willr_144_sft <= -8.323804,LONG,Ret_72,228,156,1.3447,1.0486
hour_sft >= 12.0|stoch_55_sft >= 90.256581,LONG,Ret_96,203,146,1.2787,1.6934
willr_48_sft >= -87.629999|willr_21_sft <= -10.353555|willr_55_sft >= -9.120182,LONG,Ret_48,241,186,1.4238,1.2712
willr_34_sft >= -22.086793|stoch_55_sft >= 78.353447|hour_sft >= 21.0,LONG,Ret_72,209,153,1.3685,1.624
willr_89_sft <= Close_sft|willr_55_sft >= -47.785381|willr_13_sft >= -10.574783,LONG,Ret_96,311,208,1.4626,1.5413
cci_8_sft >= 86.080036|cci_144_sft >= 94.331154,LONG,Ret_72,262,184,1.2672,1.4355
willr_24_sft >= -10.246335|willr_5_sft >= -24.065987,LONG,Ret_96,317,211,1.2806,1.3766
cci_34_sft <= 88.784065|stoch_48_sft >= 78.212299,LONG,Ret_96,246,169,1.2524,1.6774
stoch_8_sft >= 29.39655|willr_34_sft >= -2.23|cci_21_sft >= 6.36,LONG,Ret_48,262,198,1.303,1.2253
hour_sft >= 18.0|willr_24_sft >= -22.44638,LONG,Ret_96,288,186,1.2665,1.4612
stoch_24_sft >= 14.649273|stoch_48_sft >= 52.216015|dow_sft >= 4.0,LONG,Ret_72,327,212,1.2646,1.1533
willr_24_sft >= -10.246335|stoch_24_sft >= 27.203917,LONG,Ret_96,318,212,1.2861,1.4019
stoch_89_sft >= 78.79277|willr_8_sft >= -10.769713,LONG,Ret_24,434,328,1.2762,1.4163
willr_34_sft >= -87.072878|willr_5_sft >= -3.32,LONG,Ret_96,286,205,1.3589,1.3646
willr_120_sft >= -6.77|stoch_5_sft >= 19.329134|cci_48_sft <= Close_sft,LONG,Ret_72,211,156,1.2619,1.4672
stoch_144_sft >= 53.37355|willr_34_sft >= -9.820296,LONG,Ret_96,241,163,1.2531,1.8824
willr_5_sft >= -11.066111|stoch_89_sft >= 78.79277,LONG,Ret_96,208,148,1.2928,1.9739
cci_144_sft >= 94.331154|stoch_48_sft >= 78.212299,LONG,Ret_72,250,177,1.3382,1.6978
cci_120_sft <= -78.925987|cci_5_sft <= -123.113646|dow_sft >= 3.0,LONG,Ret_96,202,110,1.2903,1.1384
willr_144_sft <= -21.067403|willr_8_sft >= -2.77,LONG,Ret_72,227,146,1.2767,1.1644
stoch_24_sft >= 76.799507|hour_sft >= 21.0,LONG,Ret_96,241,160,1.4371,1.5972
hour_sft >= 21.0|willr_21_sft >= -47.765285,LONG,Ret_96,306,195,1.3644,1.4037
willr_24_sft <= Close_sft|willr_5_sft >= -5.58,LONG,Ret_96,335,228,1.2689,1.5614
willr_34_sft >= -9.820296|stoch_55_sft >= 90.256581,LONG,Ret_48,300,220,1.2588,1.4791
willr_120_sft >= -6.72,LONG,Ret_72,211,156,1.2582,1.4669
willr_21_sft >= -1.6,LONG,Ret_48,221,189,1.2587,0.9992
cci_21_sft <= 147.514725|stoch_55_sft >= 90.256581,LONG,Ret_48,276,203,1.2716,1.5682
cci_13_sft <= 3.862034|cci_200_sft >= 96.296295,LONG,Ret_48,236,167,1.2704,1.1256
stoch_144_sft >= 53.37355|cci_34_sft >= 88.784065,LONG,Ret_96,270,179,1.2615,1.9189
hour_sft >= 21.0|cci_8_sft <= 86.080036|stoch_120_sft <= Close_sft,LONG,Ret_72,446,282,1.2751,1.1245
stoch_48_sft <= 78.212299|stoch_8_sft >= 85.06998|willr_55_sft >= -47.785381,LONG,Ret_96,222,151,1.3704,1.8684
stoch_5_sft >= 70.960163|hour_sft >= 12.0|cci_5_sft >= 124.421092,LONG,Ret_96,268,185,1.3412,1.1273
cci_200_sft >= 0.25|stoch_144_sft >= 53.37355|stoch_89_sft >= 78.79277,LONG,Ret_72,284,196,1.2627,1.4811
willr_13_sft <= -10.574783|stoch_55_sft >= 78.353447|cci_34_sft <= 88.784065,LONG,Ret_96,239,165,1.2779,1.4339
willr_34_sft >= -22.086793|willr_200_sft <= Close_sft|willr_13_sft >= -10.574783,LONG,Ret_96,300,199,1.3733,1.5293
stoch_144_sft >= 11.597828|willr_21_sft >= -7.27,LONG,Ret_96,305,210,1.2547,1.1884
willr_24_sft >= -10.246335|willr_120_sft <= Close_sft,LONG,Ret_96,318,212,1.2861,1.4019
cci_89_sft <= 151.437155|willr_21_sft >= -47.765285|willr_8_sft <= -86.997574,LONG,Ret_72,204,146,1.3164,0.9152
willr_200_sft >= -20.988032|hour_sft >= 21.0,LONG,Ret_48,232,167,1.2693,1.2455
stoch_55_sft >= 78.353447|stoch_5_sft <= 70.960163|willr_144_sft <= -21.067403,LONG,Ret_72,220,131,1.2668,1.5109
cci_13_sft <= -2.01|willr_34_sft >= -47.338058|cci_200_sft <= 96.296295,LONG,Ret_96,265,171,1.3864,1.3361
willr_21_sft >= -7.64,LONG,Ret_96,310,211,1.2508,1.1958
cci_24_sft >= 8.82|willr_21_sft >= -22.603128|cci_13_sft <= 141.797266,LONG,Ret_96,348,228,1.2685,1.2815
willr_24_sft >= -10.246335|willr_5_sft <= Close_sft,LONG,Ret_96,318,212,1.2861,1.4019
stoch_200_sft <= 78.995419|stoch_48_sft <= 78.212299|willr_13_sft >= -3.76,LONG,Ret_48,226,165,1.3313,1.1916
willr_13_sft >= -47.851532|willr_24_sft >= -8.52,LONG,Ret_96,306,208,1.3356,1.3091
stoch_5_sft <= 19.329134|hour_sft >= 21.0,LONG,Ret_96,200,134,1.3066,2.1306
stoch_200_sft <= Close_sft|willr_21_sft >= -47.765285|hour_sft >= 21.0,LONG,Ret_96,306,195,1.3644,1.4037
cci_24_sft >= 88.543152|hour_sft >= 18.0,LONG,Ret_72,362,240,1.2931,1.42
stoch_5_sft >= -0.33|willr_120_sft <= 5.84|willr_24_sft >= -10.246335,LONG,Ret_96,318,212,1.2861,1.4019
willr_144_sft <= -74.629684|cci_120_sft >= -139.774255,LONG,Ret_96,212,121,1.3302,1.2991
stoch_13_sft >= 28.17095|stoch_8_sft <= 29.39655|cci_144_sft <= -8.33,LONG,Ret_96,209,114,1.3255,1.2502
willr_24_sft >= -10.246335|dow_sft <= Close_sft,LONG,Ret_96,318,212,1.2861,1.4019
willr_55_sft >= -8.23|dow_sft >= 3.0,LONG,Ret_72,243,168,1.3182,1.2991
willr_144_sft <= -46.708836|cci_120_sft >= -4.91,LONG,Ret_72,226,135,1.2551,1.3306
willr_55_sft >= -9.120182|hour_sft >= 18.0,LONG,Ret_48,230,169,1.5354,1.527
willr_120_sft >= -7.33|cci_120_sft <= Close_sft,LONG,Ret_72,214,156,1.2767,1.5022
willr_120_sft <= Close_sft|willr_5_sft >= -5.76|willr_48_sft <= 7.09,LONG,Ret_96,335,229,1.2896,1.5642
willr_24_sft >= -10.246335|cci_24_sft >= -80.498276,LONG,Ret_96,318,212,1.2861,1.4019
cci_144_sft >= 10.995758|stoch_144_sft <= Close_sft|willr_24_sft >= -10.246335,LONG,Ret_72,314,210,1.3172,1.4752
willr_5_sft >= -3.51,LONG,Ret_96,293,209,1.3555,1.4074
stoch_8_sft <= Close_sft|cci_144_sft <= Close_sft|willr_24_sft >= -10.246335,LONG,Ret_96,318,212,1.2861,1.4019
willr_120_sft >= -7.48|cci_34_sft >= 88.784065,LONG,Ret_72,212,154,1.2857,1.5435
cci_5_sft <= 4.213535|willr_24_sft >= -22.44638|cci_89_sft >= 6.709311,LONG,Ret_72,268,177,1.4261,1.4567
willr_24_sft >= -10.246335|willr_21_sft <= Close_sft,LONG,Ret_96,318,212,1.2861,1.4019
willr_24_sft >= -6.49,LONG,Ret_96,291,199,1.2773,1.126
cci_13_sft >= -81.587856|willr_24_sft >= -10.246335,LONG,Ret_96,318,212,1.2861,1.4019
stoch_13_sft <= 51.977692|willr_34_sft >= -22.086793,LONG,Ret_48,239,150,1.3471,1.5089
willr_144_sft >= -7.2,LONG,Ret_72,201,149,1.326,1.4524
willr_120_sft >= -6.89|cci_144_sft >= -139.044336,LONG,Ret_72,211,156,1.2672,1.4756
stoch_120_sft >= 2.17|willr_34_sft >= -47.338058|stoch_5_sft <= 31.54893,LONG,Ret_72,375,244,1.2828,1.2602
willr_8_sft <= -73.652382|stoch_34_sft >= 77.567905,LONG,Ret_72,237,159,1.2745,1.2585
cci_21_sft <= 4.947041|cci_34_sft >= 6.342597,LONG,Ret_96,301,200,1.3052,1.5045
willr_21_sft >= -7.26|stoch_8_sft <= Close_sft,LONG,Ret_96,305,210,1.2699,1.1807
willr_8_sft <= 3.7|willr_24_sft >= -6.27,LONG,Ret_96,288,198,1.2881,1.0971
dow_sft <= 5.0|willr_24_sft >= -8.61,LONG,Ret_96,306,208,1.3265,1.328
willr_24_sft >= -7.44|hour_sft >= 6.89,LONG,Ret_96,289,192,1.2961,1.2168
willr_21_sft <= -10.353555|willr_34_sft >= -9.820296|cci_120_sft >= -4.4,LONG,Ret_48,219,161,1.4271,1.4183
willr_144_sft >= -46.708836|dow_sft >= 4.0,LONG,Ret_48,277,178,1.3037,1.2059
hour_sft >= 21.0|stoch_24_sft >= 52.352547,LONG,Ret_96,307,196,1.3449,1.2889
willr_55_sft >= -6.25|stoch_48_sft >= 89.911131,LONG,Ret_48,291,211,1.2751,1.4018
cci_24_sft <= 4.962039|cci_48_sft >= -1.08,LONG,Ret_96,300,198,1.2679,1.4138
hour_sft >= 21.0|willr_8_sft <= -86.997574,LONG,Ret_96,206,128,1.3912,2.2122
stoch_144_sft <= 25.448192|cci_144_sft >= -139.044336,LONG,Ret_96,210,116,1.2906,1.1224
hour_sft >= 18.0|cci_24_sft >= 88.543152,LONG,Ret_72,362,240,1.2931,1.42
willr_144_sft <= -74.629684|cci_24_sft >= -140.515881,LONG,Ret_96,216,124,1.2654,1.2652
stoch_34_sft >= 52.578186|cci_13_sft <= 3.862034,LONG,Ret_96,341,221,1.3424,1.5207
cci_5_sft <= 4.213535|willr_55_sft >= -21.370929,LONG,Ret_72,279,193,1.2782,1.3215
willr_5_sft >= -3.0,LONG,Ret_96,273,199,1.3993,1.3997
cci_24_sft <= -0.37|hour_sft >= 21.0|cci_13_sft <= -81.587856,LONG,Ret_96,253,158,1.2709,1.7949
willr_24_sft >= -6.94|cci_21_sft >= 5.9,LONG,Ret_96,298,200,1.3126,1.1907
stoch_48_sft >= 26.389151|willr_24_sft >= -10.246335,LONG,Ret_96,318,212,1.2618,1.3943
stoch_5_sft >= 82.694817|willr_13_sft >= -3.16,LONG,Ret_96,213,159,1.2894,1.5756
stoch_8_sft >= 8.69|willr_5_sft >= -5.61,LONG,Ret_96,335,228,1.2799,1.5783
cci_55_sft >= -139.803851|willr_48_sft >= -1.9|cci_8_sft >= -81.673649,LONG,Ret_48,220,172,1.3622,1.1405
willr_21_sft >= -7.37|willr_13_sft <= Close_sft,LONG,Ret_96,306,211,1.2694,1.1687
willr_8_sft >= -23.412279|willr_24_sft >= -6.65,LONG,Ret_96,293,199,1.2957,1.1507
willr_24_sft >= -10.246335|willr_21_sft >= -73.610996,LONG,Ret_96,318,212,1.2861,1.4019
dow_sft >= 4.0|cci_89_sft >= 92.295536|cci_5_sft <= 85.088097,LONG,Ret_72,212,152,1.4002,1.2929
stoch_89_sft <= 91.019492|willr_8_sft >= -2.65,LONG,Ret_72,262,194,1.293,1.2585
dow_sft >= 4.0|cci_48_sft >= -3.11|willr_89_sft >= -47.90955,LONG,Ret_72,289,195,1.2703,1.1971
willr_34_sft >= -2.06|willr_200_sft >= -73.594006|cci_24_sft <= Close_sft,LONG,Ret_48,243,194,1.3568,1.1811
hour_sft >= 12.0|stoch_48_sft >= 89.911131,LONG,Ret_96,214,152,1.2618,1.7473
stoch_5_sft >= 7.33|willr_24_sft >= -9.54,LONG,Ret_96,313,210,1.2677,1.4018
cci_200_sft >= 5.95|dow_sft >= 4.0,LONG,Ret_48,263,174,1.3356,1.2554
hour_sft >= 18.0|willr_34_sft >= -9.820296|stoch_55_sft >= 12.843636,LONG,Ret_72,223,161,1.3336,1.8054
willr_55_sft >= -47.785381|willr_13_sft >= -8.24,LONG,Ret_96,304,200,1.2674,1.3941
stoch_55_sft >= 90.256581|willr_13_sft <= -22.987964,LONG,Ret_48,218,159,1.3455,1.3412
hour_sft >= 21.0|stoch_55_sft >= 78.353447,LONG,Ret_96,201,142,1.4642,1.6553
stoch_89_sft <= Close_sft|willr_13_sft >= -1.87,LONG,Ret_48,269,214,1.2856,1.3327
cci_55_sft >= -139.803851|willr_48_sft >= -47.676697|willr_24_sft >= -10.246335,LONG,Ret_96,309,205,1.2676,1.5277
willr_21_sft <= -73.610996|cci_55_sft >= 5.796585,LONG,Ret_96,217,152,1.3468,1.5884
willr_24_sft >= -2.63,LONG,Ret_48,295,225,1.2791,1.1972
dow_sft >= 3.0|cci_5_sft >= -81.500599|willr_55_sft >= -7.65,LONG,Ret_72,237,167,1.3907,1.3036
willr_13_sft >= -2.77|stoch_13_sft >= 5.76,LONG,Ret_48,328,269,1.329,1.1378
stoch_24_sft >= 88.371309|cci_13_sft <= 141.797266|cci_55_sft >= 5.796585,LONG,Ret_96,257,174,1.3324,1.5068
stoch_34_sft >= 77.567905|stoch_48_sft <= Close_sft|cci_144_sft >= 94.331154,LONG,Ret_72,247,180,1.4111,1.4827
willr_5_sft >= -2.84|stoch_144_sft >= 11.597828,LONG,Ret_96,263,186,1.3614,1.3584
cci_13_sft >= 0.12|willr_8_sft >= -3.07,LONG,Ret_96,271,191,1.2912,1.3121
willr_48_sft >= -9.370427|stoch_13_sft <= 75.253738,LONG,Ret_48,243,176,1.3382,1.165
willr_24_sft >= -8.86|stoch_34_sft >= -9.8,LONG,Ret_96,306,208,1.3471,1.3635
stoch_21_sft >= 3.29|willr_13_sft >= -1.88|stoch_8_sft >= 29.39655,LONG,Ret_48,269,215,1.2829,1.3298
stoch_89_sft >= 78.79277|willr_48_sft >= -9.370427|willr_55_sft >= -73.947689,LONG,Ret_96,216,150,1.3868,2.2597
willr_55_sft >= -21.370929|willr_13_sft <= -47.851532,LONG,Ret_48,229,176,1.3799,1.3494
willr_24_sft >= -7.35,LONG,Ret_96,300,201,1.3655,1.2171
willr_48_sft <= Close_sft|willr_34_sft >= -22.086793|cci_144_sft >= 94.331154,LONG,Ret_72,258,180,1.2785,1.5307
hour_sft >= 21.0|willr_48_sft >= -47.676697,LONG,Ret_72,355,228,1.2695,1.2562
willr_55_sft >= -21.370929|cci_5_sft <= 3.39|cci_144_sft >= -0.25,LONG,Ret_72,258,173,1.2742,1.486
willr_55_sft >= -9.120182|willr_8_sft >= -23.412279|cci_34_sft <= 147.839603,LONG,Ret_48,269,203,1.2541,1.3519
willr_24_sft >= -10.246335|stoch_144_sft >= -9.65,LONG,Ret_96,318,212,1.2861,1.4019
willr_21_sft <= -73.610996|cci_48_sft >= 6.552284,LONG,Ret_96,209,134,1.3032,1.6105
stoch_34_sft >= 26.853738|willr_5_sft >= -2.19|stoch_5_sft >= 51.247913,LONG,Ret_72,260,193,1.3457,1.1451
willr_5_sft >= -3.27,LONG,Ret_96,286,205,1.3541,1.3513
cci_200_sft >= -76.762646|willr_89_sft >= -7.97,LONG,Ret_72,247,177,1.2656,1.2975
willr_13_sft >= -2.27,LONG,Ret_48,298,238,1.2974,1.161
willr_24_sft >= -7.22|stoch_34_sft <= Close_sft,LONG,Ret_96,299,201,1.3683,1.203
willr_34_sft <= Close_sft|willr_120_sft <= Close_sft|willr_24_sft >= -10.246335,LONG,Ret_96,318,212,1.2861,1.4019
dow_sft <= Close_sft|willr_5_sft >= -3.99|stoch_8_sft >= -9.71,LONG,Ret_96,307,216,1.2771,1.4042
willr_13_sft >= -2.96|hour_sft <= Close_sft,LONG,Ret_48,348,274,1.3177,1.1707
stoch_13_sft <= 51.977692|stoch_48_sft >= 78.212299|stoch_21_sft >= -1.64,LONG,Ret_48,218,164,1.5408,1.3909
cci_5_sft <= -7.06|cci_24_sft <= 5.37|cci_55_sft >= -2.69,LONG,Ret_96,281,192,1.2629,1.4992
stoch_89_sft >= 12.177773|willr_8_sft >= -3.23|cci_8_sft >= -3.81,LONG,Ret_96,280,198,1.2695,1.2642
stoch_5_sft <= Close_sft|willr_24_sft >= -10.246335|cci_89_sft >= -80.669346,LONG,Ret_96,318,212,1.2694,1.4018
cci_24_sft <= Close_sft|stoch_144_sft <= Close_sft|willr_24_sft >= -7.01,LONG,Ret_96,298,201,1.3325,1.2025
cci_89_sft <= Close_sft|willr_144_sft >= -21.067403|cci_13_sft >= 141.797266,LONG,Ret_72,237,169,1.3469,1.4438
stoch_120_sft <= Close_sft|willr_24_sft >= -6.51,LONG,Ret_96,291,199,1.2773,1.126
willr_48_sft <= Close_sft|willr_55_sft >= -21.370929|stoch_5_sft <= 82.694817,LONG,Ret_72,358,238,1.254,1.6698
willr_21_sft >= -22.603128|willr_24_sft >= -6.86,LONG,Ret_96,298,199,1.3057,1.1939
willr_24_sft >= -2.34,LONG,Ret_48,276,212,1.3143,1.1344
willr_24_sft >= -22.44638|willr_21_sft >= -10.353555|cci_21_sft >= -5.38,LONG,Ret_96,323,214,1.2745,1.3978
willr_89_sft <= -8.693633|willr_8_sft >= -5.84|willr_55_sft <= -47.785381,LONG,Ret_48,238,173,1.287,1.0094
willr_55_sft >= -9.120182|cci_5_sft >= 124.421092,LONG,Ret_72,274,190,1.3205,1.1706
willr_120_sft >= -7.13,LONG,Ret_72,212,156,1.2993,1.4885
willr_144_sft >= -21.067403|cci_13_sft <= 141.797266,LONG,Ret_72,267,185,1.2658,1.5644
willr_34_sft >= -9.820296|cci_34_sft >= -81.230389|stoch_89_sft >= 78.79277,LONG,Ret_96,219,150,1.2657,2.1921
stoch_48_sft >= 89.911131|stoch_120_sft <= 91.232881,LONG,Ret_72,200,122,1.2512,1.4624
willr_13_sft >= -1.84,LONG,Ret_48,269,211,1.2807,1.266
willr_55_sft >= -87.779292|cci_8_sft >= 4.68363|stoch_144_sft >= 78.792278,LONG,Ret_72,262,182,1.2673,1.4916
willr_48_sft >= -47.676697|willr_8_sft >= -2.14,LONG,Ret_96,207,149,1.2733,1.8269
willr_5_sft >= -2.87,LONG,Ret_96,268,195,1.3434,1.3629
hour_sft >= 21.0|willr_5_sft >= -8.64,LONG,Ret_48,217,162,1.4679,1.4622
willr_34_sft >= -9.820296|stoch_24_sft >= 5.38|cci_200_sft <= 158.465622,LONG,Ret_96,271,182,1.3373,1.5967
cci_200_sft >= 6.99|willr_5_sft >= -5.56|cci_13_sft <= 141.797266,LONG,Ret_72,229,169,1.3433,1.5108
willr_89_sft >= -20.964468|cci_21_sft <= 147.514725,LONG,Ret_72,289,205,1.3001,1.4654
cci_24_sft >= 147.996594|willr_89_sft >= -47.90955|hour_sft <= 18.0,LONG,Ret_96,266,181,1.2787,1.4939
willr_24_sft >= -10.246335|willr_8_sft >= -73.652382,LONG,Ret_96,318,212,1.2861,1.4019
stoch_34_sft >= 77.567905|stoch_13_sft >= 28.17095|willr_5_sft <= -87.301361,LONG,Ret_72,211,152,1.3422,1.2972
willr_24_sft >= -10.246335|cci_89_sft <= Close_sft|willr_55_sft <= Close_sft,LONG,Ret_96,318,212,1.2861,1.4019
willr_8_sft <= -48.025597|stoch_48_sft >= 78.212299|willr_34_sft <= 4.07,LONG,Ret_72,301,208,1.298,1.486
willr_24_sft >= -10.246335|willr_200_sft <= 2.36,LONG,Ret_96,318,212,1.2861,1.4019
willr_55_sft >= -9.120182|willr_200_sft <= -8.143376,LONG,Ret_72,220,134,1.2508,1.2211
willr_13_sft <= -47.851532|stoch_48_sft >= 78.212299,LONG,Ret_72,256,190,1.2829,1.5803
cci_8_sft <= 135.660733|willr_55_sft >= -21.370929|stoch_5_sft <= Close_sft,LONG,Ret_72,348,241,1.2719,1.489
willr_48_sft >= -2.08|stoch_13_sft <= Close_sft,LONG,Ret_48,227,179,1.3426,1.1047
willr_144_sft >= -88.512123|willr_48_sft >= -87.629999|willr_120_sft >= -6.82,LONG,Ret_72,211,156,1.2619,1.4737
stoch_21_sft >= 87.931494|willr_34_sft <= -2.99,LONG,Ret_96,285,201,1.2625,1.3788
willr_144_sft >= -7.5|willr_21_sft >= -86.620166,LONG,Ret_72,205,151,1.2658,1.4751
cci_13_sft >= 87.3848|willr_89_sft >= -20.964468|cci_24_sft <= 147.996594,LONG,Ret_96,219,155,1.4072,1.7519
stoch_89_sft >= 78.79277|cci_48_sft <= 149.45737,LONG,Ret_72,278,198,1.2685,1.3904
stoch_120_sft >= 53.260605|hour_sft >= 18.0|cci_34_sft >= 88.784065,LONG,Ret_48,347,227,1.2511,1.5582
willr_24_sft >= -9.94|willr_144_sft <= Close_sft,LONG,Ret_96,315,211,1.2808,1.3917
willr_24_sft >= -10.246335|stoch_13_sft >= 75.253738,LONG,Ret_96,307,206,1.26,1.2676
willr_55_sft >= -21.370929|cci_13_sft >= 3.862034|cci_5_sft <= 4.213535,LONG,Ret_72,275,189,1.263,1.3454
cci_200_sft <= 96.296295|cci_48_sft >= -5.19,LONG,Ret_96,332,212,1.2627,1.3765
stoch_120_sft >= 25.286335|willr_21_sft >= -7.85,LONG,Ret_96,300,200,1.287,1.4836
willr_24_sft >= -7.63|cci_55_sft <= Close_sft,LONG,Ret_96,304,202,1.3362,1.262
stoch_48_sft >= 89.911131|willr_13_sft <= -9.54|willr_34_sft >= -9.820296,LONG,Ret_48,251,184,1.2602,1.5775
willr_24_sft >= -7.64|willr_55_sft <= Close_sft,LONG,Ret_96,304,202,1.3361,1.262
stoch_144_sft >= 53.37355|hour_sft >= 18.0|cci_48_sft >= 9.79,LONG,Ret_72,307,203,1.3131,1.6373
hour_sft >= 21.0|cci_24_sft >= 3.3|cci_5_sft <= Close_sft,LONG,Ret_96,298,195,1.5005,1.3446
willr_5_sft >= -3.03,LONG,Ret_96,273,201,1.4003,1.3562
stoch_24_sft >= 88.371309|hour_sft >= 18.0|dow_sft >= -1.67,LONG,Ret_96,200,148,1.4429,1.5084
willr_5_sft >= -3.61|willr_200_sft >= -73.594006,LONG,Ret_96,269,188,1.3452,1.5343
stoch_24_sft >= 88.371309|willr_5_sft >= -11.066111,LONG,Ret_48,340,245,1.3219,1.2977
willr_34_sft >= -1.86|cci_13_sft <= Close_sft|stoch_34_sft >= -5.35,LONG,Ret_48,234,188,1.3927,1.1819
cci_5_sft <= 85.088097|willr_120_sft >= -20.933372,LONG,Ret_72,266,190,1.3939,1.4968
cci_48_sft >= -140.018719|willr_13_sft >= -1.66,LONG,Ret_48,253,198,1.2897,1.1248
cci_13_sft >= -81.587856|willr_24_sft >= -22.44638|willr_21_sft >= -10.353555,LONG,Ret_96,323,214,1.2745,1.3978
willr_48_sft >= -9.370427|willr_144_sft <= -4.1|stoch_48_sft <= 89.911131,LONG,Ret_72,259,173,1.3169,1.2643
cci_8_sft <= 86.080036|stoch_55_sft >= 90.256581,LONG,Ret_96,207,147,1.2925,1.5576
stoch_48_sft >= 89.911131|cci_21_sft <= 147.514725,LONG,Ret_72,241,173,1.4109,1.7337
willr_24_sft >= -10.246335|cci_144_sft <= Close_sft|stoch_5_sft >= 31.54893,LONG,Ret_96,318,212,1.2861,1.4019
willr_24_sft >= -2.36|willr_13_sft <= 0.25,LONG,Ret_48,276,212,1.3238,1.1756
willr_8_sft <= -10.769713|willr_48_sft >= -9.370427,LONG,Ret_96,229,161,1.2735,1.9256
stoch_55_sft >= 78.353447|willr_24_sft >= -73.549549|cci_48_sft <= 88.992592,LONG,Ret_72,251,174,1.3418,1.4998
willr_120_sft >= -7.26,LONG,Ret_72,214,156,1.2705,1.5075
cci_200_sft >= -137.885281|stoch_5_sft >= 51.247913|willr_24_sft >= -9.04,LONG,Ret_96,307,207,1.2908,1.4474
dow_sft >= 4.0|willr_144_sft >= -46.708836,LONG,Ret_48,277,178,1.3037,1.2059
stoch_89_sft >= 78.79277|hour_sft >= 18.0|willr_34_sft <= -9.820296,LONG,Ret_96,201,137,1.2778,1.4137
cci_13_sft >= -81.587856|willr_34_sft >= -1.61|cci_21_sft >= -140.709915,LONG,Ret_48,216,172,1.3482,1.2873
cci_24_sft <= -2.24|stoch_144_sft >= 2.96|cci_55_sft >= 6.11,LONG,Ret_96,279,191,1.3057,1.3584
willr_48_sft >= -9.370427|cci_5_sft <= 85.088097|stoch_8_sft <= 85.06998,LONG,Ret_72,200,140,1.2688,1.6646
willr_120_sft >= -20.933372|cci_5_sft >= 85.088097|cci_24_sft >= 147.996594,LONG,Ret_72,236,168,1.2814,1.4174
cci_8_sft <= 7.06|cci_55_sft >= 90.122112|willr_144_sft >= -46.708836,LONG,Ret_72,239,168,1.3387,1.4979
cci_55_sft >= 90.122112|hour_sft >= 21.0,LONG,Ret_96,220,156,1.5151,1.3489
stoch_13_sft >= 28.17095|stoch_144_sft >= 78.792278|cci_5_sft <= 85.088097,LONG,Ret_72,264,184,1.2759,1.5841
stoch_89_sft >= 78.79277|cci_13_sft <= -3.08|stoch_5_sft <= Close_sft,LONG,Ret_48,266,195,1.2651,1.4336
willr_24_sft >= -10.246335|cci_120_sft >= -78.925987,LONG,Ret_96,312,209,1.3024,1.5774
willr_55_sft <= -87.779292|stoch_8_sft <= 17.346303,LONG,Ret_96,223,147,1.2572,1.4925
willr_13_sft <= -10.574783|stoch_89_sft >= 91.019492,LONG,Ret_48,256,195,1.332,1.2696
cci_13_sft <= 2.33|willr_55_sft >= -21.370929,LONG,Ret_48,233,179,1.4226,1.4076
cci_8_sft <= 86.080036|stoch_24_sft >= 88.371309,LONG,Ret_96,247,167,1.2648,1.4013
willr_13_sft <= -86.712366|cci_55_sft >= -81.256191,LONG,Ret_96,302,191,1.2767,1.3577
willr_8_sft <= -86.997574|cci_120_sft >= -139.774255|cci_24_sft >= 2.04,LONG,Ret_96,229,154,1.2664,1.0655
cci_55_sft >= 90.122112|stoch_48_sft >= 78.212299|dow_sft >= 4.0,LONG,Ret_72,237,164,1.2855,1.1967
cci_21_sft >= -80.637592|willr_24_sft >= -10.246335|cci_55_sft >= -139.803851,LONG,Ret_96,318,212,1.2861,1.4019
willr_48_sft >= -2.26,LONG,Ret_48,237,185,1.2785,1.0594
hour_sft >= 18.0|willr_55_sft >= -9.120182,LONG,Ret_48,230,169,1.5354,1.527
willr_24_sft <= -73.549549|cci_55_sft >= -4.1,LONG,Ret_96,210,150,1.2533,1.6046
stoch_48_sft >= 78.212299|stoch_55_sft >= -0.92|stoch_13_sft <= 75.253738,LONG,Ret_72,306,215,1.273,1.5213
willr_144_sft <= -74.629684|cci_89_sft >= -142.344937,LONG,Ret_96,207,125,1.2908,1.2375
willr_48_sft >= -21.491477|willr_5_sft <= -48.3848,LONG,Ret_72,290,195,1.2574,1.4033
hour_sft >= 5.41|willr_55_sft >= -9.120182,LONG,Ret_48,357,263,1.2667,1.2521
hour_sft >= 21.0|cci_55_sft >= -4.15,LONG,Ret_72,353,231,1.276,1.2513
cci_89_sft >= -80.669346|willr_24_sft >= -10.246335,LONG,Ret_96,318,212,1.2694,1.4018
stoch_89_sft >= 78.79277|hour_sft >= 12.0|willr_89_sft <= Close_sft,LONG,Ret_96,236,161,1.276,1.822
willr_21_sft >= -2.06,LONG,Ret_48,261,217,1.2607,1.0589
willr_200_sft <= Close_sft|willr_120_sft >= -7.15|willr_200_sft <= Close_sft,LONG,Ret_72,213,156,1.2836,1.4885
willr_8_sft >= -2.15|willr_34_sft >= -22.086793,LONG,Ret_48,221,183,1.2865,1.1439
cci_8_sft <= Close_sft|cci_24_sft <= Close_sft|willr_13_sft >= -1.36,LONG,Ret_48,216,183,1.2862,0.9925
stoch_8_sft >= -8.39|willr_13_sft >= -2.75|stoch_21_sft <= Close_sft,LONG,Ret_48,327,269,1.3352,1.1246
willr_24_sft >= -10.246335|willr_13_sft >= -10.574783,LONG,Ret_96,307,205,1.3053,1.331
willr_24_sft >= -6.17|willr_13_sft >= -2.77,LONG,Ret_48,265,214,1.3648,1.239
cci_24_sft >= -9.12|hour_sft >= 21.0,LONG,Ret_96,305,199,1.3421,1.3197
willr_89_sft >= -8.693633|hour_sft >= 12.0,LONG,Ret_72,226,167,1.3067,1.311
hour_sft >= 18.0|willr_24_sft >= -10.246335|willr_120_sft >= -46.861408,LONG,Ret_48,263,179,1.2526,1.4617
willr_5_sft >= -7.51|willr_5_sft >= -2.99|cci_34_sft >= 88.784065,LONG,Ret_72,224,167,1.2753,1.2142
willr_5_sft >= -2.7,LONG,Ret_96,263,188,1.2834,1.3384
willr_24_sft <= Close_sft|cci_13_sft <= -7.02|stoch_5_sft >= 70.960163,LONG,Ret_96,217,140,1.2524,1.2359
cci_34_sft >= 7.54|stoch_48_sft <= 89.911131|cci_21_sft <= 3.62,LONG,Ret_96,298,199,1.3051,1.4424
willr_48_sft >= -21.491477|willr_89_sft <= Close_sft|stoch_8_sft <= 51.812485,LONG,Ret_72,264,183,1.3872,1.763
cci_89_sft >= -80.669346|willr_13_sft >= -73.803139|stoch_5_sft <= 19.329134,LONG,Ret_96,213,142,1.3602,1.1817
willr_24_sft <= -10.246335|willr_55_sft >= -9.120182,LONG,Ret_48,226,171,1.3843,1.2748
willr_21_sft >= -73.610996|hour_sft >= 21.0|willr_89_sft <= -47.90955,LONG,Ret_72,272,165,1.312,1.1648
cci_89_sft <= 151.437155|cci_8_sft <= -81.673649|stoch_5_sft <= 9.07,LONG,Ret_72,208,149,1.2902,1.3804
willr_34_sft >= -9.41,LONG,Ret_96,293,195,1.2618,1.6042
willr_24_sft >= -10.246335|willr_13_sft <= Close_sft,LONG,Ret_96,318,212,1.2861,1.4019
cci_21_sft >= -2.74|hour_sft >= 21.0,LONG,Ret_96,303,198,1.3213,1.2954
cci_13_sft <= 3.862034|stoch_24_sft >= 76.799507,LONG,Ret_72,223,160,1.2655,1.3046
willr_24_sft <= -4.47|cci_200_sft <= 13.842159|stoch_13_sft <= 9.76,LONG,Ret_72,215,144,1.3034,1.33
cci_144_sft >= 94.331154|stoch_8_sft >= 73.685162,LONG,Ret_72,252,180,1.314,1.5222
stoch_24_sft >= 52.352547|stoch_21_sft >= 27.418021|willr_24_sft >= -10.246335,LONG,Ret_96,316,212,1.2981,1.3872
willr_120_sft >= -20.933372|willr_8_sft <= -10.769713,LONG,Ret_72,280,200,1.2636,1.4716
willr_13_sft >= -22.987964|willr_24_sft >= -2.51|cci_21_sft >= 4.947041,LONG,Ret_48,288,218,1.2649,1.1841
stoch_48_sft >= 89.911131|stoch_5_sft <= 82.694817,LONG,Ret_96,222,149,1.2742,2.1709
willr_34_sft >= -1.64|willr_48_sft >= -74.011829,LONG,Ret_48,221,176,1.3932,1.2939
stoch_48_sft <= 78.212299|willr_89_sft >= -20.964468,LONG,Ret_96,218,146,1.2948,1.7617
willr_21_sft <= Close_sft|willr_8_sft >= -7.85|stoch_5_sft <= 70.960163,LONG,Ret_48,272,227,1.2831,1.4898
cci_5_sft <= 85.088097|willr_55_sft <= -0.64|stoch_120_sft >= 78.952785,LONG,Ret_72,272,193,1.2881,1.5008
stoch_8_sft <= 85.06998|stoch_55_sft >= 90.256581,LONG,Ret_96,200,145,1.2556,1.8932
cci_13_sft <= 3.862034|willr_55_sft >= -21.370929,LONG,Ret_48,235,181,1.3845,1.3573
stoch_8_sft >= 85.06998|willr_48_sft <= -21.491477|stoch_21_sft >= 76.412769,LONG,Ret_96,202,118,1.2743,1.5481
willr_13_sft >= -3.58|cci_48_sft <= 149.45737,LONG,Ret_72,266,205,1.3911,1.4112
dow_sft >= 1.0|willr_5_sft >= -3.18,LONG,Ret_96,281,205,1.3731,1.3226
willr_24_sft >= -22.44638|hour_sft >= 18.0,LONG,Ret_96,288,186,1.2665,1.4612
willr_89_sft >= -20.964468|cci_24_sft <= 147.996594,LONG,Ret_72,289,203,1.2752,1.4675
willr_5_sft <= -11.066111|willr_120_sft >= -20.933372,LONG,Ret_72,281,202,1.279,1.4245
willr_48_sft >= -2.11,LONG,Ret_48,229,180,1.3475,1.0765
willr_21_sft <= Close_sft|cci_21_sft <= 88.019604|willr_48_sft >= -21.491477,LONG,Ret_72,308,214,1.2973,1.429
dow_sft >= 2.0|willr_21_sft >= -10.353555,LONG,Ret_96,315,210,1.2638,1.2852
hour_sft <= Close_sft|willr_13_sft >= -73.803139|willr_24_sft >= -10.246335,LONG,Ret_96,318,212,1.2861,1.4019
stoch_5_sft >= 82.694817|hour_sft >= 18.0|cci_24_sft >= 4.962039,LONG,Ret_72,266,184,1.2681,1.4435
willr_21_sft >= -10.353555|stoch_34_sft >= 52.578186,LONG,Ret_96,316,211,1.2794,1.3808
willr_48_sft >= -9.370427|willr_144_sft <= -8.323804,LONG,Ret_72,223,137,1.3142,1.2464
willr_5_sft >= -3.91|willr_200_sft <= -5.54,LONG,Ret_96,281,198,1.2699,1.5348
willr_13_sft <= 9.07|stoch_144_sft >= 11.597828|willr_24_sft >= -8.58,LONG,Ret_96,306,208,1.3128,1.3289
willr_24_sft >= -8.51|cci_8_sft >= -5.87,LONG,Ret_96,306,208,1.3356,1.3091
willr_144_sft >= -7.43,LONG,Ret_72,204,151,1.2866,1.4601
dow_sft >= 2.0|willr_8_sft >= -2.0,LONG,Ret_72,235,182,1.3207,1.0486
cci_144_sft >= 94.331154|willr_13_sft >= -9.88,LONG,Ret_72,237,163,1.262,1.4084
willr_8_sft >= -1.64|stoch_8_sft >= 9.86,LONG,Ret_72,233,181,1.2629,1.1596
dow_sft >= 4.0|cci_200_sft >= -3.8,LONG,Ret_48,269,178,1.2564,1.1342
willr_5_sft >= -24.065987|willr_89_sft >= -8.693633,LONG,Ret_72,246,178,1.282,1.2864
willr_24_sft >= -10.246335|cci_55_sft <= Close_sft,LONG,Ret_96,318,212,1.2861,1.4019
cci_8_sft <= 6.01|stoch_55_sft >= 78.353447,LONG,Ret_72,281,197,1.2827,1.5236
willr_24_sft >= -9.16|willr_5_sft <= 9.33,LONG,Ret_96,310,209,1.2804,1.4028
willr_144_sft <= 7.09|willr_24_sft >= -10.246335,LONG,Ret_96,318,212,1.2861,1.4019
willr_24_sft >= -10.246335|cci_34_sft <= Close_sft,LONG,Ret_96,318,212,1.2861,1.4019
stoch_48_sft >= 13.04039|willr_24_sft >= -10.246335,LONG,Ret_96,318,212,1.2861,1.4019
willr_24_sft >= -10.246335|willr_21_sft >= -47.765285,LONG,Ret_96,318,212,1.2861,1.4019
willr_24_sft >= -10.246335|willr_200_sft <= Close_sft,LONG,Ret_96,318,212,1.2861,1.4019
stoch_21_sft <= Close_sft|willr_24_sft >= -10.246335,LONG,Ret_96,318,212,1.2861,1.4019
stoch_21_sft >= 76.412769|willr_55_sft >= -2.12|cci_5_sft <= Close_sft,LONG,Ret_48,216,177,1.28,1.1334
cci_200_sft <= -8.66|cci_89_sft >= -80.669346|willr_144_sft >= -88.512123,LONG,Ret_96,236,141,1.3433,1.1932
willr_24_sft >= -7.79|dow_sft <= 4.0,LONG,Ret_96,289,193,1.3198,1.3226
cci_200_sft >= 13.842159|dow_sft >= 4.0,LONG,Ret_48,258,170,1.3433,1.2919
cci_24_sft <= -6.3|cci_55_sft >= 8.55,LONG,Ret_96,274,185,1.3357,1.4092
stoch_34_sft >= 89.12438|willr_55_sft >= -9.17|willr_13_sft >= -22.987964,LONG,Ret_48,310,230,1.2789,1.3556
cci_34_sft >= 88.784065|willr_55_sft >= -47.785381,LONG,Ret_96,335,213,1.2541,1.6194
willr_24_sft >= -10.246335|willr_8_sft <= Close_sft,LONG,Ret_96,318,212,1.2861,1.4019
willr_8_sft <= -10.769713|willr_89_sft >= -8.693633,LONG,Ret_48,262,190,1.3647,1.5995
dow_sft >= 3.05|cci_144_sft >= 7.91,LONG,Ret_48,275,182,1.3258,1.2152
stoch_48_sft <= 26.389151|willr_5_sft >= -11.066111,LONG,Ret_96,203,127,1.2548,1.6855
cci_24_sft >= 4.962039|cci_21_sft <= 2.79,LONG,Ret_96,236,160,1.279,1.447
willr_89_sft >= -20.964468|willr_5_sft >= -11.066111|willr_13_sft <= -5.26,LONG,Ret_72,228,167,1.3056,1.3251
cci_55_sft >= -81.256191|cci_48_sft <= -81.041885|cci_48_sft <= 149.45737,LONG,Ret_72,218,141,1.2688,1.1278
willr_5_sft <= 8.72|willr_5_sft >= -5.74,LONG,Ret_96,335,229,1.2639,1.5642
willr_144_sft >= -21.067403|cci_21_sft <= 147.514725,LONG,Ret_72,264,184,1.2668,1.6588
willr_24_sft >= -22.44638|willr_21_sft >= -10.353555,LONG,Ret_96,323,214,1.2745,1.3978
stoch_55_sft >= 52.002857|cci_200_sft >= 13.842159,LONG,Ret_96,276,185,1.2647,1.825
cci_144_sft >= 10.995758|willr_24_sft >= -10.246335,LONG,Ret_72,314,210,1.3172,1.4752
stoch_13_sft <= Close_sft|dow_sft >= 4.0|stoch_55_sft >= 78.353447,LONG,Ret_72,233,167,1.2986,1.222
willr_24_sft >= -7.48,LONG,Ret_96,301,201,1.3794,1.2548
cci_200_sft >= -76.762646|stoch_8_sft >= 85.06998,LONG,Ret_96,307,210,1.2689,1.4182
stoch_21_sft >= -2.04|willr_21_sft >= -7.52,LONG,Ret_96,307,211,1.2747,1.1947
stoch_34_sft >= 26.853738|willr_24_sft >= -10.246335,LONG,Ret_96,318,212,1.2804,1.4019
willr_5_sft >= -24.065987|stoch_89_sft >= 78.79277,LONG,Ret_96,232,161,1.2583,1.8282
willr_144_sft <= -8.323804|willr_48_sft >= -9.370427,LONG,Ret_72,223,137,1.3142,1.2464
cci_13_sft <= 141.797266|cci_34_sft >= 88.784065|cci_144_sft >= 94.331154,LONG,Ret_72,246,169,1.3914,1.5885
willr_24_sft >= -10.246335|dow_sft <= 4.0,LONG,Ret_96,303,199,1.2728,1.4581
stoch_34_sft <= 89.12438|willr_34_sft >= -8.68|stoch_200_sft >= 11.452757,LONG,Ret_96,266,178,1.278,1.6331
willr_13_sft <= -10.574783|cci_144_sft >= 94.331154|cci_13_sft >= 87.3848,LONG,Ret_72,253,173,1.2643,1.5279
stoch_34_sft >= 7.5|stoch_200_sft <= 53.92704|hour_sft <= 6.0,LONG,Ret_96,267,154,1.2631,1.1644
stoch_89_sft >= 78.79277|cci_5_sft >= 124.421092,LONG,Ret_96,208,149,1.326,1.7424
stoch_8_sft <= 29.39655|willr_48_sft >= -47.676697,LONG,Ret_72,337,220,1.3374,1.2991
willr_120_sft >= -7.26|stoch_144_sft >= 78.792278,LONG,Ret_72,205,152,1.2566,1.45
cci_13_sft <= 141.797266|stoch_48_sft >= 89.911131,LONG,Ret_72,259,184,1.3376,1.7261
stoch_89_sft <= 78.79277|willr_55_sft >= -21.370929,LONG,Ret_72,289,188,1.2849,1.4789
stoch_5_sft >= -4.88|willr_13_sft >= -3.11,LONG,Ret_48,358,280,1.2541,1.1947
stoch_48_sft >= 78.212299|dow_sft >= 4.0,LONG,Ret_72,251,175,1.2532,1.2842
stoch_48_sft >= 8.75|willr_24_sft >= -10.246335,LONG,Ret_96,318,212,1.2861,1.4019
willr_5_sft >= -1.6|cci_5_sft >= 6.22|cci_89_sft >= -142.344937,LONG,Ret_72,238,176,1.2961,1.2265
stoch_13_sft <= 86.61523|willr_5_sft >= -4.54,LONG,Ret_72,352,253,1.3503,1.2578
willr_24_sft >= -9.88,LONG,Ret_96,315,210,1.2678,1.4018
willr_48_sft >= -21.491477|dow_sft >= 2.0|cci_89_sft <= Close_sft,LONG,Ret_96,299,201,1.2817,1.3796
cci_5_sft >= -81.500599|willr_5_sft <= -87.301361,LONG,Ret_96,234,152,1.3317,1.4599
willr_24_sft >= -9.06,LONG,Ret_96,309,208,1.2978,1.391
cci_200_sft >= -137.885281|willr_24_sft >= -10.246335,LONG,Ret_96,317,212,1.2894,1.4055
stoch_24_sft <= Close_sft|willr_120_sft >= -6.84,LONG,Ret_72,211,156,1.2672,1.4737
dow_sft >= 1.0|willr_24_sft >= -10.246335,LONG,Ret_96,318,212,1.2861,1.4019
cci_48_sft <= 149.45737|stoch_48_sft >= 89.911131|stoch_48_sft >= 26.389151,LONG,Ret_72,211,152,1.517,1.5942
hour_sft >= 18.0|willr_5_sft >= -24.065987,LONG,Ret_96,311,206,1.3107,1.3542
cci_48_sft >= 4.25|willr_21_sft <= -73.610996,LONG,Ret_96,214,136,1.2985,1.6591
willr_34_sft >= -87.072878|cci_24_sft >= -80.498276|willr_24_sft >= -10.246335,LONG,Ret_96,318,212,1.2861,1.4019
willr_5_sft >= -2.38,LONG,Ret_96,250,183,1.2881,1.2793
cci_55_sft <= 90.122112|stoch_55_sft >= 78.353447,LONG,Ret_72,248,172,1.2654,1.57
cci_48_sft >= 88.992592|hour_sft >= 21.0,LONG,Ret_72,267,183,1.341,1.2903
willr_24_sft >= -9.03,LONG,Ret_96,308,208,1.306,1.3906
stoch_8_sft <= 73.685162|willr_89_sft >= -20.964468,LONG,Ret_48,359,254,1.2664,1.3716
willr_24_sft >= -10.246335|willr_55_sft >= -87.779292|willr_8_sft >= -86.997574,LONG,Ret_96,318,212,1.2861,1.4019
willr_5_sft >= -2.98|willr_200_sft <= 1.45,LONG,Ret_96,272,197,1.4136,1.3912
willr_89_sft <= Close_sft|willr_24_sft >= -10.246335,LONG,Ret_96,318,212,1.2861,1.4019
willr_34_sft >= -9.820296|cci_48_sft <= Close_sft|dow_sft <= 3.0,LONG,Ret_96,259,171,1.2845,1.8355
willr_13_sft >= -1.82|willr_55_sft <= 1.03,LONG,Ret_48,268,209,1.2835,1.2717
stoch_34_sft >= 52.578186|willr_24_sft >= -10.246335,LONG,Ret_96,310,210,1.2575,1.4301
willr_24_sft >= -47.670113|dow_sft >= -5.91|dow_sft >= 4.0,LONG,Ret_96,354,228,1.2966,1.2614
cci_48_sft <= 6.552284|stoch_48_sft <= 13.04039|willr_144_sft >= -88.512123,LONG,Ret_96,210,135,1.2779,1.7842
stoch_48_sft >= 89.911131|willr_5_sft >= -9.78,LONG,Ret_96,200,144,1.3264,1.9752
cci_34_sft >= -3.9|stoch_5_sft <= 19.329134|cci_13_sft >= -138.407813,LONG,Ret_96,200,139,1.3773,1.1014
hour_sft >= 21.0|willr_13_sft >= -22.987964,LONG,Ret_72,280,187,1.4207,1.3651
willr_34_sft >= -2.69|willr_200_sft >= -46.133034|cci_34_sft <= Close_sft,LONG,Ret_48,233,181,1.2603,1.3053
willr_13_sft >= -10.574783|cci_24_sft >= 88.543152|stoch_89_sft >= -6.18,LONG,Ret_96,324,212,1.2819,1.5043
stoch_55_sft >= 78.353447|hour_sft >= 21.0,LONG,Ret_96,201,142,1.4642,1.6553
hour_sft >= 18.0|willr_48_sft >= -21.491477,LONG,Ret_72,289,196,1.4041,1.9403
stoch_55_sft >= 90.256581|stoch_21_sft <= 87.931494,LONG,Ret_48,224,158,1.3268,1.4737
stoch_48_sft >= 78.212299|stoch_5_sft <= 51.247913,LONG,Ret_72,287,198,1.2535,1.5292
willr_48_sft >= -9.370427|hour_sft >= 18.0,LONG,Ret_72,206,154,1.4787,1.2753
willr_144_sft <= -8.323804|willr_21_sft >= -10.353555|cci_48_sft >= 88.992592,LONG,Ret_72,260,158,1.2981,1.5982
willr_24_sft >= -2.01,LONG,Ret_48,250,200,1.3473,1.1062
willr_24_sft >= -10.246335|cci_5_sft >= 4.213535,LONG,Ret_96,318,212,1.2835,1.4008
stoch_8_sft <= 17.346303|willr_55_sft <= -87.779292,LONG,Ret_96,223,147,1.2572,1.4925
willr_48_sft >= -21.491477|stoch_8_sft <= 51.812485,LONG,Ret_72,264,183,1.3872,1.763
willr_24_sft >= -9.1|cci_5_sft <= Close_sft,LONG,Ret_96,310,208,1.2926,1.4105
willr_24_sft <= -10.246335|cci_48_sft >= 88.992592|cci_5_sft <= -81.500599,LONG,Ret_72,270,190,1.2619,1.1863
willr_24_sft >= -10.246335|stoch_55_sft >= 12.843636|cci_34_sft >= -81.230389,LONG,Ret_96,318,212,1.2861,1.4019
stoch_8_sft <= 73.685162|willr_89_sft >= -8.693633,LONG,Ret_48,234,169,1.3274,1.2906
stoch_24_sft <= Close_sft|willr_48_sft >= -2.28,LONG,Ret_48,239,185,1.2655,1.0621
willr_48_sft >= -47.676697|willr_8_sft >= -8.29,LONG,Ret_96,313,208,1.2555,1.4035
stoch_34_sft <= Close_sft|willr_24_sft >= -9.87,LONG,Ret_96,315,210,1.2678,1.4018
willr_5_sft >= -3.42,LONG,Ret_96,291,207,1.3865,1.4045
willr_24_sft >= -8.06,LONG,Ret_96,306,203,1.301,1.2846
willr_24_sft >= -6.85,LONG,Ret_96,298,199,1.3067,1.1939
willr_13_sft >= -1.57|stoch_48_sft >= -0.06,LONG,Ret_48,242,194,1.282,1.1241
willr_8_sft <= -86.997574|cci_24_sft >= 4.962039,LONG,Ret_96,226,149,1.2689,1.0773
dow_sft >= 4.0|willr_48_sft >= -47.676697,LONG,Ret_72,334,218,1.2674,1.1702
willr_55_sft >= -9.120182|willr_8_sft <= -10.769713,LONG,Ret_48,296,222,1.2987,1.5595
cci_13_sft >= 141.797266|stoch_89_sft >= 78.79277,LONG,Ret_96,218,151,1.2528,1.8079
dow_sft <= 3.0|willr_8_sft <= -5.93|willr_34_sft >= -9.820296,LONG,Ret_96,244,163,1.3625,1.9332
willr_24_sft >= -22.44638|stoch_24_sft >= 76.799507|hour_sft >= 21.0,LONG,Ret_96,226,151,1.4594,1.671
willr_144_sft <= -46.708836|cci_13_sft >= 141.797266|hour_sft >= 6.0,LONG,Ret_48,285,173,1.2685,0.8536
cci_21_sft <= -80.637592|willr_120_sft >= -88.436961|stoch_8_sft >= 29.39655,LONG,Ret_96,331,192,1.2823,1.2016
willr_48_sft >= -1.89|stoch_48_sft >= 52.216015,LONG,Ret_48,220,172,1.3588,1.1297
cci_21_sft >= 147.514725|willr_144_sft >= -21.067403,LONG,Ret_72,234,166,1.2647,1.5248
stoch_5_sft <= 8.51,LONG,Ret_48,221,167,1.2583,0.9585
willr_21_sft >= -7.24,LONG,Ret_96,305,210,1.2692,1.1783
stoch_34_sft >= 52.578186|willr_13_sft >= -10.574783,LONG,Ret_96,320,216,1.3067,1.4611
willr_24_sft >= -10.246335|stoch_120_sft >= 0.76,LONG,Ret_96,318,212,1.2861,1.4019
stoch_13_sft >= 75.253738|willr_144_sft >= -8.323804,LONG,Ret_72,203,148,1.2902,1.3812
stoch_8_sft <= 85.06998|willr_48_sft >= -9.370427,LONG,Ret_96,249,169,1.2559,1.7292
cci_34_sft >= -81.230389|willr_24_sft >= -22.44638|willr_21_sft >= -10.353555,LONG,Ret_96,323,214,1.2745,1.3978
willr_24_sft >= -10.246335|willr_5_sft >= -48.3848,LONG,Ret_96,318,212,1.2861,1.4019
willr_24_sft >= -10.246335|cci_21_sft <= Close_sft,LONG,Ret_96,318,212,1.2861,1.4019
stoch_55_sft >= 90.256581|cci_89_sft >= 2.02|cci_34_sft <= 147.839603,LONG,Ret_48,247,184,1.2866,1.4038
cci_24_sft >= 88.543152|willr_89_sft >= -47.90955|hour_sft >= 18.0,LONG,Ret_96,252,171,1.2979,1.394
dow_sft >= 4.0|cci_34_sft >= -3.31,LONG,Ret_72,347,228,1.2774,1.1888
cci_8_sft <= Close_sft|willr_24_sft >= -10.246335,LONG,Ret_96,318,212,1.2861,1.4019
cci_8_sft >= -81.673649|willr_120_sft >= -6.71|willr_34_sft >= -47.338058,LONG,Ret_72,211,156,1.2582,1.4572
willr_21_sft >= -73.610996|willr_24_sft >= -10.246335|cci_8_sft >= 4.68363,LONG,Ret_96,318,212,1.2861,1.4019
willr_24_sft >= -10.246335|willr_48_sft >= -47.676697,LONG,Ret_96,309,205,1.2676,1.5277
stoch_48_sft <= 26.389151|stoch_89_sft <= 52.000851|stoch_5_sft >= 70.960163,LONG,Ret_72,214,136,1.2692,1.4802
dow_sft <= 3.08|cci_55_sft >= 90.122112|willr_34_sft >= -9.820296,LONG,Ret_96,236,158,1.3,1.7703
cci_21_sft >= 3.44|hour_sft <= 1.56,LONG,Ret_96,301,193,1.2649,1.3525
cci_5_sft <= -123.113646|stoch_89_sft >= 78.79277,LONG,Ret_48,263,185,1.2708,1.3118
willr_24_sft >= -7.34|dow_sft >= -6.32,LONG,Ret_96,300,201,1.3655,1.2171
hour_sft >= 6.0|willr_55_sft >= -9.120182,LONG,Ret_48,357,263,1.2667,1.2521
stoch_200_sft >= 11.452757|cci_24_sft >= -140.515881|willr_8_sft >= -1.66,LONG,Ret_72,229,174,1.2751,1.1246
stoch_55_sft <= 26.4082|stoch_5_sft >= 70.960163,LONG,Ret_48,263,161,1.3048,1.1396
cci_24_sft >= -80.498276|willr_5_sft >= -87.301361|willr_24_sft >= -8.32,LONG,Ret_96,306,208,1.3278,1.3037
cci_5_sft >= 85.088097|willr_144_sft >= -7.72,LONG,Ret_72,201,150,1.2684,1.3463
cci_24_sft <= 147.996594|stoch_48_sft >= 52.216015|willr_89_sft >= -8.693633,LONG,Ret_48,255,188,1.2543,1.5076
willr_5_sft <= -24.065987|cci_200_sft >= 13.842159|cci_13_sft >= 141.797266,LONG,Ret_72,222,146,1.2544,0.9854
cci_48_sft <= -81.041885|cci_55_sft >= -81.256191,LONG,Ret_72,218,141,1.2688,1.1278
stoch_13_sft >= 75.253738|stoch_144_sft >= 78.792278,LONG,Ret_72,242,175,1.3857,1.5888
cci_48_sft >= 6.552284|cci_24_sft <= -4.35|cci_120_sft <= 153.230298,LONG,Ret_96,282,191,1.2793,1.4414
cci_48_sft >= 9.24|willr_89_sft <= -20.964468|willr_5_sft >= -5.87,LONG,Ret_72,235,152,1.3832,1.243
hour_sft >= 18.0|stoch_34_sft >= 77.567905,LONG,Ret_72,300,204,1.2925,1.7305
willr_24_sft >= -10.246335|stoch_34_sft <= Close_sft|stoch_24_sft >= 2.62,LONG,Ret_96,318,212,1.2861,1.4019
stoch_5_sft <= 19.329134|hour_sft <= 3.0,LONG,Ret_72,202,116,1.3621,1.3835
cci_48_sft <= 149.45737|willr_13_sft >= -10.574783|stoch_89_sft >= 52.000851,LONG,Ret_96,235,169,1.2757,1.4442
cci_5_sft >= -1.4|stoch_144_sft >= 78.792278|willr_8_sft >= -86.997574,LONG,Ret_72,264,182,1.2665,1.568
dow_sft <= Close_sft|cci_21_sft <= 147.514725|willr_89_sft >= -8.693633,LONG,Ret_48,256,187,1.2626,1.6677
stoch_144_sft <= 25.448192|cci_89_sft >= -142.344937,LONG,Ret_96,208,117,1.253,1.293
stoch_144_sft >= 78.792278|cci_13_sft >= 3.862034|willr_5_sft <= -24.065987,LONG,Ret_72,253,178,1.2767,1.57
willr_200_sft >= -88.616528|willr_34_sft >= -2.31,LONG,Ret_48,264,202,1.318,1.2266
cci_34_sft >= 6.342597|willr_8_sft >= -10.769713,LONG,Ret_96,339,225,1.251,1.4762
willr_24_sft >= -8.7,LONG,Ret_96,306,208,1.3476,1.3276
cci_48_sft >= 6.552284|cci_24_sft <= 4.962039,LONG,Ret_96,293,196,1.3029,1.4496
cci_24_sft >= 88.543152|stoch_120_sft >= 11.689374|hour_sft >= 18.0,LONG,Ret_72,362,240,1.2903,1.42
willr_55_sft >= -9.120182|stoch_13_sft >= 86.61523,LONG,Ret_48,297,225,1.2596,1.2765
willr_24_sft >= -6.66,LONG,Ret_96,294,199,1.291,1.1704
cci_13_sft <= 141.797266|willr_89_sft >= -8.693633|willr_13_sft >= -73.803139,LONG,Ret_48,269,190,1.2742,1.4804
willr_13_sft >= -2.98,LONG,Ret_48,348,275,1.3217,1.1433
willr_48_sft >= -2.3,LONG,Ret_48,239,185,1.2693,1.0661
hour_sft >= 21.0|cci_24_sft <= Close_sft|cci_89_sft >= 6.709311,LONG,Ret_96,269,180,1.2584,1.6054
hour_sft <= 2.26|stoch_55_sft >= 52.002857,LONG,Ret_72,337,225,1.2983,1.3476
stoch_48_sft >= 13.04039|cci_144_sft >= 10.995758|dow_sft >= 3.77,LONG,Ret_48,272,181,1.3564,1.2477
stoch_24_sft >= 14.649273|willr_24_sft >= -10.246335,LONG,Ret_96,318,212,1.2861,1.4019
cci_13_sft >= -138.407813|cci_48_sft >= 6.552284|hour_sft >= 21.0,LONG,Ret_96,291,192,1.3504,1.4065
stoch_8_sft >= 7.67|willr_24_sft >= -2.13|stoch_8_sft >= 1.93,LONG,Ret_48,262,204,1.3953,1.1152
willr_55_sft >= -21.370929|willr_120_sft <= -20.933372,LONG,Ret_72,235,131,1.3879,1.4912
stoch_55_sft >= 90.256581|cci_8_sft <= 86.080036|willr_200_sft <= Close_sft,LONG,Ret_96,207,147,1.2925,1.5576
hour_sft >= 21.0|cci_13_sft >= 87.3848,LONG,Ret_72,258,186,1.2661,1.3667
stoch_13_sft >= 86.61523|dow_sft >= 4.0|cci_5_sft >= 85.088097,LONG,Ret_48,253,187,1.2786,0.9745
willr_55_sft >= -87.779292|cci_144_sft >= 8.87|willr_24_sft >= -10.246335,LONG,Ret_72,315,211,1.3232,1.5644
willr_34_sft >= -9.65|willr_13_sft >= -86.712366|cci_55_sft >= 0.23,LONG,Ret_96,291,195,1.2557,1.5539
willr_55_sft >= -47.785381|willr_13_sft >= -10.574783,LONG,Ret_96,311,208,1.4626,1.5413
willr_24_sft >= -6.83,LONG,Ret_96,297,199,1.2929,1.1939
willr_144_sft >= -21.067403|stoch_55_sft >= 52.002857|willr_13_sft >= -22.987964,LONG,Ret_72,260,187,1.2782,1.5438
willr_24_sft >= -6.97,LONG,Ret_96,298,200,1.2931,1.1905
stoch_144_sft >= 78.792278|willr_21_sft >= -22.603128|cci_120_sft >= 93.799591,LONG,Ret_72,233,167,1.252,1.4479
willr_120_sft <= -9.64|willr_48_sft >= -9.370427,LONG,Ret_72,208,131,1.359,1.2506
willr_34_sft >= -1.65,LONG,Ret_48,221,176,1.4002,1.2939
willr_8_sft <= -48.025597|willr_55_sft >= -21.370929,LONG,Ret_72,252,176,1.289,1.5425
cci_120_sft >= 9.197132|willr_24_sft >= -8.09,LONG,Ret_96,251,174,1.2567,1.6107
cci_5_sft >= 4.213535|cci_24_sft <= 88.543152|willr_55_sft >= -21.370929,LONG,Ret_72,266,185,1.3136,1.4647
willr_55_sft >= -8.57|cci_5_sft <= 85.088097,LONG,Ret_48,267,200,1.2687,1.4403
stoch_144_sft >= 78.792278|stoch_34_sft <= Close_sft|stoch_48_sft >= 78.212299,LONG,Ret_72,241,169,1.2813,1.6619
stoch_34_sft <= Close_sft|willr_21_sft >= -8.09|dow_sft >= 4.0,LONG,Ret_72,272,187,1.3805,1.2852
cci_120_sft >= -3.64|cci_144_sft <= 10.995758,LONG,Ret_72,201,113,1.3426,1.3448
willr_89_sft <= -8.693633|willr_48_sft >= -9.370427,LONG,Ret_72,217,141,1.3717,1.7012
willr_55_sft >= -8.6|willr_34_sft <= -6.07,LONG,Ret_72,262,190,1.3124,1.2936
willr_24_sft >= -10.246335|stoch_34_sft >= 52.578186,LONG,Ret_96,310,210,1.2575,1.4301
cci_144_sft >= 94.331154|cci_34_sft <= 147.839603,LONG,Ret_72,255,178,1.3023,1.4384
stoch_5_sft >= 5.8|willr_24_sft >= -10.246335|cci_24_sft >= 4.962039,LONG,Ret_96,318,212,1.2861,1.4019
willr_8_sft >= -9.61|willr_8_sft <= Close_sft|cci_48_sft >= 6.552284,LONG,Ret_96,320,209,1.2537,1.4187
cci_200_sft <= 158.465622|cci_89_sft >= 92.295536,LONG,Ret_72,301,205,1.2568,1.2356
willr_13_sft >= -86.712366|dow_sft >= 4.0|willr_89_sft >= -47.90955,LONG,Ret_72,294,198,1.2706,1.1925
willr_24_sft >= -10.246335|cci_5_sft >= -9.12,LONG,Ret_96,318,212,1.2861,1.4008
willr_5_sft >= -3.13,LONG,Ret_96,278,205,1.3892,1.3226
willr_144_sft >= -21.067403|stoch_120_sft >= 78.952785,LONG,Ret_72,261,180,1.2954,1.5022
cci_5_sft <= 85.088097|willr_120_sft >= -20.933372|willr_48_sft >= -47.676697,LONG,Ret_72,265,189,1.3479,1.4999
cci_8_sft >= 4.68363|stoch_89_sft <= Close_sft|willr_24_sft >= -10.246335,LONG,Ret_96,318,212,1.2861,1.4019
willr_5_sft >= -2.44,LONG,Ret_96,251,183,1.3117,1.2787
cci_200_sft <= 0.49|cci_200_sft <= 96.296295|cci_89_sft >= -80.669346,LONG,Ret_96,248,147,1.2975,1.1657
willr_5_sft >= -11.066111|stoch_55_sft >= 90.256581,LONG,Ret_48,264,200,1.2665,1.2599
cci_55_sft <= 149.44968|willr_13_sft <= -10.574783|willr_120_sft >= -20.933372,LONG,Ret_72,260,185,1.3244,1.482
willr_34_sft >= -22.086793|willr_55_sft >= -21.370929|willr_21_sft <= -22.603128,LONG,Ret_72,248,179,1.2843,1.3445
willr_144_sft >= -21.067403|stoch_5_sft >= -7.62|willr_48_sft >= -21.491477,LONG,Ret_72,260,181,1.2685,1.4421
cci_13_sft >= -138.407813|stoch_24_sft <= 76.799507|willr_5_sft >= -5.14,LONG,Ret_72,337,251,1.3234,1.1981
willr_13_sft >= -2.4|stoch_8_sft >= 17.346303,LONG,Ret_48,305,250,1.2722,1.1472
willr_24_sft >= -1.85|willr_89_sft <= 1.5,LONG,Ret_48,238,188,1.3596,1.1318
cci_55_sft >= -81.256191|willr_13_sft <= -86.712366,LONG,Ret_96,302,191,1.2767,1.3577
willr_8_sft <= -9.38|willr_48_sft >= -9.370427,LONG,Ret_72,274,194,1.3361,1.7172
willr_8_sft >= -10.769713|willr_34_sft >= -22.086793,LONG,Ret_96,301,200,1.2952,1.487
stoch_21_sft <= 76.412769|willr_48_sft >= -21.491477,LONG,Ret_72,318,222,1.2934,1.3719
willr_24_sft >= -10.246335|stoch_24_sft <= 88.371309,LONG,Ret_96,304,196,1.291,1.5067
stoch_48_sft >= 78.212299|cci_48_sft <= 88.992592|dow_sft <= 5.0,LONG,Ret_72,262,180,1.3486,1.7814
willr_120_sft >= -6.36,LONG,Ret_72,209,155,1.2751,1.3419
cci_48_sft >= -1.26|willr_13_sft >= -10.574783|cci_13_sft >= 5.12,LONG,Ret_96,322,213,1.3332,1.6033
cci_21_sft >= -140.709915|cci_48_sft >= 6.552284|stoch_144_sft >= 78.792278,LONG,Ret_72,264,185,1.2516,1.5332
willr_5_sft <= -87.301361|stoch_34_sft >= 77.567905|stoch_34_sft >= 26.853738,LONG,Ret_72,211,153,1.3474,1.2822
willr_5_sft <= Close_sft|stoch_55_sft >= 90.256581|cci_89_sft <= 151.437155,LONG,Ret_48,239,176,1.3038,1.5382
willr_13_sft >= -10.574783|stoch_48_sft >= 52.216015,LONG,Ret_96,305,207,1.2624,1.5126
willr_48_sft >= -7.57|cci_120_sft >= -7.55,LONG,Ret_96,242,173,1.2556,1.653
willr_55_sft <= -21.370929|cci_200_sft >= 7.26,LONG,Ret_96,276,181,1.2538,1.6618
cci_34_sft <= Close_sft|stoch_89_sft >= 52.000851|willr_24_sft >= -6.25,LONG,Ret_96,247,170,1.2539,1.4234
willr_5_sft >= -5.74|willr_24_sft <= -10.246335,LONG,Ret_72,342,246,1.292,1.517
willr_21_sft <= Close_sft|hour_sft >= 9.56|willr_48_sft >= -9.370427,LONG,Ret_96,243,172,1.3917,1.6491
willr_24_sft >= -10.246335|stoch_8_sft >= 51.812485,LONG,Ret_96,317,212,1.2918,1.3587
stoch_24_sft <= Close_sft|willr_55_sft >= -9.120182|willr_5_sft <= -11.066111,LONG,Ret_72,266,185,1.2547,1.6997
willr_24_sft >= -10.246335|willr_200_sft >= -88.616528,LONG,Ret_96,318,212,1.2861,1.4019
cci_55_sft >= 2.14|cci_24_sft <= -9.03,LONG,Ret_96,280,188,1.2678,1.4854
willr_48_sft >= -87.629999|hour_sft >= 18.0|willr_13_sft >= -10.574783,LONG,Ret_96,231,156,1.2855,1.6693
stoch_89_sft >= 78.79277|cci_5_sft <= -123.113646,LONG,Ret_48,263,185,1.2708,1.3118
willr_89_sft >= -20.964468|cci_8_sft <= Close_sft|cci_13_sft <= 87.3848,LONG,Ret_96,228,160,1.2674,1.6883
cci_5_sft >= -81.500599|willr_5_sft >= -3.85|stoch_21_sft >= 52.372257,LONG,Ret_96,263,183,1.2632,1.269
cci_13_sft <= 141.797266|cci_55_sft >= 149.44968|stoch_144_sft >= 78.792278,LONG,Ret_72,201,134,1.265,1.4871
cci_13_sft <= 141.797266|willr_24_sft >= -10.246335,LONG,Ret_96,280,185,1.2674,1.8859
willr_8_sft >= -10.769713|willr_24_sft >= -7.33|willr_13_sft >= -1.97,LONG,Ret_48,219,180,1.3402,1.3326
willr_24_sft >= -10.246335|willr_21_sft <= -9.85,LONG,Ret_72,203,143,1.2739,1.7229
stoch_144_sft >= 78.792278|willr_48_sft >= -21.491477,LONG,Ret_72,248,172,1.2614,1.4102
willr_24_sft >= -10.246335,LONG,Ret_96,318,212,1.2861,1.4019
willr_24_sft >= -10.246335|stoch_55_sft >= 12.843636,LONG,Ret_96,318,212,1.2861,1.4019
cci_21_sft <= 147.514725|willr_5_sft <= -87.301361|stoch_34_sft >= 77.567905,LONG,Ret_72,211,153,1.3474,1.2822
slope_55_sft <= 0.0022|aroon_24_sft >= 54.166668,SHORT,Ret_72,205,133,1.3023,0.8
slope_5_sft <= -0.196958|aroon_24_sft >= -0.71,SHORT,Ret_48,260,226,1.2506,0.7851
bbw_48_sft <= 0.021014|bbw_55_sft >= 0.02261,SHORT,Ret_72,203,150,1.2648,0.6529
cci_5_sft >= 4.213535|hour_sft >= 18.0|cci_55_sft <= -81.256191,SHORT,Ret_72,201,121,1.3042,0.5457
